user_id,source,service,date
17thsaint,github_search_repos.csv,github.com,2022-07-13
19giorgosts,github_search_users.csv,github.com,2022-07-13
4009509,github_search_users.csv,github.com,2022-07-13
73616e646572,profile_page_uu.csv,github.com,2022-07-13
a-quei,github_search_users.csv,github.com,2022-07-13
aadoek,github_search_users.csv,github.com,2022-07-13
afmika,github_search_repos.csv,github.com,2022-07-13
ajueling,github_search_repos.csv,github.com,2022-07-13
ajueling,github_search_users.csv,github.com,2022-07-13
akoreman,github_search_repos.csv,github.com,2022-07-13
alcorreia,github_search_repos.csv,github.com,2022-07-13
aldertzomer,github_search_users.csv,github.com,2022-07-13
aldewereld,github_search_users.csv,github.com,2022-07-13
alexkern1997,github_search_repos.csv,github.com,2022-07-13
alinedintino,github_search_users.csv,github.com,2022-07-13
allamaley,github_search_repos.csv,github.com,2022-07-13
altijd-youri,github_search_users.csv,github.com,2022-07-13
amices,pure.csv,github.com,2022-07-13
amirpliev,github_search_repos.csv,github.com,2022-07-13
amyvdham,github_search_repos.csv,github.com,2022-07-13
anastasiagiachanou,github_search_repos.csv,github.com,2022-07-13
andreas7t,github_search_users.csv,github.com,2022-07-13
andreassaka,github_search_repos.csv,github.com,2022-07-13
andriesbosma,github_search_users.csv,github.com,2022-07-13
annalenalamprecht,github_search_repos.csv,github.com,2022-07-13
annalenalamprecht,profile_page_uu.csv,github.com,2022-07-13
annavdkaaden,profile_page_uu.csv,github.com,2022-07-13
annawegmann,profile_page_uu.csv,github.com,2022-07-13
antoinedg,github_search_users.csv,github.com,2022-07-13
antonioreb,github_search_users.csv,github.com,2022-07-13
apdekker,github_search_repos.csv,github.com,2022-07-13
arccos390,github_search_users.csv,github.com,2022-07-13
arcogelderblom,github_search_repos.csv,github.com,2022-07-13
arjensimons,github_search_users.csv,github.com,2022-07-13
arnobastenhof,github_search_users.csv,github.com,2022-07-13
arnokamphuis,github_search_repos.csv,github.com,2022-07-13
aromanowski,profile_page_uu.csv,github.com,2022-07-13
arothuis-hu,github_search_repos.csv,github.com,2022-07-13
arthurb123,github_search_users.csv,github.com,2022-07-13
arthurderoode,github_search_users.csv,github.com,2022-07-13
aryenn,github_search_users.csv,github.com,2022-07-13
ashtonbro,github_search_repos.csv,github.com,2022-07-13
ashwinnicholasvangool,github_search_users.csv,github.com,2022-07-13
asreview,github_search_topic.csv,github.com,2022-07-13
asreview,profile_page_uu.csv,github.com,2022-07-13
astridhku,github_search_users.csv,github.com,2022-07-13
atharkes,github_search_users.csv,github.com,2022-07-13
awlassche,github_search_repos.csv,github.com,2022-07-13
azamatomu,github_search_users.csv,github.com,2022-07-13
bagelorb,github_search_repos.csv,github.com,2022-07-13
balintnegyesi,github_search_repos.csv,github.com,2022-07-13
bascoder,github_search_repos.csv,github.com,2022-07-13
bashar1aziz,github_search_users.csv,github.com,2022-07-13
baskellerhuis,github_search_repos.csv,github.com,2022-07-13
basm92,github_search_users.csv,github.com,2022-07-13
basmeesters,github_search_repos.csv,github.com,2022-07-13
bassaniriccardo,github_search_repos.csv,github.com,2022-07-13
bassaniriccardo,github_search_users.csv,github.com,2022-07-13
bassie-c,github_search_users.csv,github.com,2022-07-13
basterbogt,github_search_repos.csv,github.com,2022-07-13
bastiaansen,github_search_users.csv,github.com,2022-07-13
beerendhierck,github_search_users.csv,github.com,2022-07-13
beppemarnell,github_search_users.csv,github.com,2022-07-13
berg0138,github_search_repos.csv,github.com,2022-07-13
billjee,profile_page_uu.csv,github.com,2022-07-13
bjcs39,profile_page_uu.csv,github.com,2022-07-13
bjornkoemans,github_search_users.csv,github.com,2022-07-13
bjornwouters,github_search_repos.csv,github.com,2022-07-13
bmatern,github_search_users.csv,github.com,2022-07-13
boer0107,profile_page_uu.csv,github.com,2022-07-13
bokertof,profile_page_uu.csv,github.com,2022-07-13
borghartsven,github_search_users.csv,github.com,2022-07-13
bovi-analytics,profile_page_uu.csv,github.com,2022-07-13
bramkreuger,github_search_users.csv,github.com,2022-07-13
bramvaes,github_search_users.csv,github.com,2022-07-13
brentp,github_search_users.csv,github.com,2022-07-13
bsolino,github_search_repos.csv,github.com,2022-07-13
bvdhoek,github_search_repos.csv,github.com,2022-07-13
bwilkens,github_search_users.csv,github.com,2022-07-13
cad0p,github_search_repos.csv,github.com,2022-07-13
carlobredius,github_search_repos.csv,github.com,2022-07-13
carrielin32,github_search_repos.csv,github.com,2022-07-13
casblaauw,github_search_repos.csv,github.com,2022-07-13
casdebruin23,github_search_repos.csv,github.com,2022-07-13
casper-smet,github_search_repos.csv,github.com,2022-07-13
casper-smet,github_search_users.csv,github.com,2022-07-13
casperdehaas,github_search_users.csv,github.com,2022-07-13
cchara11,github_search_repos.csv,github.com,2022-07-13
cdewijs,github_search_users.csv,github.com,2022-07-13
chauncyzhu,profile_page_uu.csv,github.com,2022-07-13
chbkoenders,github_search_repos.csv,github.com,2022-07-13
chrisstef,github_search_repos.csv,github.com,2022-07-13
chromachroma,github_search_users.csv,github.com,2022-07-13
cjvanlissa,profile_page_uu.csv,github.com,2022-07-13
ckef,github_search_repos.csv,github.com,2022-07-13
clariah,profile_page_uu.csv,github.com,2022-07-13
code-jelle,github_search_users.csv,github.com,2022-07-13
coenkonings,github_search_users.csv,github.com,2022-07-13
computationalgeography,github_search_users.csv,github.com,2022-07-13
cordekruijf,github_search_users.csv,github.com,2022-07-13
costanzalaudisa,github_search_users.csv,github.com,2022-07-13
craigvis,github_search_users.csv,github.com,2022-07-13
creator13,github_search_repos.csv,github.com,2022-07-13
cvazz,github_search_users.csv,github.com,2022-07-13
cwognum,github_search_users.csv,github.com,2022-07-13
d-inventor,github_search_users.csv,github.com,2022-07-13
d-score,pure.csv,github.com,2022-07-13
daandejongen,github_search_users.csv,github.com,2022-07-13
daanreijnders,github_search_repos.csv,github.com,2022-07-13
daanvandehaar,github_search_users.csv,github.com,2022-07-13
danganea,github_search_users.csv,github.com,2022-07-13
daob,github_search_users.csv,github.com,2022-07-13
dasscheman,profile_page_uu.csv,github.com,2022-07-13
data-lessons,github_search_repos.csv,github.com,2022-07-13
davidckpixel,github_search_repos.csv,github.com,2022-07-13
davidckpixel,github_search_users.csv,github.com,2022-07-13
davidcortesortuno,github_search_users.csv,github.com,2022-07-13
davidcortesortuno,profile_page_uu.csv,github.com,2022-07-13
davidgernaat,github_search_users.csv,github.com,2022-07-13
davidhulsman,github_search_repos.csv,github.com,2022-07-13
davidmelhart,github_search_repos.csv,github.com,2022-07-13
dedsm,github_search_repos.csv,github.com,2022-07-13
deniskutnar,github_search_users.csv,github.com,2022-07-13
dennisfrijlink,github_search_users.csv,github.com,2022-07-13
derekkarssenberg,profile_page_uu.csv,github.com,2022-07-13
dh-it-portal-development,github_search_users.csv,github.com,2022-07-13
diestok,github_search_repos.csv,github.com,2022-07-13
dikkejuice,github_search_users.csv,github.com,2022-07-13
dimchristodoulou,github_search_repos.csv,github.com,2022-07-13
dirkbroenink,github_search_repos.csv,github.com,2022-07-13
dmagit,github_search_users.csv,github.com,2022-07-13
dollbo,github_search_users.csv,github.com,2022-07-13
dorienhuijser,profile_page_uu.csv,github.com,2022-07-13
dposza,github_search_users.csv,github.com,2022-07-13
driessena,github_search_repos.csv,github.com,2022-07-13
driule,github_search_repos.csv,github.com,2022-07-13
driule,github_search_topic.csv,github.com,2022-07-13
drjwbaker,github_search_repos.csv,github.com,2022-07-13
druyv,github_search_repos.csv,github.com,2022-07-13
druyv,github_search_users.csv,github.com,2022-07-13
dutchman97,github_search_users.csv,github.com,2022-07-13
duyguislakoglu,profile_page_uu.csv,github.com,2022-07-13
dvginneken,github_search_users.csv,github.com,2022-07-13
dzamrsky,github_search_users.csv,github.com,2022-07-13
eajvandenbosch,github_search_repos.csv,github.com,2022-07-13
egilfischer,profile_page_uu.csv,github.com,2022-07-13
egordm,github_search_users.csv,github.com,2022-07-13
ekatrukha,github_search_repos.csv,github.com,2022-07-13
ekatrukha,github_search_topic.csv,github.com,2022-07-13
ekatrukha,profile_page_uu.csv,github.com,2022-07-13
elisestijger,github_search_users.csv,github.com,2022-07-13
ellenhamaker,github_search_users.csv,github.com,2022-07-13
emautrecht,github_search_users.csv,github.com,2022-07-13
emmekeaarts,profile_page_uu.csv,github.com,2022-07-13
ericwenn,github_search_repos.csv,github.com,2022-07-13
esdalmaijer,github_search_repos.csv,github.com,2022-07-13
f2210,github_search_users.csv,github.com,2022-07-13
fatihcdeniz,github_search_repos.csv,github.com,2022-07-13
fatihemre46,github_search_users.csv,github.com,2022-07-13
fdekruijff,github_search_repos.csv,github.com,2022-07-13
fdekruijff,github_search_users.csv,github.com,2022-07-13
felixwdm,profile_page_uu.csv,github.com,2022-07-13
ferdinand-vw,github_search_repos.csv,github.com,2022-07-13
fiorian,github_search_users.csv,github.com,2022-07-13
flgblom,github_search_users.csv,github.com,2022-07-13
floatingpoint,github_search_repos.csv,github.com,2022-07-13
florianclaudiug,github_search_users.csv,github.com,2022-07-13
fonstw96,github_search_repos.csv,github.com,2022-07-13
fouadsfarijlani,github_search_repos.csv,github.com,2022-07-13
fptje,github_search_repos.csv,github.com,2022-07-13
fquaren,github_search_users.csv,github.com,2022-07-13
franciscapessanha,github_search_users.csv,github.com,2022-07-13
frans-willem,github_search_repos.csv,github.com,2022-07-13
freekstijfs,github_search_repos.csv,github.com,2022-07-13
fridof,github_search_users.csv,github.com,2022-07-13
fusion86,github_search_users.csv,github.com,2022-07-13
g1eb,github_search_repos.csv,github.com,2022-07-13
gaia-unil,profile_page_uu.csv,github.com,2022-07-13
galactic-cat,github_search_users.csv,github.com,2022-07-13
galmrvar,github_search_users.csv,github.com,2022-07-13
ganropa,github_search_users.csv,github.com,2022-07-13
garanas,github_search_users.csv,github.com,2022-07-13
gavindejong,github_search_users.csv,github.com,2022-07-13
gbeckers,pure.csv,github.com,2022-07-13
gcristinelli,github_search_repos.csv,github.com,2022-07-13
gcristinelli,github_search_users.csv,github.com,2022-07-13
geertjetermaat,github_search_users.csv,github.com,2022-07-13
georkap,github_search_users.csv,github.com,2022-07-13
gerb-ster,github_search_users.csv,github.com,2022-07-13
gerbensewuster,github_search_users.csv,github.com,2022-07-13
gerkovink,profile_page_uu.csv,github.com,2022-07-13
gerkovink,pure.csv,github.com,2022-07-13
gertjanf,github_search_repos.csv,github.com,2022-07-13
gglucass,github_search_repos.csv,github.com,2022-07-13
gijs-s,github_search_users.csv,github.com,2022-07-13
gionimo,github_search_repos.csv,github.com,2022-07-13
giovannivarr,github_search_users.csv,github.com,2022-07-13
giuliocastegnaro,github_search_users.csv,github.com,2022-07-13
gjlbeckers-uu,pure.csv,github.com,2022-07-13
gr-thearchitect,github_search_users.csv,github.com,2022-07-13
growthcharts,pure.csv,github.com,2022-07-13
gspeed0689,github_search_users.csv,github.com,2022-07-13
gspeed0689,profile_page_uu.csv,github.com,2022-07-13
guidomintjes,github_search_users.csv,github.com,2022-07-13
guuhan,github_search_repos.csv,github.com,2022-07-13
guusvelders,github_search_users.csv,github.com,2022-07-13
gvanboven,github_search_users.csv,github.com,2022-07-13
haddocking,github_search_repos.csv,github.com,2022-07-13
haddocking,github_search_topic.csv,github.com,2022-07-13
haddocking,github_search_users.csv,github.com,2022-07-13
hamediut,github_search_users.csv,github.com,2022-07-13
hannaliu18,github_search_repos.csv,github.com,2022-07-13
hanneoberman,github_search_users.csv,github.com,2022-07-13
hanneoberman,profile_page_uu.csv,github.com,2022-07-13
hansfranke1985,github_search_users.csv,github.com,2022-07-13
hansschepers,github_search_repos.csv,github.com,2022-07-13
hanstimm,github_search_users.csv,github.com,2022-07-13
hassoonsy2,github_search_users.csv,github.com,2022-07-13
haydn25,github_search_users.csv,github.com,2022-07-13
hayleydeckers,github_search_repos.csv,github.com,2022-07-13
hecklab,github_search_users.csv,github.com,2022-07-13
hgroenenboom,github_search_repos.csv,github.com,2022-07-13
higher-bridge,github_search_repos.csv,github.com,2022-07-13
hilliekopter,github_search_users.csv,github.com,2022-07-13
hnunner,profile_page_uu.csv,github.com,2022-07-13
hu-ict-ti-2,github_search_users.csv,github.com,2022-07-13
hugoquene,github_search_repos.csv,github.com,2022-07-13
hugoquene,github_search_topic.csv,github.com,2022-07-13
hugoquene,profile_page_uu.csv,github.com,2022-07-13
hvm-uu,github_search_users.csv,github.com,2022-07-13
hx-tang,github_search_repos.csv,github.com,2022-07-13
idangrady,github_search_repos.csv,github.com,2022-07-13
ijanszen,github_search_users.csv,github.com,2022-07-13
ikryven,profile_page_uu.csv,github.com,2022-07-13
inanagler,github_search_repos.csv,github.com,2022-07-13
ingegimbel,github_search_users.csv,github.com,2022-07-13
inibb,github_search_users.csv,github.com,2022-07-13
irisxpurple,github_search_users.csv,github.com,2022-07-13
irosfouggari,github_search_repos.csv,github.com,2022-07-13
isaacalpizar,github_search_users.csv,github.com,2022-07-13
isomorpheme,github_search_repos.csv,github.com,2022-07-13
iv4xr-project,profile_page_uu.csv,github.com,2022-07-13
ivananeurotic,github_search_users.csv,github.com,2022-07-13
ivasconcelosuu,github_search_users.csv,github.com,2022-07-13
iwanbok,github_search_repos.csv,github.com,2022-07-13
iwanbok,github_search_users.csv,github.com,2022-07-13
j00st,github_search_users.csv,github.com,2022-07-13
j535d165,github_search_repos.csv,github.com,2022-07-13
j535d165,github_search_topic.csv,github.com,2022-07-13
j535d165,profile_page_uu.csv,github.com,2022-07-13
jacobmpaul,github_search_users.csv,github.com,2022-07-13
janandrosiuk,github_search_users.csv,github.com,2022-07-13
jangerrith,github_search_repos.csv,github.com,2022-07-13
janmouwes,github_search_repos.csv,github.com,2022-07-13
janmouwes,github_search_users.csv,github.com,2022-07-13
jannekekrabbendam93,github_search_repos.csv,github.com,2022-07-13
japhir,github_search_repos.csv,github.com,2022-07-13
japhir,profile_page_uu.csv,github.com,2022-07-13
jasperburgers,github_search_repos.csv,github.com,2022-07-13
jasperdewinther,github_search_repos.csv,github.com,2022-07-13
jasperhg90,github_search_repos.csv,github.com,2022-07-13
jasperrobeer,github_search_users.csv,github.com,2022-07-13
jbikker,github_search_repos.csv,github.com,2022-07-13
jbikker,github_search_users.csv,github.com,2022-07-13
jc-oconnor,github_search_users.csv,github.com,2022-07-13
jeanjoskin,github_search_repos.csv,github.com,2022-07-13
jelletreep,github_search_topic.csv,github.com,2022-07-13
jelletreep,profile_page_uu.csv,github.com,2022-07-13
jelmervnuss,github_search_repos.csv,github.com,2022-07-13
jeroenboshuis,github_search_users.csv,github.com,2022-07-13
jeroenbosman,profile_page_uu.csv,github.com,2022-07-13
jeroendmulder,github_search_users.csv,github.com,2022-07-13
jeroenioeni,github_search_users.csv,github.com,2022-07-13
jerry-jinfeng-guo,github_search_repos.csv,github.com,2022-07-13
jessederuijter,github_search_users.csv,github.com,2022-07-13
jessestraat,github_search_users.csv,github.com,2022-07-13
jhellingman,github_search_users.csv,github.com,2022-07-13
jhnienhuis,profile_page_uu.csv,github.com,2022-07-13
jhoogendijk,github_search_repos.csv,github.com,2022-07-13
jille00,github_search_repos.csv,github.com,2022-07-13
jirush,github_search_users.csv,github.com,2022-07-13
jkbubec,github_search_users.csv,github.com,2022-07-13
jkorb,github_search_repos.csv,github.com,2022-07-13
jkorb,github_search_topic.csv,github.com,2022-07-13
jlemein,github_search_repos.csv,github.com,2022-07-13
jmbkoch,github_search_repos.csv,github.com,2022-07-13
jmbkoch,github_search_users.csv,github.com,2022-07-13
jnwiegers,github_search_users.csv,github.com,2022-07-13
joaomcteixeira,github_search_users.csv,github.com,2022-07-13
joaomcteixeira,profile_page_uu.csv,github.com,2022-07-13
jobbo90,profile_page_uu.csv,github.com,2022-07-13
jocelijn,github_search_repos.csv,github.com,2022-07-13
jochem-brouwer,github_search_users.csv,github.com,2022-07-13
jochemhoogendijk,profile_page_uu.csv,github.com,2022-07-13
joeyeremondi,github_search_repos.csv,github.com,2022-07-13
jollyfant,github_search_topic.csv,github.com,2022-07-13
jonasmoons,github_search_repos.csv,github.com,2022-07-13
jonwangio,github_search_repos.csv,github.com,2022-07-13
joostgadellaa,github_search_repos.csv,github.com,2022-07-13
joostgadellaa,paperswithcode.csv,github.com,2022-07-13
joosthouben,github_search_repos.csv,github.com,2022-07-13
jorcademy,github_search_users.csv,github.com,2022-07-13
jordyalkema,github_search_users.csv,github.com,2022-07-13
joriseggenhuisen,github_search_users.csv,github.com,2022-07-13
jornbosma,profile_page_uu.csv,github.com,2022-07-13
joyderuijter,github_search_repos.csv,github.com,2022-07-13
jtheeu,github_search_users.csv,github.com,2022-07-13
judithneve,github_search_users.csv,github.com,2022-07-13
junmii,github_search_users.csv,github.com,2022-07-13
jurriaanhage,github_search_users.csv,github.com,2022-07-13
justuswaterreus,github_search_users.csv,github.com,2022-07-13
jwgsim,github_search_users.csv,github.com,2022-07-13
kaediin,github_search_repos.csv,github.com,2022-07-13
kaisakajala,profile_page_uu.csv,github.com,2022-07-13
kaspernooteboom,github_search_users.csv,github.com,2022-07-13
katie-barry44,github_search_users.csv,github.com,2022-07-13
keesmulder,pure.csv,github.com,2022-07-13
kelian1,github_search_repos.csv,github.com,2022-07-13
kequach,profile_page_uu.csv,github.com,2022-07-13
kevin-patyk,github_search_users.csv,github.com,2022-07-13
kevin4998,github_search_repos.csv,github.com,2022-07-13
kevin4998,github_search_topic.csv,github.com,2022-07-13
kevindemeijer,github_search_repos.csv,github.com,2022-07-13
knkuiper,github_search_repos.csv,github.com,2022-07-13
koenklomps,github_search_users.csv,github.com,2022-07-13
kordejong,github_search_users.csv,github.com,2022-07-13
koren007,profile_page_uu.csv,github.com,2022-07-13
kovvalsky,profile_page_uu.csv,github.com,2022-07-13
kpatera,github_search_users.csv,github.com,2022-07-13
kraaijenbrink,profile_page_uu.csv,github.com,2022-07-13
kylelang,github_search_repos.csv,github.com,2022-07-13
kylelang,github_search_users.csv,github.com,2022-07-13
lappawatng,github_search_users.csv,github.com,2022-07-13
larsstr1996,github_search_users.csv,github.com,2022-07-13
larstummers,github_search_users.csv,github.com,2022-07-13
larsvansoest,github_search_users.csv,github.com,2022-07-13
larsvasseldonk,github_search_topic.csv,github.com,2022-07-13
lauragomeznavarro,profile_page_uu.csv,github.com,2022-07-13
lauralwd,profile_page_uu.csv,github.com,2022-07-13
laurensstoop,github_search_users.csv,github.com,2022-07-13
layetri,github_search_repos.csv,github.com,2022-07-13
lcreteig,github_search_users.csv,github.com,2022-07-13
lcvriend,profile_page_uu.csv,github.com,2022-07-13
lennarddeurman,github_search_repos.csv,github.com,2022-07-13
leonardovida,github_search_repos.csv,github.com,2022-07-13
li-k-1997,github_search_users.csv,github.com,2022-07-13
lion-be,github_search_repos.csv,github.com,2022-07-13
lisa9000,github_search_repos.csv,github.com,2022-07-13
littlemind,github_search_repos.csv,github.com,2022-07-13
liusaydh,github_search_users.csv,github.com,2022-07-13
liweiyeh,github_search_repos.csv,github.com,2022-07-13
ljsmalbil,github_search_repos.csv,github.com,2022-07-13
lorellav,github_search_topic.csv,github.com,2022-07-13
lorenzobini,github_search_users.csv,github.com,2022-07-13
lsteehouwer,github_search_repos.csv,github.com,2022-07-13
lucalin17081994,github_search_repos.csv,github.com,2022-07-13
lucalin17081994,github_search_topic.csv,github.com,2022-07-13
lucascorpion,github_search_repos.csv,github.com,2022-07-13
lukasvdwiel,github_search_users.csv,github.com,2022-07-13
lukavdplas,github_search_users.csv,github.com,2022-07-13
lukavdplas,profile_page_uu.csv,github.com,2022-07-13
m-jeu,github_search_repos.csv,github.com,2022-07-13
m-thieu,github_search_users.csv,github.com,2022-07-13
m-wolthers,profile_page_uu.csv,github.com,2022-07-13
maartenbransen,github_search_users.csv,github.com,2022-07-13
maartenterpstra,github_search_users.csv,github.com,2022-07-13
maartenvanelst,github_search_users.csv,github.com,2022-07-13
madalinadrugan,github_search_users.csv,github.com,2022-07-13
mandejan,github_search_users.csv,github.com,2022-07-13
mandelbrotsett,github_search_repos.csv,github.com,2022-07-13
mar-koz22,github_search_users.csv,github.com,2022-07-13
marcelrobeer,github_search_repos.csv,github.com,2022-07-13
marcelrobeer,paperswithcode.csv,github.com,2022-07-13
marco-vassena,github_search_repos.csv,github.com,2022-07-13
marcodelsink,github_search_users.csv,github.com,2022-07-13
marcvdsluys,github_search_repos.csv,github.com,2022-07-13
margajdon,github_search_users.csv,github.com,2022-07-13
maria-eirini,github_search_repos.csv,github.com,2022-07-13
mariadukmak,github_search_users.csv,github.com,2022-07-13
marlytatiana,github_search_users.csv,github.com,2022-07-13
marnixnaber,pure.csv,github.com,2022-07-13
marrykylie01,github_search_users.csv,github.com,2022-07-13
martin-boers,github_search_users.csv,github.com,2022-07-13
martindoornhein,github_search_users.csv,github.com,2022-07-13
martinedevos,profile_page_uu.csv,github.com,2022-07-13
mathijs727,github_search_repos.csv,github.com,2022-07-13
mattheweus,github_search_users.csv,github.com,2022-07-13
matthijssteen,github_search_repos.csv,github.com,2022-07-13
matus-jan-lavko,github_search_repos.csv,github.com,2022-07-13
matus-jan-lavko,paperswithcode.csv,github.com,2022-07-13
mauritsarissen,github_search_users.csv,github.com,2022-07-13
maxvanderwerf,github_search_users.csv,github.com,2022-07-13
mayvm,github_search_users.csv,github.com,2022-07-13
mernagh,github_search_repos.csv,github.com,2022-07-13
mervinhorst,github_search_repos.csv,github.com,2022-07-13
mfer0010,github_search_users.csv,github.com,2022-07-13
mgiulini,profile_page_uu.csv,github.com,2022-07-13
mhilhorst,github_search_users.csv,github.com,2022-07-13
michaelwekking,github_search_users.csv,github.com,2022-07-13
michielvh1995,github_search_repos.csv,github.com,2022-07-13
milias,github_search_repos.csv,github.com,2022-07-13
mmmpeeters1981,github_search_repos.csv,github.com,2022-07-13
mountainhydrology,github_search_users.csv,github.com,2022-07-13
mschelde,github_search_users.csv,github.com,2022-07-13
msdslab,profile_page_uu.csv,github.com,2022-07-13
mulderniels,github_search_repos.csv,github.com,2022-07-13
muscio97,github_search_users.csv,github.com,2022-07-13
mwessel99,github_search_users.csv,github.com,2022-07-13
mycrofd,github_search_users.csv,github.com,2022-07-13
nadinekanbier,github_search_repos.csv,github.com,2022-07-13
nadinekanbier,github_search_users.csv,github.com,2022-07-13
nanoepics,github_search_repos.csv,github.com,2022-07-13
nanoepics,profile_page_uu.csv,github.com,2022-07-13
naomi-smorenburg,github_search_users.csv,github.com,2022-07-13
naraenda,github_search_repos.csv,github.com,2022-07-13
ncmulder,github_search_users.csv,github.com,2022-07-13
nehamoopen,profile_page_uu.csv,github.com,2022-07-13
neuronur,github_search_repos.csv,github.com,2022-07-13
nielsgroen,github_search_users.csv,github.com,2022-07-13
nielsscholten,github_search_users.csv,github.com,2022-07-13
nielsyh,github_search_users.csv,github.com,2022-07-13
nikobent,github_search_repos.csv,github.com,2022-07-13
nikobent,github_search_users.csv,github.com,2022-07-13
nimota,github_search_users.csv,github.com,2022-07-13
njderijk,github_search_repos.csv,github.com,2022-07-13
njderijk,github_search_users.csv,github.com,2022-07-13
nlesc-smcm,github_search_users.csv,github.com,2022-07-13
nlpsoc,github_search_users.csv,github.com,2022-07-13
nlpsoc,profile_page_uu.csv,github.com,2022-07-13
noerlemans,github_search_users.csv,github.com,2022-07-13
noltinho,github_search_users.csv,github.com,2022-07-13
norm2782,github_search_repos.csv,github.com,2022-07-13
nouw,github_search_users.csv,github.com,2022-07-13
npp97-field,github_search_repos.csv,github.com,2022-07-13
nrodriguezcuellar,github_search_users.csv,github.com,2022-07-13
oceanparcels,github_search_repos.csv,github.com,2022-07-13
oktaal,profile_page_uu.csv,github.com,2022-07-13
olivierhendriks,github_search_users.csv,github.com,2022-07-13
omelkonian,github_search_repos.csv,github.com,2022-07-13
oopsaleem,github_search_repos.csv,github.com,2022-07-13
orgs,profile_page_uu.csv,github.com,2022-07-13
oriol-pomarol,github_search_repos.csv,github.com,2022-07-13
oscarkro,github_search_repos.csv,github.com,2022-07-13
oscarkro,github_search_users.csv,github.com,2022-07-13
ottenbri,github_search_users.csv,github.com,2022-07-13
outfrenk,github_search_users.csv,github.com,2022-07-13
owenmaxwell,github_search_users.csv,github.com,2022-07-13
p-stachyra,github_search_users.csv,github.com,2022-07-13
paballand,github_search_users.csv,github.com,2022-07-13
pablov-1995,github_search_topic.csv,github.com,2022-07-13
patrickfinke,github_search_users.csv,github.com,2022-07-13
pcklink,profile_page_uu.csv,github.com,2022-07-13
pcraster,github_search_users.csv,github.com,2022-07-13
peikos,github_search_repos.csv,github.com,2022-07-13
penghaorui,github_search_users.csv,github.com,2022-07-13
pepijn21,github_search_users.csv,github.com,2022-07-13
peterkoelemanuu,github_search_users.csv,github.com,2022-07-13
petermarkotic,github_search_users.csv,github.com,2022-07-13
pgerbrands,github_search_users.csv,github.com,2022-07-13
philipdb,github_search_users.csv,github.com,2022-07-13
pieterknops,github_search_users.csv,github.com,2022-07-13
pimlai,profile_page_uu.csv,github.com,2022-07-13
pksupriyono,github_search_repos.csv,github.com,2022-07-13
plant-plasticity,profile_page_uu.csv,github.com,2022-07-13
puregome,github_search_repos.csv,github.com,2022-07-13
puregome,paperswithcode.csv,github.com,2022-07-13
pvankranenburg,github_search_users.csv,github.com,2022-07-13
qirickyliu,github_search_users.csv,github.com,2022-07-13
quintenbohte,github_search_users.csv,github.com,2022-07-13
r2d2-2018,github_search_repos.csv,github.com,2022-07-13
rebeccakuiper,profile_page_uu.csv,github.com,2022-07-13
redmarl,github_search_users.csv,github.com,2022-07-13
reiniermaas,github_search_users.csv,github.com,2022-07-13
rel-incode,github_search_users.csv,github.com,2022-07-13
rel=,profile_page_uu.csv,github.com,2022-07-13
relabuu,profile_page_uu.csv,github.com,2022-07-13
remcodesmit,github_search_users.csv,github.com,2022-07-13
rensvandeschoot,profile_page_uu.csv,github.com,2022-07-13
rhoitink,profile_page_uu.csv,github.com,2022-07-13
riannekraakman,github_search_users.csv,github.com,2022-07-13
rianneschouten,pure.csv,github.com,2022-07-13
ricardotill,github_search_users.csv,github.com,2022-07-13
richardbartels,github_search_users.csv,github.com,2022-07-13
richooms,github_search_repos.csv,github.com,2022-07-13
rklompuu,github_search_repos.csv,github.com,2022-07-13
rodrigolearns,github_search_users.csv,github.com,2022-07-13
roelhem,github_search_repos.csv,github.com,2022-07-13
roelverberk,github_search_users.csv,github.com,2022-07-13
rosapl,github_search_repos.csv,github.com,2022-07-13
rubenhooijer,github_search_users.csv,github.com,2022-07-13
rubenschalk,github_search_repos.csv,github.com,2022-07-13
rubenschalk,profile_page_uu.csv,github.com,2022-07-13
rubenweijers,github_search_users.csv,github.com,2022-07-13
rubster18,github_search_repos.csv,github.com,2022-07-13
ruudkoot,github_search_repos.csv,github.com,2022-07-13
rvschouwenburg,github_search_users.csv,github.com,2022-07-13
sadmountain,github_search_users.csv,github.com,2022-07-13
saidyein,github_search_repos.csv,github.com,2022-07-13
samgalanakis,github_search_repos.csv,github.com,2022-07-13
samoye95,github_search_repos.csv,github.com,2022-07-13
samoye95,github_search_users.csv,github.com,2022-07-13
sanderkeulers,github_search_users.csv,github.com,2022-07-13
sandervermeulen,github_search_users.csv,github.com,2022-07-13
sandorspruit,profile_page_uu.csv,github.com,2022-07-13
sanlifaez,github_search_repos.csv,github.com,2022-07-13
sara-vanerp,github_search_users.csv,github.com,2022-07-13
sara-vanerp,profile_page_uu.csv,github.com,2022-07-13
sarahwarnau,github_search_users.csv,github.com,2022-07-13
sarbabi,github_search_users.csv,github.com,2022-07-13
sasbom,github_search_users.csv,github.com,2022-07-13
sasiggi,github_search_repos.csv,github.com,2022-07-13
sayo20,github_search_users.csv,github.com,2022-07-13
sebastiaan1997,github_search_users.csv,github.com,2022-07-13
sebastiaanvisser,github_search_repos.csv,github.com,2022-07-13
sems,github_search_repos.csv,github.com,2022-07-13
sems,github_search_topic.csv,github.com,2022-07-13
sendrastisch,github_search_users.csv,github.com,2022-07-13
sergioespana,github_search_repos.csv,github.com,2022-07-13
shaheenahmedc,github_search_users.csv,github.com,2022-07-13
shellydun,github_search_repos.csv,github.com,2022-07-13
shnadi,profile_page_uu.csv,github.com,2022-07-13
siefblok,github_search_users.csv,github.com,2022-07-13
sinievanderben,github_search_repos.csv,github.com,2022-07-13
sjerrietukkel,github_search_users.csv,github.com,2022-07-13
sjonnie404,github_search_users.csv,github.com,2022-07-13
smildiner,github_search_users.csv,github.com,2022-07-13
sodascience,github_search_topic.csv,github.com,2022-07-13
solennwalstra,github_search_repos.csv,github.com,2022-07-13
sonicwavenl,github_search_users.csv,github.com,2022-07-13
sophievanmil,github_search_users.csv,github.com,2022-07-13
soufyan-01,github_search_users.csv,github.com,2022-07-13
southparkfan,profile_page_uu.csv,github.com,2022-07-13
spicella,github_search_repos.csv,github.com,2022-07-13
spicella,github_search_users.csv,github.com,2022-07-13
sprouting-angiogenesis,github_search_repos.csv,github.com,2022-07-13
squaredcanine,github_search_users.csv,github.com,2022-07-13
stan-dev,profile_page_uu.csv,github.com,2022-07-13
stanmey,github_search_users.csv,github.com,2022-07-13
stefanoschmidt1995,profile_page_uu.csv,github.com,2022-07-13
stefvanbuuren,pure.csv,github.com,2022-07-13
stijnbosch,github_search_repos.csv,github.com,2022-07-13
stijuh,github_search_users.csv,github.com,2022-07-13
stormjoannes,github_search_users.csv,github.com,2022-07-13
svsticky,github_search_repos.csv,github.com,2022-07-13
svsticky,github_search_users.csv,github.com,2022-07-13
swantrix,github_search_users.csv,github.com,2022-07-13
sytsegroenwold,profile_page_uu.csv,github.com,2022-07-13
tabeasonnenschein,profile_page_uu.csv,github.com,2022-07-13
taniafw1999,github_search_repos.csv,github.com,2022-07-13
tcif-v2pafr-10,github_search_users.csv,github.com,2022-07-13
tdprice,profile_page_uu.csv,github.com,2022-07-13
teddykabg,github_search_repos.csv,github.com,2022-07-13
teonikolov,github_search_users.csv,github.com,2022-07-13
terrymyc,profile_page_uu.csv,github.com,2022-07-13
teunvw14,github_search_users.csv,github.com,2022-07-13
the-fonz,github_search_repos.csv,github.com,2022-07-13
thegoldenfyre,github_search_users.csv,github.com,2022-07-13
thomasjacobsz,github_search_users.csv,github.com,2022-07-13
thomasjwise,github_search_repos.csv,github.com,2022-07-13
thomasmol,github_search_repos.csv,github.com,2022-07-13
thomasmol,github_search_users.csv,github.com,2022-07-13
thomvolker,profile_page_uu.csv,github.com,2022-07-13
thyra2305,github_search_users.csv,github.com,2022-07-13
tiborintelsoft,github_search_repos.csv,github.com,2022-07-13
tientjie-san,github_search_users.csv,github.com,2022-07-13
timok,github_search_repos.csv,github.com,2022-07-13
timowesterdijk,github_search_users.csv,github.com,2022-07-13
timvandekerkhof5,github_search_users.csv,github.com,2022-07-13
tkforgeron,github_search_repos.csv,github.com,2022-07-13
tobiasspilker,github_search_users.csv,github.com,2022-07-13
trymtrim,github_search_repos.csv,github.com,2022-07-13
uashogeschoolutrecht,github_search_users.csv,github.com,2022-07-13
uil-ots-labs,github_search_repos.csv,github.com,2022-07-13
uil-ots-labs-backoffice,github_search_repos.csv,github.com,2022-07-13
uscki,github_search_repos.csv,github.com,2022-07-13
utrechtcoastalgroup,profile_page_uu.csv,github.com,2022-07-13
utrechtriversestuaries,github_search_users.csv,github.com,2022-07-13
utrechtriversestuaries,profile_page_uu.csv,github.com,2022-07-13
utrechtuniversity,github_search_repos.csv,github.com,2022-07-13
utrechtuniversity,github_search_topic.csv,github.com,2022-07-13
utrechtuniversity,github_search_users.csv,github.com,2022-07-13
utrechtuniversity,profile_page_uu.csv,github.com,2022-07-13
uu-cellbiology,github_search_users.csv,github.com,2022-07-13
uu-computerscience,github_search_repos.csv,github.com,2022-07-13
uu-hydro,github_search_repos.csv,github.com,2022-07-13
uu-hydro,github_search_users.csv,github.com,2022-07-13
uu-hydro,profile_page_uu.csv,github.com,2022-07-13
uudigitalhumanitieslab,github_search_users.csv,github.com,2022-07-13
uudigitalhumanitieslab,profile_page_uu.csv,github.com,2022-07-13
uudsl,github_search_users.csv,github.com,2022-07-13
uuembodiedsocialai,github_search_users.csv,github.com,2022-07-13
uugrasp,github_search_repos.csv,github.com,2022-07-13
uutestorganization,github_search_repos.csv,github.com,2022-07-13
vankesteren,profile_page_uu.csv,github.com,2022-07-13
vbouwman,profile_page_uu.csv,github.com,2022-07-13
velgias,profile_page_uu.csv,github.com,2022-07-13
vetpsk,github_search_users.csv,github.com,2022-07-13
viniciusdani,github_search_users.csv,github.com,2022-07-13
vitality-data-center,github_search_users.csv,github.com,2022-07-13
vitality-data-center,profile_page_uu.csv,github.com,2022-07-13
vmenger,paperswithcode.csv,github.com,2022-07-13
vrancken,github_search_users.csv,github.com,2022-07-13
wbmol,github_search_users.csv,github.com,2022-07-13
wdmchaft,github_search_repos.csv,github.com,2022-07-13
wenkokke,github_search_repos.csv,github.com,2022-07-13
whatsthehubbub,github_search_repos.csv,github.com,2022-07-13
wietsie,github_search_users.csv,github.com,2022-07-13
winzum,github_search_repos.csv,github.com,2022-07-13
wolframfriele,github_search_users.csv,github.com,2022-07-13
wooshrow,profile_page_uu.csv,github.com,2022-07-13
wouter-swierstra,github_search_repos.csv,github.com,2022-07-13
wouterbink,github_search_users.csv,github.com,2022-07-13
wouterdroogers,github_search_users.csv,github.com,2022-07-13
wvveluw,github_search_repos.csv,github.com,2022-07-13
wzwietering,github_search_users.csv,github.com,2022-07-13
xavierpinho23,github_search_users.csv,github.com,2022-07-13
xiedanghan,profile_page_uu.csv,github.com,2022-07-13
xiving,github_search_users.csv,github.com,2022-07-13
yaikohu,github_search_users.csv,github.com,2022-07-13
ydluo,pure.csv,github.com,2022-07-13
yoepvanloenen,github_search_repos.csv,github.com,2022-07-13
ystouthart,github_search_repos.csv,github.com,2022-07-13
ystouthart,github_search_topic.csv,github.com,2022-07-13
yuntaoj,github_search_users.csv,github.com,2022-07-13
zievathustra,github_search_repos.csv,github.com,2022-07-13
zievathustra,profile_page_uu.csv,github.com,2022-07-13
zupami,github_search_repos.csv,github.com,2022-07-13
zyumakuu,github_search_users.csv,github.com,2022-07-13
