github_user_id,uu_user_id
ajinkyakadu125,AAKadu
msdslab,AGJvandeSchoot
alexandrosstergiou,AGStergiou
annawegmann,AMWegmann
amacanovic,AMacanovic
billjee,ASobhani
bricker0,BARicker
cjvanlissa,CJvanLissa
cpierard,CMPierard
chauncyzhu,CZhu
"davidcortesortuno"">https:",DICOCortesOrtuno
nlpsoc,DPNguyen
UU-Hydro,EHSutanudjaja
RELabUU,FDalpiaz
a-quei,GChen
gerkovink,GVink
hanneoberman,HIOberman
bozso,IBoszo
ikryven,IVKryven
velgias,IVelegrakis
uudigitalhumanitieslab,JGonggrijp
jhnienhuis,JHNienhuis
kaisakajala,KKajala
konstantinoskokos,KKogkalidis
kovvalsky,LAbzianidze
rhoitink,LDHoitink
clariah,LMMelgarEstrada
digitalorientalist,LWCvanLit
lauralwd,LWDijkhuizen
maxvanhaastrecht,MANHaastrecht
UtrechtRiversEstuaries,MGKleinhans
stan-dev,MILVakar
marcelrobeer,MJRobeer
Bovi-analytics,MMHostens
CLARIAH,MMoatsos
kraaijenbrink,PDAKraaijenbrink
pimlai,PYolumBirbil
ruudvdent,RJvanderEnt
nanoepics,SFaez
UUDigitalHumanitieslab,SJJSpoel
73616e646572,SPrins
stefanoschmidt1995,SSchmidt
iv4xr-project>project's,SWBPrasetya
thomasvdzwaard,TvanderZwaard
ekatrukha,YKatrukha
vitality-data-center>here<,ZWang3
jonasmoons,
gglucass,
MarcelRobeer,
ekatrukha,
UtrechtUniversity,
arnokamphuis,
UU-Hydro,
Peikos,
ruudkoot,
jkorb,
driule,
jeffrey89,
sebastiaanvisser,
OceanParcels,
wouter-swierstra,
wdmchaft,
norm2782,
omelkonian,
UUTestOrganization,
mulderniels,
UU-ComputerScience,
davidpaulniland,
leonardovida,
UUGRASP,
spicella,
SaidYein,
UiL-OTS-labs,
AJueling,
allamaley,
g1eb,
FPtje,
RKlompUU,
bvdhoek,
fdekruijff,
matthijssteen,
Irosfouggari,
SanliFaez,
higher-bridge,
BassaniRiccardo,
The-Fonz,
MandelbrotSett,
jonwangio,
mathijs727,
marco-vassena,
Milias,
basterbogt,
bsolino,
lisa9000,
thomasjwise,
alexkern1997,
Rubster18,
RELabUU,
taniafw1999,
drjwbaker,
Gionimo,
esdalmaijer,
JasperHG90,
paulvdbles,
Lion-Be,
JoostGadellaa,
basmeesters,
whatsthehubbub,
Jocelijn,
TimoK,
teddykabg,
OscarKro,
Ferdinand-vW,
JasperBurgers,
JeanJoskin,
JanMouwes,
sasiggi,
iwanbok,
AlCorreia,
ijks,
CasdeBruin23,
littlemind,
TiborIntelSoft,
J535D165,
trymtrim,
hgroenenboom,
Casper-Smet,
Creator13,
carrielin32,
layetri,
BagelOrb,
awlassche,
fouadsfarijlani,
puregome,
AndreasSaka,
JoostHouben,
dedsm,
apdekker,
lukasios12,
ThomasMol,
Naraenda,
JoyDeRuijter,
Zupami,
lucalin17081994,
cchara11,
LucaScorpion,
arothuis-hu,
Frans-Willem,
berg0138,
Fonstw96,
DirkBroenink,
LuukBerkers,
FloatingPoint,
BjornWouters,
tkoreman,
UU-Bachelor-s-Thesis-Ruijs-Walstra,
michielvh1995,
Jerry-Jinfeng-Guo,
Hedge4,
JelmerVNuss,
HayleyDeckers,
DavidckPixel,
R2D2-2018,
KevindeMeijer,
davidmelhart,
jangerrith,
ROSAPL,
arcogelderblom,
roelhem,
HannaLiu18,
matus-jan-lavko,
wenkokke,
hansschepers,
SamOye95,
CHBKoenders,
richooms,
svsticky,
JoeyEremondi,
amyvdham,
chrisstef,
BasKellerhuis,
Ckef,
LennardDeurman,
zievathustra,
Maria-Eirini,
JHoogendijk,
ericwenn,
japhir,
npp97-field,
data-lessons,
bascoder,
pksupriyono,
kevin4998,
GertjanF,
eajvandenbosch,
inanagler,
ljsmalbil,
Winzum,
UiL-OTS-labs-backoffice,
DriessenA,
MMMPeeters1981,
neurOnur,
FreekStijfs,
uscki,
afmika,
AshtonBro,
brentp,
EgorDm,
basm92,
PhiliPdB,
daob,
ivasconcelosUU,
hanneoberman,
franciscapessanha,
Fusion86,
jbikker,
cor,
BlockCat,
uashogeschoolutrecht,
BramGiesen,
nii3lsh,
kordejong,
ManDeJan,
SagevdBrand,
StanMey,
casperlamboo,
lcreteig,
Vinno97,
ReinierMaas,
lwcvl,
danganea,
MariaDukmak,
buryo,
sebastiaan1997,
PABalland,
aldewereld,
SonicwaveNL,
arfie,
jochem-brouwer,
stormjoannes,
NCMulder,
UUDigitalHumanitieslab,
MycrofD,
terrymyc,
Arccos390,
a-quei,
hansfranke1985,
timolapre,
jhellingman,
haddocking,
pvankranenburg,
BeppeMarnell,
bmatern,
MHilhorst,
gijs-s,
riverbit,
nielsgroen,
aldertzomer,
wzwietering,
jeroenhd,
bwilkens,
tvanwoudenberg,
atharkes,
JeroenDMulder,
ellenhamaker,
MauritsArissen,
j00st,
WouterBink,
azamatomu,
penghaorui,
ricardotill,
pcraster,
Bassie-c,
TheGoldenFyre,
JordyAlkema,
daandejongen,
georkap,
hzhang1991,
dennisfrijlink,
DaanvandeHaar,
Rel-incode,
lorenzobini,
tcif-v2pafr-10,
cwognum,
CdeWijs,
teunvw14,
jonasjonker,
neilzar,
PieterKnops,
Wolframfriele,
UtrechtRiversEstuaries,
mountainhydrology,
Druyv,
MaxvanderWerf,
MaartenBransen,
arnobastenhof,
jc-oconnor,
patrick-finke,
GiulioCastegnaro,
19giorgosts,
Dutchman97,
ARYENN,
Muscio97,
ghyatzo,
Naomi-Smorenburg,
jacobmpaul,
Altijd-youri,
oelassy,
ijanszen,
Bastiaansen,
davidgernaat,
TimVanDeKerkhof5,
petermarkotic,
Wietsie,
squinterodlr,
laurensstoop,
Popescu744,
maartenterpstra,
marlytatiana,
FIorian,
Nouw,
MartinDoornhein,
antonioreb,
smildiner,
BramKreuger,
nlesc-smcm,
iliasgor,
yaikohi,
ingegimbel,
DikkeJuice,
shaheenahmedc,
FlorianClaudiuG,
njderijk,
rhoitink,
Xiving,
LarsStr1996,
JessedeRuijter,
CasperDeHaas,
jobvanellen,
danzamrsky,
vitality-data-center,
xavierpinho23,
guusvelders,
remcodesmit,
UUDSL,
larsvasseldonk,
arthurb123,
D-Inventor,
gerbensewuster,
koenklomps,
Geertjetermaat,
justuswaterreus,
Jeroenioeni,
NadineKanbier,
RubenHooijer,
jkbUBEC,
MadalinaDrugan,
gavindejong,
JasperRobeer,
computationalgeography,
vetpsk,
costanzalaudisa,
outfrenk,
SiefBlok,
antoinedg,
SanderVermeulen,
margajdon,
MSchelde,
Marcovdw,
WBMol,
roelverberk,
mwessel99,
SanderKeulers,
pepijn21,
isaacalpizar,
bjornkoemans,
Thyra2305,
maartenvanelst,
FridoF,
Galactic-Cat,
aadoek,
JeroenBoshuis,
NielsScholten,
LexVerbrugh,
CraigVis,
LarsTummers,
pgerbrands,
swantrix,
cordekruijf,
Garanas,
lukassanting,
Code-Jelle,
ChromaChroma,
UU-cellbiology,
HU-ICT-TI-2,
Martin-Boers,
WouterDroogers,
quintenbohte,
yuntaoj,
bashar1aziz,
BorghartSven,
ottenbri,
4009509,
AndriesBosma,
AstridHKU,
dedo94,
OlivierHendriks,
vrancken,
marrykylie01,
M-thieu,
hanstimm,
RvSchouwenburg,
asreview,
lorellav,
sodascience,
Jollyfant,
growthcharts,
amices,
D-score,
gbeckers,
stefvanbuuren,
keesmulder,
gerkovink,
RianneSchouten,
ydluo,
marnixnaber,
gjlbeckers-uu,
