uu_user_id,github_user_id
LAbzianidze,kovvalsky
JGonggrijp,uudigitalhumanitieslab
KKogkalidis,konstantinoskokos
LWCvanLit,digitalorientalist
LWCvanLit,digitalorientalist
LMMelgarEstrada,clariah
MMoatsos,CLARIAH
SPrins,73616e646572
SJJSpoel,UUDigitalHumanitieslab
SJJSpoel,oktaal
MMHostens,Bovi-analytics
SJvanErp,sara-vanerp
EvanKesteren,vankesteren
RMKuiper,cjvanlissa
RMKuiper,rebeccakuiper
RMKuiper,rebeccakuiper
RMKuiper,rebeccakuiper
CJvanLissa,cjvanlissa
AMacanovic,amacanovic
HIOberman,hanneoberman
HIOberman,hanneoberman
AGJvandeSchoot,msdslab
GVink,gerkovink
GChen,a-quei
JMCorreiaTeixeira,joaomcteixeira
FDalpiaz,RELabUU
LWDijkhuizen,lauralwd
SFaez,nanoepics
SFaez,nanoepics
AGatt,albertgatt
MANHaastrecht,maxvanhaastrecht
KIHaque,galib360
LDHoitink,rhoitink
KKajala,kaisakajala
KKajala,kaisakajala
KKajala,plant-plasticity
KKajala,kaisakajala
YKatrukha,ekatrukha
IVKryven,ikryven
DPNguyen,nlpsoc
CMPierard,cpierard
SWBPrasetya,iv4xr-project
SWBPrasetya,iv4xr-project
SWBPrasetya,iv4xr-project
MJRobeer,marcelrobeer
ARomanowski,aromanowski
SSchmidt,stefanoschmidt1995
AGStergiou,alexandrosstergiou
MILVakar,stan-dev
IVelegrakis,velgias
IVelegrakis,velgias
AMWegmann,annawegmann
AMWegmann,annawegmann
PYolumBirbil,pimlai
CZhu,chauncyzhu
TvanderZwaard,thomasvdzwaard
IBoszo,bozso
DICOCortesOrtuno,davidcortesortuno
MGravey,GAIA-UNIL
DJKarssenberg,DerekKarssenberg
MGKleinhans,UtrechtRiversEstuaries
PDAKraaijenbrink,kraaijenbrink
JHNienhuis,jhnienhuis
JHNienhuis,jhnienhuis
BARicker,bricker0
ASobhani,billjee
ASobhani,
TSSonnenschein,TabeaSonnenschein
EHSutanudjaja,UU-Hydro
EHSutanudjaja,UU-Hydro
JdeVries5,jobbo90
ZWang3,vitality-data-center
DCHuijser,utrechtuniversity
DCHuijser,DorienHuijser
FPWeijdema,asreview
FPWeijdema,asreview
JdeBruin1,J535D165
JdeBruin1,asreview
JdeBruin1,J535D165
JdeBruin1,asreview
SNadiNajafabadi,ShNadi?tab=repositories
JASieverink,zievathustra
FTufan,Southparkfan
