service,date,user_id
github.com,2022-06-29,uudigitalhumanitieslab
github.com,2022-06-29,konstantinoskokos
github.com,2022-06-29,digitalorientalist
github.com,2022-06-29,digitalorientalist
github.com,2022-06-29,clariah
github.com,2022-06-29,vankesteren
github.com,2022-06-29,pcklink
github.com,2022-06-29,pcklink
github.com,2022-06-29,cjvanlissa
github.com,2022-06-29,rebeccakuiper
github.com,2022-06-29,rebeccakuiper
github.com,2022-06-29,rebeccakuiper
github.com,2022-06-29,amacanovic
github.com,2022-06-29,hnunner
github.com,2022-06-29,hanneoberman
github.com,2022-06-29,rel=
github.com,2022-06-29,hanneoberman
github.com,2022-06-29,msdslab
github.com,2022-06-29,a-quei
github.com,2022-06-29,RELabUU
github.com,2022-06-29,nanoepics
github.com,2022-06-29,nanoepics
github.com,2022-06-29,albertgatt
github.com,2022-06-29,galib360
github.com,2022-06-29,jochemhoogendijk
github.com,2022-06-29,rel=
github.com,2022-06-29,duyguislakoglu
github.com,2022-06-29,kaisakajala
github.com,2022-06-29,kaisakajala
github.com,2022-06-29,plant-plasticity
github.com,2022-06-29,kaisakajala
github.com,2022-06-29,nlpsoc
github.com,2022-06-29,itironal
github.com,2022-06-29,cpierard
github.com,2022-06-29,iv4xr-project
github.com,2022-06-29,iv4xr-project
github.com,2022-06-29,iv4xr-project
github.com,2022-06-29,kequach
github.com,2022-06-29,marcelrobeer
github.com,2022-06-29,aromanowski
github.com,2022-06-29,stefanoschmidt1995
github.com,2022-06-29,stan-dev
github.com,2022-06-29,giovannivarr
github.com,2022-06-29,velgias
github.com,2022-06-29,velgias
github.com,2022-06-29,annawegmann
github.com,2022-06-29,annawegmann
github.com,2022-06-29,pimlai
github.com,2022-06-29,thomasvdzwaard
github.com,2022-06-29,bozso
github.com,2022-06-29,davidcortesortuno
github.com,2022-06-29,GAIA-UNIL
github.com,2022-06-29,DerekKarssenberg
github.com,2022-06-29,UtrechtRiversEstuaries
github.com,2022-06-29,jhnienhuis
github.com,2022-06-29,jhnienhuis
github.com,2022-06-29,qiaozhengzhi
github.com,2022-06-29,bricker0
github.com,2022-06-29,billjee
github.com,2022-06-29,
github.com,2022-06-29,UU-Hydro
github.com,2022-06-29,UU-Hydro
github.com,2022-06-29,vitality-data-center
github.com,2022-06-29,utrechtuniversity
github.com,2022-06-29,asreview
github.com,2022-06-29,J535D165
github.com,2022-06-29,utrechtuniversity
github.com,2022-06-29,ShNadi?tab=repositories
