service,user_id
github.com,jonasmoons
github.com,UtrechtUniversity
github.com,gglucass
github.com,MarcelRobeer
github.com,ekatrukha
github.com,UtrechtUniversity
github.com,MarcelRobeer
github.com,arnokamphuis
github.com,UU-Hydro
github.com,Peikos
github.com,ruudkoot
github.com,jkorb
github.com,AJueling
github.com,OceanParcels
github.com,The-Fonz
github.com,driule
github.com,jlemein
github.com,sebastiaanvisser
github.com,wdmchaft
github.com,kylelang
github.com,norm2782
github.com,omelkonian
github.com,mulderniels
github.com,UUTestOrganization
github.com,driule
github.com,UU-ComputerScience
github.com,LiWeiYeh
github.com,wouter-swierstra
github.com,UUGRASP
github.com,spicella
github.com,leonardovida
github.com,SaidYein
github.com,UiL-OTS-labs
github.com,CarloBredius
github.com,allamaley
github.com,g1eb
github.com,FPtje
github.com,GuuhaN
github.com,mathijs727
github.com,bvdhoek
github.com,RKlompUU
github.com,fdekruijff
github.com,SamGalanakis
github.com,matthijssteen
github.com,SanliFaez
github.com,Irosfouggari
github.com,higher-bridge
github.com,BassaniRiccardo
github.com,MandelbrotSett
github.com,idangrady
github.com,jonwangio
github.com,lucalin17081994
github.com,AmirPliev
github.com,marco-vassena
github.com,Milias
github.com,omelkonian
github.com,bsolino
github.com,lisa9000
github.com,oopsaleem
github.com,thomasjwise
github.com,alexkern1997
github.com,Rubster18
github.com,bvdhoek
github.com,bvdhoek
github.com,RELabUU
github.com,driule
github.com,basterbogt
github.com,bvdhoek
github.com,idangrady
github.com,taniafw1999
github.com,UtrechtUniversity
github.com,drjwbaker
github.com,Gionimo
github.com,esdalmaijer
github.com,whatsthehubbub
github.com,Jocelijn
github.com,TimoK
github.com,paulvdbles
github.com,JasperHG90
github.com,teddykabg
github.com,Lion-Be
github.com,Rubster18
github.com,JoostGadellaa
github.com,basmeesters
github.com,JeanJoskin
github.com,basmeesters
github.com,JanMouwes
github.com,JoostGadellaa
github.com,basmeesters
github.com,OscarKro
github.com,sasiggi
github.com,AlCorreia
github.com,iwanbok
github.com,Ferdinand-vW
github.com,JasperBurgers
github.com,ijks
github.com,JasperHG90
github.com,CasdeBruin23
github.com,UtrechtUniversity
github.com,basmeesters
github.com,yoepvanloenen
github.com,JasperHG90
github.com,UtrechtUniversity
github.com,TiborIntelSoft
github.com,littlemind
github.com,J535D165
github.com,ystouthart
github.com,BagelOrb
github.com,awlassche
github.com,anastasiaGiachanou
github.com,trymtrim
github.com,Rubster18
github.com,AndreasSaka
github.com,knkuiper
github.com,hgroenenboom
github.com,trymtrim
github.com,BassaniRiccardo
github.com,Creator13
github.com,Casper-Smet
github.com,carrielin32
github.com,layetri
github.com,Creator13
github.com,Jille00
github.com,fouadsfarijlani
github.com,m-jeu
github.com,puregome
github.com,fdekruijff
github.com,Naraenda
github.com,Zupami
github.com,Garanas
github.com,lucalin17081994
github.com,JannekeKrabbendam93
github.com,fouadsfarijlani
github.com,JoyDeRuijter
github.com,DirkBroenink
github.com,LucaScorpion
github.com,Frans-Willem
github.com,berg0138
github.com,Fonstw96
github.com,awlassche
github.com,LucaScorpion
github.com,cchara11
github.com,arothuis-hu
github.com,FloatingPoint
github.com,BjornWouters
github.com,tkoreman
github.com,SolennWalstra
github.com,basmeesters
github.com,JelmerVNuss
github.com,HayleyDeckers
github.com,DavidckPixel
github.com,michielvh1995
github.com,fdekruijff
github.com,leonardovida
github.com,JoostHouben
github.com,dedsm
github.com,lukasios12
github.com,apdekker
github.com,layetri
github.com,ThomasMol
github.com,Jerry-Jinfeng-Guo
github.com,JasperHG90
github.com,JasperHG90
github.com,Hedge4
github.com,BassaniRiccardo
github.com,TiborIntelSoft
github.com,Casper-Smet
github.com,R2D2-2018
github.com,Casper-Smet
github.com,KevindeMeijer
github.com,davidmelhart
github.com,ROSAPL
github.com,arcogelderblom
github.com,tkoreman
github.com,spicella
github.com,roelhem
github.com,Creator13
github.com,Creator13
github.com,jangerrith
github.com,wenkokke
github.com,hansschepers
github.com,richooms
github.com,CHBKoenders
github.com,svsticky
github.com,JoeyEremondi
github.com,jangerrith
github.com,amyvdham
github.com,chrisstef
github.com,HannaLiu18
github.com,matus-jan-lavko
github.com,UtrechtUniversity
github.com,BasKellerhuis
github.com,Creator13
github.com,annalenalamprecht
github.com,arnokamphuis
github.com,SamOye95
github.com,Creator13
github.com,kevin4998
github.com,casblaauw
github.com,Creator13
github.com,Creator13
github.com,Maria-Eirini
github.com,Creator13
github.com,zievathustra
github.com,LennardDeurman
github.com,zievathustra
github.com,Kaediin
github.com,ericwenn
github.com,japhir
github.com,NadineKanbier
github.com,NadineKanbier
github.com,Casper-Smet
github.com,npp97-field
github.com,Peikos
github.com,bascoder
github.com,pksupriyono
github.com,LennardDeurman
github.com,NadineKanbier
github.com,JHoogendijk
github.com,data-lessons
github.com,GertjanF
github.com,Shellydun
github.com,eajvandenbosch
github.com,inanagler
github.com,ljsmalbil
github.com,Winzum
github.com,LennardDeurman
github.com,UiL-OTS-labs-backoffice
github.com,Sprouting-angiogenesis
github.com,DriessenA
github.com,FreekStijfs
github.com,MMMPeeters1981
github.com,neurOnur
github.com,uscki
github.com,afmika
github.com,AshtonBro
