html_url_repository,coc,date
https://github.com/amices/mice,CODE_OF_CONDUCT.md,2022-02-18
https://github.com/aromanowski/2021-03-19-carpentries-test,CODE_OF_CONDUCT.md,2022-02-18
https://github.com/cjvanlissa/bain,code_of_conduct.md,2022-02-18
https://github.com/cjvanlissa/tidySEM,CODE_OF_CONDUCT.md,2022-02-18
https://github.com/CLARIAH/grlc,CODE_OF_CONDUCT.md,2022-02-18
https://github.com/growthcharts/centile,.github/CODE_OF_CONDUCT.md,2022-02-18
https://github.com/haddocking/pdb-tools,CODE_OF_CONDUCT.md,2022-02-18
https://github.com/joaomcteixeira/dropped_TaurenMD,CODE_OF_CONDUCT.md,2022-02-18
https://github.com/joaomcteixeira/HyperSimpleDocstring2Md,CODE_OF_CONDUCT.md,2022-02-18
https://github.com/joaomcteixeira/Tree-of-Life,CODE_OF_CONDUCT.md,2022-02-18
https://github.com/Jollyfant/PMAG2,lib/bootstrap-4.3.1/CODE_OF_CONDUCT.md,2022-02-18
https://github.com/leonardovida/gatsby-starter-netlify-cms,CODE_OF_CONDUCT.md,2022-02-18
https://github.com/OceanParcels/parcels,CODE_OF_CONDUCT.md,2022-02-18
https://github.com/pimlai/pimlai18,docs/CODE_OF_CONDUCT.md,2022-02-18
https://github.com/puregome/notebooks,CODE_OF_CONDUCT.md,2022-02-18
https://github.com/SanliFaez/Commons4Academics,CODE_OF_CONDUCT.md,2022-02-18
https://github.com/SanliFaez/MoreIsDifferent,CODE_OF_CONDUCT.md,2022-02-18
https://github.com/UtrechtUniversity/dataprivacyhandbook,CODE_OF_CONDUCT.md,2022-02-18
https://github.com/UUTestOrganization/2021-01-01-UtrechtUniversity,CODE_OF_CONDUCT.md,2022-02-18
