html_url_repository,file_location,date
https://github.com/a-quei/bert-chinese-classifier,README.md,2022-06-09
https://github.com/a-quei/mtuna-annotated,README.md,2022-06-09
https://github.com/a-quei/probe-neuralreg,README.md,2022-06-09
https://github.com/AJueling/EC-Earth3-data,README.md,2022-06-09
https://github.com/AJueling/FW-code,README.md,2022-06-09
https://github.com/AJueling/MV-code,README.md,2022-06-09
https://github.com/AJueling/thesis-figures,README.md,2022-06-09
https://github.com/aldertzomer/vibrio_parahaemolyticus_genomoserotyping,README.md,2022-06-09
https://github.com/alexandrosstergiou/adaPool,README.md,2022-06-09
https://github.com/alexandrosstergiou/Class-Agnostic-Feature-Visualisation,README.md,2022-06-09
https://github.com/alexandrosstergiou/Inter4K,README.md,2022-06-09
https://github.com/alexandrosstergiou/video2spectrogram,README.md,2022-06-09
https://github.com/amacanovic/SICSS-project-R,README.md,2022-06-09
https://github.com/amices/shinymice,README.Rmd,2022-06-09
https://github.com/amices/shinymice,README.md,2022-06-09
https://github.com/anastasiaGiachanou/Processing-Instagram-Packages,README.md,2022-06-09
https://github.com/anastasiaGiachanou/Programming-with-Python,README.md,2022-06-09
https://github.com/annalenalamprecht/Coffee-Partner-Lottery,README.md,2022-06-09
https://github.com/annalenalamprecht/CoTaPP,README.md,2022-06-09
https://github.com/annalenalamprecht/instructional-code,README.md,2022-06-09
https://github.com/aromanowski/binder,README.md,2022-06-09
https://github.com/aromanowski/group-website,README.md,2022-06-09
https://github.com/aromanowski/leaf3_dev,README.md,2022-06-09
https://github.com/aromanowski/LeafDev-app,README.md,2022-06-09
https://github.com/aromanowski/old_faithful,README.md,2022-06-09
https://github.com/aromanowski/roar_workshop,README.md,2022-06-09
https://github.com/asreview/.github,README.md,2022-06-09
https://github.com/asreview/.github,profile/README.md,2022-06-09
https://github.com/asreview/asreview-covid19,README.md,2022-06-09
https://github.com/asreview/asreview-extension-vocab-extractor,README.md,2022-06-09
https://github.com/asreview/asreview-multilingual-feature-extractor,README.md,2022-06-09
https://github.com/asreview/asreview-ranking-stability,README.md,2022-06-09
https://github.com/asreview/asreview-simulation-time,README.md,2022-06-09
https://github.com/asreview/asreview-wordcloud,README.md,2022-06-09
