html_url_repository,version_identifiable,date
https://github.com/a-quei/bert-chinese-classifier,False,2022-08-13
https://github.com/a-quei/guanyi.cls,False,2022-08-13
https://github.com/a-quei/mtuna-annotated,False,2022-08-13
https://github.com/a-quei/neuralreg-re-evaluation,False,2022-08-13
https://github.com/a-quei/probe-neuralreg,False,2022-08-13
https://github.com/a-quei/qtuna,False,2022-08-13
https://github.com/a-quei/quantified-description-generation,False,2022-08-13
https://github.com/a-quei/simplenlg-zh,False,2022-08-13
https://github.com/AJueling/AMWG,False,2022-08-13
https://github.com/AJueling/CESM,False,2022-08-13
https://github.com/AJueling/EC-Earth3-data,False,2022-08-13
https://github.com/AJueling/FW-code,True,2022-08-13
https://github.com/AJueling/LEC,True,2022-08-13
https://github.com/AJueling/Marit_DSL_thesis,True,2022-08-13
https://github.com/AJueling/melt,False,2022-08-13
https://github.com/AJueling/MV-code,True,2022-08-13
https://github.com/AJueling/python_climate_physics,False,2022-08-13
https://github.com/AJueling/thesis-figures,False,2022-08-13
https://github.com/aldertzomer/cgmlst,True,2022-08-13
https://github.com/aldertzomer/essentials,False,2022-08-13
https://github.com/aldertzomer/FastDeMe,True,2022-08-13
https://github.com/aldertzomer/Microbial-Genomics-2019,True,2022-08-13
https://github.com/aldertzomer/Microbial-Genomics-2021,True,2022-08-13
https://github.com/aldertzomer/ResistNanome,True,2022-08-13
https://github.com/aldertzomer/RFPlasmid,True,2022-08-13
https://github.com/aldertzomer/scripts,False,2022-08-13
https://github.com/aldertzomer/vibrio_parahaemolyticus_genomoserotyping,True,2022-08-13
https://github.com/amices/callmice,False,2022-08-13
https://github.com/amices/dsMice,False,2022-08-13
https://github.com/amices/dsMiceClient,False,2022-08-13
https://github.com/amices/ggmice,True,2022-08-13
https://github.com/amices/mice,True,2022-08-13
https://github.com/amices/mice3paper,False,2022-08-13
https://github.com/amices/MiceLearnr,False,2022-08-13
https://github.com/amices/shinymice,False,2022-08-13
https://github.com/amices/Synthemice,False,2022-08-13
https://github.com/amices/Winnipeg,False,2022-08-13
https://github.com/anastasiaGiachanou/google_semantic_location,False,2022-08-13
https://github.com/anastasiaGiachanou/Processing-Instagram-Packages,False,2022-08-13
https://github.com/anastasiaGiachanou/Programming-with-Python,False,2022-08-13
https://github.com/anastasiaGiachanou/Text-Analysis-of-National-Artificial-Intelligence-Policies,False,2022-08-13
https://github.com/annalenalamprecht/Coffee-Partner-Lottery,False,2022-08-13
https://github.com/annalenalamprecht/CoTaPP,False,2022-08-13
https://github.com/annalenalamprecht/instructional-code,False,2022-08-13
https://github.com/AnnavdKaaden/FrontiersPaper2020,False,2022-08-13
https://github.com/AnnavdKaaden/ImageAnnotation,False,2022-08-13
https://github.com/aromanowski/2021-03-19-carpentries-test,False,2022-08-13
https://github.com/aromanowski/binder,False,2022-08-13
https://github.com/aromanowski/Circadian_rhythms_and_alternative_splicing,False,2022-08-13
https://github.com/aromanowski/Circadian_rhythms_and_alternative_splicing-atspf30-1-scripts-,False,2022-08-13
https://github.com/aromanowski/Elgg,False,2022-08-13
https://github.com/aromanowski/group-website,False,2022-08-13
https://github.com/aromanowski/leaf3_dev,False,2022-08-13
https://github.com/aromanowski/LeafDev-app,False,2022-08-13
https://github.com/aromanowski/old_faithful,False,2022-08-13
https://github.com/aromanowski/roar_workshop,False,2022-08-13
https://github.com/asreview/.github,False,2022-08-13
https://github.com/asreview/asreview,True,2022-08-13
https://github.com/asreview/asreview-artwork,False,2022-08-13
https://github.com/asreview/asreview-covid19,True,2022-08-13
https://github.com/asreview/asreview-datatools,True,2022-08-13
https://github.com/asreview/asreview-extension-vocab-extractor,True,2022-08-13
https://github.com/asreview/asreview-hyperopt,True,2022-08-13
https://github.com/asreview/asreview-insights,True,2022-08-13
https://github.com/asreview/asreview-multilingual-feature-extractor,True,2022-08-13
https://github.com/asreview/asreview-project-files-testing,False,2022-08-13
https://github.com/asreview/asreview-ranking-stability,False,2022-08-13
https://github.com/asreview/asreview-simulation-time,False,2022-08-13
https://github.com/asreview/asreview-wordcloud,True,2022-08-13
https://github.com/asreview/automated-systematic-review-simulations,False,2022-08-13
https://github.com/asreview/citation-file-formatting,False,2022-08-13
https://github.com/asreview/paper-asreview,True,2022-08-13
https://github.com/asreview/paper-depression-brouwer-simulation-ATD,True,2022-08-13
https://github.com/asreview/paper-evaluating-models-across-research-areas,True,2022-08-13
https://github.com/asreview/paper-guidelines-KIFMS,False,2022-08-13
https://github.com/asreview/paper-megameta-hyperparameter-training,True,2022-08-13
https://github.com/asreview/paper-megameta-postprocessing-screeningresults,True,2022-08-13
https://github.com/asreview/paper-simulating-risk-analysis-documents-KNMP,True,2022-08-13
https://github.com/asreview/paper-simulation-smid-2020-mbr,False,2022-08-13
https://github.com/asreview/semantic-clusters,True,2022-08-13
https://github.com/asreview/systematic-review-datasets,False,2022-08-13
https://github.com/asreview/template-extension-new-dataset,True,2022-08-13
https://github.com/asreview/template-extension-new-model,False,2022-08-13
https://github.com/basm92/applied_microeconometrics,False,2022-08-13
https://github.com/basm92/basm92,False,2022-08-13
https://github.com/basm92/Big-Data-Big-Questions,False,2022-08-13
https://github.com/basm92/Clio,False,2022-08-13
https://github.com/basm92/conclusion_phdthesis,False,2022-08-13
https://github.com/basm92/datasciencecoursera,False,2022-08-13
https://github.com/basm92/deep_learning,False,2022-08-13
https://github.com/basm92/econometrics2,False,2022-08-13
https://github.com/basm92/econometrics_i,False,2022-08-13
https://github.com/basm92/econometrics_iii,False,2022-08-13
https://github.com/basm92/Getting-and-Cleaning-Data,False,2022-08-13
https://github.com/basm92/hdng,False,2022-08-13
https://github.com/basm92/jesper_work,False,2022-08-13
https://github.com/basm92/macroeconomics_i,False,2022-08-13
https://github.com/basm92/micro2_gametheory,False,2022-08-13
https://github.com/basm92/Miscprojects,False,2022-08-13
https://github.com/basm92/Polcon_Indonesia,False,2022-08-13
https://github.com/basm92/polelite_votingbehavior,False,2022-08-13
https://github.com/basm92/Polrents,False,2022-08-13
https://github.com/basm92/replication_packages,False,2022-08-13
https://github.com/basm92/R_Introduction,False,2022-08-13
https://github.com/basm92/TheWoDPE,False,2022-08-13
https://github.com/basm92/UU_PhD_BasMachielsen,False,2022-08-13
https://github.com/basm92/website,False,2022-08-13
https://github.com/Bastiaansen/Climate_Feedback_Projections,True,2022-08-13
https://github.com/Bastiaansen/MCLR-ECS-estimation,True,2022-08-13
https://github.com/berg0138/NumericalMethods_Python,False,2022-08-13
https://github.com/billjee/BataclanSlim,False,2022-08-13
https://github.com/billjee/bsmd,False,2022-08-13
https://github.com/billjee/simpsynz,False,2022-08-13
https://github.com/bjcs39/bjcs39,False,2022-08-13
https://github.com/bjcs39/Import-Data,False,2022-08-13
https://github.com/boer0107/PlanS_compliancy,False,2022-08-13
https://github.com/bokertof/alignment,False,2022-08-13
https://github.com/bokertof/ChemTokenizer,False,2022-08-13
https://github.com/bokertof/cif_reader,False,2022-08-13
https://github.com/bokertof/deep_learning_projects,False,2022-08-13
https://github.com/bokertof/vdw,False,2022-08-13
https://github.com/chauncyzhu/analysis,False,2022-08-13
https://github.com/chauncyzhu/csdnSMP,False,2022-08-13
https://github.com/chauncyzhu/deep_learning_class,False,2022-08-13
https://github.com/chauncyzhu/deep_learning_classthree,False,2022-08-13
https://github.com/chauncyzhu/deep_learning_classtwo,False,2022-08-13
https://github.com/chauncyzhu/Gridworld,False,2022-08-13
https://github.com/chauncyzhu/homework_fall2020,False,2022-08-13
https://github.com/chauncyzhu/HumanLearning,False,2022-08-13
https://github.com/chauncyzhu/JAAMAS2020,False,2022-08-13
https://github.com/chauncyzhu/machinelearning_class_four,False,2022-08-13
https://github.com/chauncyzhu/Mario,False,2022-08-13
https://github.com/chauncyzhu/neuralSentence,False,2022-08-13
https://github.com/chauncyzhu/publications,False,2022-08-13
https://github.com/chauncyzhu/pursuitgame,False,2022-08-13
https://github.com/chauncyzhu/resume,False,2022-08-13
https://github.com/chauncyzhu/sentimentanalysis,False,2022-08-13
https://github.com/chauncyzhu/spreadgame,False,2022-08-13
https://github.com/chauncyzhu/squad,False,2022-08-13
https://github.com/chauncyzhu/textclassification,False,2022-08-13
https://github.com/cjvanlissa/bain,False,2022-08-13
https://github.com/cjvanlissa/bain_parser,False,2022-08-13
https://github.com/cjvanlissa/bayesynth,False,2022-08-13
https://github.com/cjvanlissa/BFpack_paper,False,2022-08-13
https://github.com/cjvanlissa/coping_covid,False,2022-08-13
https://github.com/cjvanlissa/COVID19_metadata,False,2022-08-13
https://github.com/cjvanlissa/developmentaldatascience,False,2022-08-13
https://github.com/cjvanlissa/gitbook-demo,False,2022-08-13
https://github.com/cjvanlissa/gorica,False,2022-08-13
https://github.com/cjvanlissa/hackaton_sciencefunding,False,2022-08-13
https://github.com/cjvanlissa/hroberts_cbs,False,2022-08-13
https://github.com/cjvanlissa/hroberts_natural,False,2022-08-13
https://github.com/cjvanlissa/ic_mixture,False,2022-08-13
https://github.com/cjvanlissa/IHBT-SEM,False,2022-08-13
https://github.com/cjvanlissa/involvement_quant_qual,False,2022-08-13
https://github.com/cjvanlissa/kindness_meta-analysis,False,2022-08-13
https://github.com/cjvanlissa/LazySEM,False,2022-08-13
https://github.com/cjvanlissa/lise_microplastics,False,2022-08-13
https://github.com/cjvanlissa/MAC,False,2022-08-13
https://github.com/cjvanlissa/manyanalysts_religion,False,2022-08-13
https://github.com/cjvanlissa/metaforest,False,2022-08-13
https://github.com/cjvanlissa/MetaForest_paper,False,2022-08-13
https://github.com/cjvanlissa/meta_caregivers,False,2022-08-13
https://github.com/cjvanlissa/meta_fathers,False,2022-08-13
https://github.com/cjvanlissa/meta_workshop,False,2022-08-13
https://github.com/cjvanlissa/missingnessTools,False,2022-08-13
https://github.com/cjvanlissa/mixtures,False,2022-08-13
https://github.com/cjvanlissa/moral_politics,False,2022-08-13
https://github.com/cjvanlissa/motley,False,2022-08-13
https://github.com/cjvanlissa/mpib,False,2022-08-13
https://github.com/cjvanlissa/MSRC_LPA,False,2022-08-13
https://github.com/cjvanlissa/pac_presentation,False,2022-08-13
https://github.com/cjvanlissa/pema,False,2022-08-13
https://github.com/cjvanlissa/placebo_adhd,False,2022-08-13
https://github.com/cjvanlissa/psycorona_trust,False,2022-08-13
https://github.com/cjvanlissa/reproducible_template,False,2022-08-13
https://github.com/cjvanlissa/resume,False,2022-08-13
https://github.com/cjvanlissa/S20,False,2022-08-13
https://github.com/cjvanlissa/S23,False,2022-08-13
https://github.com/cjvanlissa/S23_student,False,2022-08-13
https://github.com/cjvanlissa/schumpe,False,2022-08-13
https://github.com/cjvanlissa/shiny_errata,False,2022-08-13
https://github.com/cjvanlissa/shiny_welzijnsmeter,False,2022-08-13
https://github.com/cjvanlissa/sra_demo,False,2022-08-13
https://github.com/cjvanlissa/storm_meta_father_mother,False,2022-08-13
https://github.com/cjvanlissa/TCSM,False,2022-08-13
https://github.com/cjvanlissa/TCSM_student,False,2022-08-13
https://github.com/cjvanlissa/teaching,False,2022-08-13
https://github.com/cjvanlissa/test-gitbook,False,2022-08-13
https://github.com/cjvanlissa/test_gert,False,2022-08-13
https://github.com/cjvanlissa/test_https,False,2022-08-13
https://github.com/cjvanlissa/test_ssh,False,2022-08-13
https://github.com/cjvanlissa/tidySEM,False,2022-08-13
https://github.com/cjvanlissa/tmp,False,2022-08-13
https://github.com/cjvanlissa/tmp_lakens,False,2022-08-13
https://github.com/cjvanlissa/tmp_sh2,False,2022-08-13
https://github.com/cjvanlissa/universe,False,2022-08-13
https://github.com/cjvanlissa/veni_sysrev,False,2022-08-13
https://github.com/cjvanlissa/worcs,False,2022-08-13
https://github.com/cjvanlissa/worcshop_demo,False,2022-08-13
https://github.com/cjvanlissa/worcs_demo,False,2022-08-13
https://github.com/cjvanlissa/worcs_oscoffee,False,2022-08-13
https://github.com/CLARIAH/ATM,False,2022-08-13
https://github.com/CLARIAH/awesome-humanities-ontologies,False,2022-08-13
https://github.com/CLARIAH/BdVteaching,False,2022-08-13
https://github.com/CLARIAH/BdVteaching-queries,False,2022-08-13
https://github.com/CLARIAH/benchmark,False,2022-08-13
https://github.com/CLARIAH/burgerLinker,True,2022-08-13
https://github.com/CLARIAH/cattle,False,2022-08-13
https://github.com/CLARIAH/cattle-druid,False,2022-08-13
https://github.com/CLARIAH/claas-authentication,False,2022-08-13
https://github.com/CLARIAH/clariah-plus,False,2022-08-13
https://github.com/CLARIAH/clariah-plus-tasks,False,2022-08-13
https://github.com/CLARIAH/CLARIAH-use-cases,False,2022-08-13
https://github.com/CLARIAH/COW,False,2022-08-13
https://github.com/CLARIAH/cow_tutorial,False,2022-08-13
https://github.com/CLARIAH/DANE,False,2022-08-13
https://github.com/CLARIAH/DANE-server,False,2022-08-13
https://github.com/CLARIAH/data-stories,False,2022-08-13
https://github.com/CLARIAH/geoconnect,False,2022-08-13
https://github.com/CLARIAH/grlc,True,2022-08-13
https://github.com/CLARIAH/grlc-queries,True,2022-08-13
https://github.com/CLARIAH/grlcR,False,2022-08-13
https://github.com/CLARIAH/harvest-config,False,2022-08-13
https://github.com/CLARIAH/HDNG,False,2022-08-13
https://github.com/CLARIAH/hhucap,False,2022-08-13
https://github.com/CLARIAH/humigec,False,2022-08-13
https://github.com/CLARIAH/IG,False,2022-08-13
https://github.com/CLARIAH/IG-Annotation,False,2022-08-13
https://github.com/CLARIAH/IG-AVProcessing,False,2022-08-13
https://github.com/CLARIAH/IG-Curation,False,2022-08-13
https://github.com/CLARIAH/IG-LOD,False,2022-08-13
https://github.com/CLARIAH/IG-LOD-Findability,False,2022-08-13
https://github.com/CLARIAH/IG-Sustainability,False,2022-08-13
https://github.com/CLARIAH/IG-Text,False,2022-08-13
https://github.com/CLARIAH/IG-Vocabularies,False,2022-08-13
https://github.com/CLARIAH/IG-Workflows,False,2022-08-13
https://github.com/CLARIAH/iribaker,True,2022-08-13
https://github.com/CLARIAH/jobHoard,False,2022-08-13
https://github.com/CLARIAH/LDProxy,False,2022-08-13
https://github.com/CLARIAH/LINKS,False,2022-08-13
https://github.com/CLARIAH/mediasuite-blog,False,2022-08-13
https://github.com/CLARIAH/nlgis,False,2022-08-13
https://github.com/CLARIAH/oai-rs-client,False,2022-08-13
https://github.com/CLARIAH/pure3d,False,2022-08-13
https://github.com/CLARIAH/qber,False,2022-08-13
https://github.com/CLARIAH/ruminator,False,2022-08-13
https://github.com/CLARIAH/scholarly-web-annotation,False,2022-08-13
https://github.com/CLARIAH/scholarly-web-annotation-server,False,2022-08-13
https://github.com/CLARIAH/serpens,False,2022-08-13
https://github.com/CLARIAH/skosmos,False,2022-08-13
https://github.com/CLARIAH/software-quality-guidelines,True,2022-08-13
https://github.com/CLARIAH/stan-client,False,2022-08-13
https://github.com/CLARIAH/tool-discovery,False,2022-08-13
https://github.com/CLARIAH/tool-metadata,False,2022-08-13
https://github.com/CLARIAH/usecases,False,2022-08-13
https://github.com/CLARIAH/video-annotation-interoperability,False,2022-08-13
https://github.com/CLARIAH/virtuoso-quad-log,True,2022-08-13
https://github.com/CLARIAH/vocabs,False,2022-08-13
https://github.com/CLARIAH/webannotation-examples,False,2022-08-13
https://github.com/CLARIAH/wp2-GISLOD,False,2022-08-13
https://github.com/CLARIAH/wp2-interaction,False,2022-08-13
https://github.com/CLARIAH/wp3-head-words,False,2022-08-13
https://github.com/CLARIAH/wp3-management,False,2022-08-13
https://github.com/CLARIAH/wp3-multilingual-finegrained-entity-typing,False,2022-08-13
https://github.com/CLARIAH/wp3-queries,False,2022-08-13
https://github.com/CLARIAH/wp3-semantic-parsing-Dutch,False,2022-08-13
https://github.com/CLARIAH/wp3-vocab-conversion,False,2022-08-13
https://github.com/CLARIAH/wp4-civreg,False,2022-08-13
https://github.com/CLARIAH/wp4-clioinfra,False,2022-08-13
https://github.com/CLARIAH/wp4-cow-conversions,False,2022-08-13
https://github.com/CLARIAH/wp4-dataDay,False,2022-08-13
https://github.com/CLARIAH/wp4-datalegend-api,True,2022-08-13
https://github.com/CLARIAH/wp4-dataset-management,False,2022-08-13
https://github.com/CLARIAH/wp4-docs,False,2022-08-13
https://github.com/CLARIAH/wp4-druid,False,2022-08-13
https://github.com/CLARIAH/wp4-inspector,False,2022-08-13
https://github.com/computationalgeography/campo,False,2022-08-13
https://github.com/computationalgeography/hello_eejit,False,2022-08-13
https://github.com/computationalgeography/land_surface_data_generator,False,2022-08-13
https://github.com/computationalgeography/lue,True,2022-08-13
https://github.com/computationalgeography/lue_qa,False,2022-08-13
https://github.com/computationalgeography/minimal_biomass_soil_model,False,2022-08-13
https://github.com/computationalgeography/obia,False,2022-08-13
https://github.com/computationalgeography/opengeohub2021,False,2022-08-13
https://github.com/computationalgeography/paper_2020_scalable_algorithms,False,2022-08-13
https://github.com/computationalgeography/paper_2021_routing,False,2022-08-13
https://github.com/computationalgeography/pycatch,False,2022-08-13
https://github.com/D-score/childdevdata,True,2022-08-13
https://github.com/D-score/dbook-apps,False,2022-08-13
https://github.com/D-score/dbook1,True,2022-08-13
https://github.com/D-score/dbook2,True,2022-08-13
https://github.com/D-score/dscore,True,2022-08-13
https://github.com/D-score/gsedread,False,2022-08-13
https://github.com/D-score/gsedscripts,False,2022-08-13
https://github.com/daanreijnders/arctic-connectivity,False,2022-08-13
https://github.com/daanreijnders/bound-to-the-data,False,2022-08-13
https://github.com/daanreijnders/isoneutral-dispersion,False,2022-08-13
https://github.com/daanreijnders/snippets,False,2022-08-13
https://github.com/daanreijnders/trapping_internal_tides,False,2022-08-13
https://github.com/daob/automtmm,False,2022-08-13
https://github.com/daob/EPC-interest-ranking-paper,False,2022-08-13
https://github.com/daob/esra-ml-course,False,2022-08-13
https://github.com/daob/ess-research,False,2022-08-13
https://github.com/daob/JruleMplus,False,2022-08-13
https://github.com/daob/lavaan.survey,True,2022-08-13
https://github.com/daob/lavaan.survey.fiml,False,2022-08-13
https://github.com/daob/Measurement-error-models,False,2022-08-13
https://github.com/daob/SQP,False,2022-08-13
https://github.com/daob/vaccine-misclassification,False,2022-08-13
https://github.com/dasscheman/bar,True,2022-08-13
https://github.com/dasscheman/BierBlog,False,2022-08-13
https://github.com/dasscheman/DilemmaGame,False,2022-08-13
https://github.com/dasscheman/glazenwassers,False,2022-08-13
https://github.com/dasscheman/hike-app,True,2022-08-13
https://github.com/dasscheman/hike_development,False,2022-08-13
https://github.com/dasscheman/LOVD3_development,False,2022-08-13
https://github.com/dasscheman/LOVD_tools,False,2022-08-13
https://github.com/dasscheman/photobooth,False,2022-08-13
https://github.com/dasscheman/pibooth,False,2022-08-13
https://github.com/dasscheman/yii2-app-basic,False,2022-08-13
https://github.com/dasscheman/yii2-leaflet-character-icon,True,2022-08-13
https://github.com/davidcortesortuno/alma_tutorials_mumax3_workshop,False,2022-08-13
https://github.com/davidcortesortuno/aps_search,False,2022-08-13
https://github.com/davidcortesortuno/conference_style,False,2022-08-13
https://github.com/davidcortesortuno/dotfiles,False,2022-08-13
https://github.com/davidcortesortuno/latex_template_naranja,False,2022-08-13
https://github.com/davidcortesortuno/learning_cuda,False,2022-08-13
https://github.com/davidcortesortuno/master_thesis_physics_utfsm_2013,False,2022-08-13
https://github.com/davidcortesortuno/mayavi_surface_povray,False,2022-08-13
https://github.com/davidcortesortuno/nb_cat,False,2022-08-13
https://github.com/davidcortesortuno/nebm_plot_tools,True,2022-08-13
https://github.com/davidcortesortuno/nebm_test_system_micromagnetic,False,2022-08-13
https://github.com/davidcortesortuno/oommfpy,True,2022-08-13
https://github.com/davidcortesortuno/oommf_sk_number,True,2022-08-13
https://github.com/davidcortesortuno/paper-2016-Cortes-etal-Thermal-stability-and-topological-protection-of-skyrmions,True,2022-08-13
https://github.com/davidcortesortuno/paper-2018-chiral_magnonic_crystals,True,2022-08-13
https://github.com/davidcortesortuno/paper-2019_nanoscale_skyrmions_target_states_confined_geometries,True,2022-08-13
https://github.com/davidcortesortuno/paper-2020_real-space_imaging_of_confined_magnetic_skyrmion_tubes,True,2022-08-13
https://github.com/davidcortesortuno/paper-2021_bloch_point_mediated_skyrmion_annihilation_in_three_dimensions,True,2022-08-13
https://github.com/davidcortesortuno/paper-2022_toggle-like_current_induced_bp_dynamics_3d_skyrmion_strings,True,2022-08-13
https://github.com/davidcortesortuno/paper_biskyrmions_bubbles,True,2022-08-13
https://github.com/davidcortesortuno/plomo_template,False,2022-08-13
https://github.com/davidcortesortuno/poetry_cython_proj,False,2022-08-13
https://github.com/davidcortesortuno/povray_vectorfield,False,2022-08-13
https://github.com/davidcortesortuno/skyrmion_mapping,False,2022-08-13
https://github.com/davidcortesortuno/skyrmion_model_widget,False,2022-08-13
https://github.com/davidcortesortuno/sundials_examples,False,2022-08-13
https://github.com/DerekKarssenberg/test,False,2022-08-13
https://github.com/DH-IT-Portal-Development/django-shared-core,True,2022-08-13
https://github.com/DH-IT-Portal-Development/ethics,True,2022-08-13
https://github.com/DH-IT-Portal-Development/procreg,False,2022-08-13
https://github.com/DieStok/Basic-Machine-Learning-for-Bioinformatics,False,2022-08-13
https://github.com/DieStok/BooleanNetworkPractical2021,False,2022-08-13
https://github.com/DieStok/Chicken,False,2022-08-13
https://github.com/DieStok/MHCPathwayNaiveBayesianClassifier,False,2022-08-13
https://github.com/DieStok/PracticalEssentialsCourseDataViz23_09_2021,False,2022-08-13
https://github.com/DieStok/PracticalEssentialsCourseNumericalIntegrationAndFitting,False,2022-08-13
https://github.com/DieStok/PracticalEssentialsCourseUUSeptember212021,False,2022-08-13
https://github.com/DieStok/PredictingDNALoopsWithChromatinMarksRandomForests,False,2022-08-13
https://github.com/DorienHuijser/cd2-survey,True,2022-08-13
https://github.com/DorienHuijser/dorienhuijser,False,2022-08-13
https://github.com/DorienHuijser/ExplDataAn_CourseProjectWeek4,False,2022-08-13
https://github.com/DorienHuijser/GettingCleaningDataCourseProject,False,2022-08-13
https://github.com/DorienHuijser/MRIsharingguide,False,2022-08-13
https://github.com/duyguislakoglu/ai-ml-dl-resources,False,2022-08-13
https://github.com/duyguislakoglu/awesome-graph-ml,False,2022-08-13
https://github.com/duyguislakoglu/cs188,False,2022-08-13
https://github.com/duyguislakoglu/cs231n,False,2022-08-13
https://github.com/duyguislakoglu/data_structures,False,2022-08-13
https://github.com/duyguislakoglu/deep_learning_course,False,2022-08-13
https://github.com/duyguislakoglu/eulers_monopoly,False,2022-08-13
https://github.com/duyguislakoglu/functional_programming,False,2022-08-13
https://github.com/duyguislakoglu/handwritten_notes,False,2022-08-13
https://github.com/duyguislakoglu/julia_graph_convolutional_networks,False,2022-08-13
https://github.com/duyguislakoglu/machine_learning,False,2022-08-13
https://github.com/duyguislakoglu/numerical_methods,False,2022-08-13
https://github.com/duyguislakoglu/operating_systems,False,2022-08-13
https://github.com/dzamrsky/SWAMPy-tools,False,2022-08-13
https://github.com/EgilFischer/Bluetongue,False,2022-08-13
https://github.com/EgilFischer/GenericInfectiousDiseaseModels,False,2022-08-13
https://github.com/EgilFischer/mink-cat,False,2022-08-13
https://github.com/EgilFischer/MITAR,False,2022-08-13
https://github.com/EgilFischer/TransmissionEstimation,False,2022-08-13
https://github.com/ekatrukha/AIS,False,2022-08-13
https://github.com/ekatrukha/Axonal_transport_model,False,2022-08-13
https://github.com/ekatrukha/BigTrace,True,2022-08-13
https://github.com/ekatrukha/ComDet,True,2022-08-13
https://github.com/ekatrukha/ContourLines,False,2022-08-13
https://github.com/ekatrukha/Correlescence,True,2022-08-13
https://github.com/ekatrukha/CurveTrace,True,2022-08-13
https://github.com/ekatrukha/DoM_Utrecht,True,2022-08-13
https://github.com/ekatrukha/KymoResliceWide,True,2022-08-13
https://github.com/ekatrukha/MTA,False,2022-08-13
https://github.com/ekatrukha/PTU_Reader,False,2022-08-13
https://github.com/ekatrukha/radialitymap,True,2022-08-13
https://github.com/ekatrukha/RegisterNDFFT,False,2022-08-13
https://github.com/ekatrukha/rods-detection-in-noisy-images,False,2022-08-13
https://github.com/ekatrukha/rods_bending,False,2022-08-13
https://github.com/ekatrukha/TrackMate2MTrackJ,False,2022-08-13
https://github.com/ekatrukha/ZstackDepthColorCode,False,2022-08-13
https://github.com/ellenhamaker/DSEM-book-chapter,False,2022-08-13
https://github.com/ellenhamaker/RI-CLPM,False,2022-08-13
https://github.com/emmekeaarts/mHMMbayes,True,2022-08-13
https://github.com/franciscapessanha/Asteroids-clone,False,2022-08-13
https://github.com/franciscapessanha/Hand-pose-recognition,False,2022-08-13
https://github.com/franciscapessanha/Lusitannia,False,2022-08-13
https://github.com/franciscapessanha/Porto-landmarks-recognition,False,2022-08-13
https://github.com/franciscapessanha/Pulmonary-nodules-analysis,False,2022-08-13
https://github.com/franciscapessanha/Sheep-game,False,2022-08-13
https://github.com/FridoF/PyTom,True,2022-08-13
https://github.com/ganropa/drought,False,2022-08-13
https://github.com/ganropa/Examples,False,2022-08-13
https://github.com/gbeckers/agldata,False,2022-08-13
https://github.com/gbeckers/Birdwatcher,True,2022-08-13
https://github.com/gbeckers/Darr,False,2022-08-13
https://github.com/gbeckers/jadeR,False,2022-08-13
https://github.com/gbeckers/ndarrayarray,False,2022-08-13
https://github.com/gbeckers/Praat_scripts,False,2022-08-13
https://github.com/gbeckers/pyagl,False,2022-08-13
https://github.com/gbeckers/sound,False,2022-08-13
https://github.com/gbeckers/soundlab,False,2022-08-13
https://github.com/gbeckers/soundstimbuilder,False,2022-08-13
https://github.com/georkap/ego_md_mtl,False,2022-08-13
https://github.com/georkap/faster-rcnnwv.pytorch,False,2022-08-13
https://github.com/georkap/hand_track_classification,False,2022-08-13
https://github.com/georkap/object-based-location-classification,False,2022-08-13
https://github.com/gerb-ster/1x7-2x3-Buffer,False,2022-08-13
https://github.com/gerb-ster/5-Channel-Mixer,False,2022-08-13
https://github.com/gerb-ster/CoronDS8-Clone,False,2022-08-13
https://github.com/gerb-ster/Curstis-VCO,False,2022-08-13
https://github.com/gerb-ster/Curtis-Dual-VCA,True,2022-08-13
https://github.com/gerb-ster/Curtis-VC-ADSR,True,2022-08-13
https://github.com/gerb-ster/CV-Utils,True,2022-08-13
https://github.com/gerb-ster/Echo-Reverb,False,2022-08-13
https://github.com/gerb-ster/Elka-Synthex-Curtis-VCF,False,2022-08-13
https://github.com/gerb-ster/EurorackBreakOutBoard,False,2022-08-13
https://github.com/gerb-ster/MegaPercussionSynth,False,2022-08-13
https://github.com/gerb-ster/MiniMoog-VCF,False,2022-08-13
https://github.com/gerb-ster/ModularSequencer,False,2022-08-13
https://github.com/gerb-ster/MS20-VCF,False,2022-08-13
https://github.com/gerb-ster/Noise-Clock-Sample-and-Hold,False,2022-08-13
https://github.com/gerb-ster/RayWilson-Dual-VCA,False,2022-08-13
https://github.com/gerb-ster/RingMod,False,2022-08-13
https://github.com/gerb-ster/Ronnberg-LFO,False,2022-08-13
https://github.com/gerb-ster/SCM-140-ADSR,False,2022-08-13
https://github.com/gerb-ster/Steiner-VCF,False,2022-08-13
https://github.com/gerb-ster/TH-555-VCO,False,2022-08-13
https://github.com/gerb-ster/TH-566-VCO,False,2022-08-13
https://github.com/gerb-ster/TR82-mk2-Kicks,False,2022-08-13
https://github.com/gerb-ster/TR82-mk2-Sequencer,False,2022-08-13
https://github.com/gerb-ster/Vulcan-DCO,False,2022-08-13
https://github.com/gerb-ster/WaveFolder,False,2022-08-13
https://github.com/gerb-ster/YUSynth-LFO,False,2022-08-13
https://github.com/gerb-ster/YUSynth-VC-Stereo-Mixer,False,2022-08-13
https://github.com/gerkovink/Anova,False,2022-08-13
https://github.com/gerkovink/datasets,False,2022-08-13
https://github.com/gerkovink/erasmus,False,2022-08-13
https://github.com/gerkovink/evaluation,False,2022-08-13
https://github.com/gerkovink/fundamentals,False,2022-08-13
https://github.com/gerkovink/FUSO2022,False,2022-08-13
https://github.com/gerkovink/gerkovinkcom,False,2022-08-13
https://github.com/gerkovink/INFOMDA1-2021,False,2022-08-13
https://github.com/gerkovink/JOS_Unit-nonresponse_and_Inference,False,2022-08-13
https://github.com/gerkovink/London2019,False,2022-08-13
https://github.com/gerkovink/markup,False,2022-08-13
https://github.com/gerkovink/Markup-Programming,False,2022-08-13
https://github.com/gerkovink/markup2020,False,2022-08-13
https://github.com/gerkovink/markup2021,False,2022-08-13
https://github.com/gerkovink/MarkupLanguages2019,False,2022-08-13
https://github.com/gerkovink/mice-inator,False,2022-08-13
https://github.com/gerkovink/MICEmeeting,False,2022-08-13
https://github.com/gerkovink/miceVignettes,False,2022-08-13
https://github.com/gerkovink/NotApplicable_ADS,False,2022-08-13
https://github.com/gerkovink/OpenScienceFund2022,False,2022-08-13
https://github.com/gerkovink/Padova,False,2022-08-13
https://github.com/gerkovink/parlMICE,False,2022-08-13
https://github.com/gerkovink/Pooling_MI,False,2022-08-13
https://github.com/gerkovink/Prediction_ADS,False,2022-08-13
https://github.com/gerkovink/prepR,False,2022-08-13
https://github.com/gerkovink/published,False,2022-08-13
https://github.com/gerkovink/quickmice,False,2022-08-13
https://github.com/gerkovink/quickR,False,2022-08-13
https://github.com/gerkovink/R,False,2022-08-13
https://github.com/gerkovink/rabobank,False,2022-08-13
https://github.com/gerkovink/ResearchSeminar_1,False,2022-08-13
https://github.com/gerkovink/RforFSS,False,2022-08-13
https://github.com/gerkovink/rijkR,False,2022-08-13
https://github.com/gerkovink/sda,False,2022-08-13
https://github.com/gerkovink/slv,False,2022-08-13
https://github.com/gerkovink/StatsR_ASW,False,2022-08-13
https://github.com/gerkovink/Synthetic_ADS,False,2022-08-13
https://github.com/gerkovink/Xplain,False,2022-08-13
https://github.com/Gionimo/InteractiveNarrator,False,2022-08-13
https://github.com/giovannivarr/Complexity-of-Locally-Fair-Allocations-on-Graphs,False,2022-08-13
https://github.com/giovannivarr/RetiElaboratori16-17,False,2022-08-13
https://github.com/giovannivarr/SynthesisingRMsMARL,False,2022-08-13
https://github.com/gjlbeckers-uu/aglcheck,True,2022-08-13
https://github.com/growthcharts/bdsreader,False,2022-08-13
https://github.com/growthcharts/brokenstick,True,2022-08-13
https://github.com/growthcharts/centile,False,2022-08-13
https://github.com/growthcharts/chartbox,True,2022-08-13
https://github.com/growthcharts/chartcatalog,True,2022-08-13
https://github.com/growthcharts/chartplotter,False,2022-08-13
https://github.com/growthcharts/curvematching,False,2022-08-13
https://github.com/growthcharts/growthscreener,True,2022-08-13
https://github.com/growthcharts/james,False,2022-08-13
https://github.com/growthcharts/jamesclient,False,2022-08-13
https://github.com/growthcharts/jamesdemo,False,2022-08-13
https://github.com/growthcharts/jamesdemodata,False,2022-08-13
https://github.com/growthcharts/jamesdocs,False,2022-08-13
https://github.com/growthcharts/nlreferences,False,2022-08-13
https://github.com/gspeed0689/Benelux-Sentinel2-RGBI-NDVI,False,2022-08-13
https://github.com/gspeed0689/KML-Heading-Removal,False,2022-08-13
https://github.com/gspeed0689/photo-management-2022,False,2022-08-13
https://github.com/gspeed0689/PiCalculationsPy,False,2022-08-13
https://github.com/gspeed0689/pod-assistant,False,2022-08-13
https://github.com/gspeed0689/target-sphere-labels,False,2022-08-13
https://github.com/gspeed0689/various,False,2022-08-13
https://github.com/haddocking/3D-DART,False,2022-08-13
https://github.com/haddocking/3D-DART-server,False,2022-08-13
https://github.com/haddocking/benchmark-tools,True,2022-08-13
https://github.com/haddocking/binding-affinity-benchmark,False,2022-08-13
https://github.com/haddocking/bioexcel-IO,False,2022-08-13
https://github.com/haddocking/BM5-clean,True,2022-08-13
https://github.com/haddocking/Capri51-Target183,False,2022-08-13
https://github.com/haddocking/CASP-CAPRI-T70-tutorial,True,2022-08-13
https://github.com/haddocking/cport,False,2022-08-13
https://github.com/haddocking/cyclic-peptides,True,2022-08-13
https://github.com/haddocking/D3R-tools,False,2022-08-13
https://github.com/haddocking/DACUM,False,2022-08-13
https://github.com/haddocking/disvis,True,2022-08-13
https://github.com/haddocking/DNA-ligand-benchmark,False,2022-08-13
https://github.com/haddocking/EDES,False,2022-08-13
https://github.com/haddocking/fandas,False,2022-08-13
https://github.com/haddocking/fcc,False,2022-08-13
https://github.com/haddocking/glycan-docking-benchmark,False,2022-08-13
https://github.com/haddocking/HADDOCK-antibody-antigen,False,2022-08-13
https://github.com/haddocking/HADDOCK-binding-sites-tutorial,False,2022-08-13
https://github.com/haddocking/haddock-pilot,True,2022-08-13
https://github.com/haddocking/haddock-tools,True,2022-08-13
https://github.com/haddocking/haddock24-json-editor,False,2022-08-13
https://github.com/haddocking/haddock2mmcif,False,2022-08-13
https://github.com/haddocking/haddock3,False,2022-08-13
https://github.com/haddocking/haddock_param_tools,False,2022-08-13
https://github.com/haddocking/iSee,False,2022-08-13
https://github.com/haddocking/MD-scoring,False,2022-08-13
https://github.com/haddocking/MemCplxDB,True,2022-08-13
https://github.com/haddocking/molmod-education,False,2022-08-13
https://github.com/haddocking/MolMod-scripts,False,2022-08-13
https://github.com/haddocking/pdb-tools,False,2022-08-13
https://github.com/haddocking/physiological_homodimers_benchmark,False,2022-08-13
https://github.com/haddocking/powerfit,True,2022-08-13
https://github.com/haddocking/powerfit-tutorial,True,2022-08-13
https://github.com/haddocking/prodigy,True,2022-08-13
https://github.com/haddocking/prodigy-cryst,False,2022-08-13
https://github.com/haddocking/prodigy-lig,True,2022-08-13
https://github.com/haddocking/Prot-DNABenchmark,True,2022-08-13
https://github.com/haddocking/protein-peptide-docking_1CZY,False,2022-08-13
https://github.com/haddocking/refine-EM-complexes,False,2022-08-13
https://github.com/haddocking/samplex,False,2022-08-13
https://github.com/haddocking/SARS-COV2-NTD-SIA-modelling,True,2022-08-13
https://github.com/haddocking/shape-restrained-haddocking,False,2022-08-13
https://github.com/haddocking/vmbuilder,False,2022-08-13
https://github.com/haddocking/whiscy,True,2022-08-13
https://github.com/hamediut/GeoWGAN-GP,False,2022-08-13
https://github.com/hanneoberman/ADS_thesis_template,False,2022-08-13
https://github.com/hanneoberman/convergence,False,2022-08-13
https://github.com/hanneoberman/CV,False,2022-08-13
https://github.com/hanneoberman/hanneoberman,False,2022-08-13
https://github.com/hanneoberman/litmice,False,2022-08-13
https://github.com/hanneoberman/meta-equi,False,2022-08-13
https://github.com/hanneoberman/MIMP,False,2022-08-13
https://github.com/hanneoberman/MissingThePoint,False,2022-08-13
https://github.com/hanneoberman/MLRP,False,2022-08-13
https://github.com/hanneoberman/multilevelmice,False,2022-08-13
https://github.com/hanneoberman/presentations,False,2022-08-13
https://github.com/hanneoberman/projects,False,2022-08-13
https://github.com/hanneoberman/publications,False,2022-08-13
https://github.com/hanneoberman/quarto,False,2022-08-13
https://github.com/hanneoberman/real-time-missing,False,2022-08-13
https://github.com/hanneoberman/review_missing_data,False,2022-08-13
https://github.com/hanneoberman/svy,False,2022-08-13
https://github.com/hanneoberman/viscomm2021,False,2022-08-13
https://github.com/hecklab/glyco-peptidome,False,2022-08-13
https://github.com/hecklab/pLink-results-analysis,False,2022-08-13
https://github.com/hecklab/Protein-arginine-phosphorylation,False,2022-08-13
https://github.com/higher-bridge/copying-task-uu,False,2022-08-13
https://github.com/higher-bridge/project_forrest,False,2022-08-13
https://github.com/hnunner/graphstream-simulation,False,2022-08-13
https://github.com/hnunner/hibernate-tryouts,False,2022-08-13
https://github.com/hnunner/ipojo-creationstrategy,True,2022-08-13
https://github.com/hnunner/ipojo-tryouts,False,2022-08-13
https://github.com/hnunner/karaf-db-tests,False,2022-08-13
https://github.com/hnunner/karaf-debug,False,2022-08-13
https://github.com/hnunner/maven-kar-archive,False,2022-08-13
https://github.com/hnunner/nidm-experiment,False,2022-08-13
https://github.com/hnunner/nidm-simulation,False,2022-08-13
https://github.com/hnunner/osgi-servlet,True,2022-08-13
https://github.com/hnunner/reinforcement-torus,False,2022-08-13
https://github.com/hnunner/relavod,False,2022-08-13
https://github.com/hnunner/VideoPlayer,False,2022-08-13
https://github.com/hugoquene/emlar2020,True,2022-08-13
https://github.com/hugoquene/KMS-NL,True,2022-08-13
https://github.com/hugoquene/QMS-EN,True,2022-08-13
https://github.com/hugoquene/tempo,False,2022-08-13
https://github.com/ikryven/ColorPercolation,False,2022-08-13
https://github.com/ikryven/geometric_graph,False,2022-08-13
https://github.com/ikryven/InterdependentPercolation,False,2022-08-13
https://github.com/ikryven/PhysRevE_2017_GECS,False,2022-08-13
https://github.com/ikryven/PhysRevE_2017_MultiDirNet,False,2022-08-13
https://github.com/ikryven/PolyRandGrpah,False,2022-08-13
https://github.com/ikryven/RateInference,False,2022-08-13
https://github.com/inibb/DeNovo_Plant_Transcriptome,False,2022-08-13
https://github.com/inibb/Feature-extraction-from-time-series-ROS-data,False,2022-08-13
https://github.com/isaacalpizar/IntelligentTextbooks,False,2022-08-13
https://github.com/iv4xr-project/aplib,False,2022-08-13
https://github.com/iv4xr-project/difficultysch,False,2022-08-13
https://github.com/iv4xr-project/in-story-validator,False,2022-08-13
https://github.com/iv4xr-project/iv4ARDemo,False,2022-08-13
https://github.com/iv4xr-project/iv4XR-IntrusionSimulation,False,2022-08-13
https://github.com/iv4xr-project/iv4xr-mbt,True,2022-08-13
https://github.com/iv4xr-project/iv4xr-rl-env,False,2022-08-13
https://github.com/iv4xr-project/iv4xr-rl-trainer,False,2022-08-13
https://github.com/iv4xr-project/iv4xr-se-plugin,True,2022-08-13
https://github.com/iv4xr-project/iv4xrDemo,True,2022-08-13
https://github.com/iv4xr-project/iv4xrdemo-efsm,False,2022-08-13
https://github.com/iv4xr-project/iv4xrDemo-space-engineers,True,2022-08-13
https://github.com/iv4xr-project/iv4xrProjectTemplate,False,2022-08-13
https://github.com/iv4xr-project/JLabGym,False,2022-08-13
https://github.com/iv4xr-project/jocc,True,2022-08-13
https://github.com/iv4xr-project/labrecruits,True,2022-08-13
https://github.com/iv4xr-project/labrecruits-levelgenerator,False,2022-08-13
https://github.com/iv4xr-project/NetCall,False,2022-08-13
https://github.com/iv4xr-project/PAD_emotion_game,False,2022-08-13
https://github.com/iv4xr-project/rl-behaviors-verification,False,2022-08-13
https://github.com/iv4xr-project/TESTAR_iv4xr,True,2022-08-13
https://github.com/iv4xr-project/userexperienceeval,False,2022-08-13
https://github.com/ivasconcelosUU/IPils2019,False,2022-08-13
https://github.com/J535D165/.github,False,2022-08-13
https://github.com/J535D165/cbsodata,True,2022-08-13
https://github.com/J535D165/cbsshape,False,2022-08-13
https://github.com/J535D165/CoronaWatchNL,True,2022-08-13
https://github.com/J535D165/CoronaWatchNLExtended,False,2022-08-13
https://github.com/J535D165/data-matching-software,False,2022-08-13
https://github.com/J535D165/Data-Science-Day,False,2022-08-13
https://github.com/J535D165/FEBRL-fork-v0.4.2,False,2022-08-13
https://github.com/J535D165/J535D165,False,2022-08-13
https://github.com/J535D165/libact-lite,False,2022-08-13
https://github.com/J535D165/PublicSectorNL,False,2022-08-13
https://github.com/J535D165/recordlinkage,True,2022-08-13
https://github.com/J535D165/recordlinkage-annotator,True,2022-08-13
https://github.com/J535D165/recordlinkage-notebooks,False,2022-08-13
https://github.com/J535D165/recordlinkage-performance,False,2022-08-13
https://github.com/J535D165/recordlinkage-review,False,2022-08-13
https://github.com/J535D165/spellingsvarianten-van-nederlandse-plaatsnamen,False,2022-08-13
https://github.com/JannekeKrabbendam93/Python-Climate-Physics-2021,False,2022-08-13
https://github.com/japhir/2020-02_paleontology,False,2022-08-13
https://github.com/japhir/ArchConfigs,False,2022-08-13
https://github.com/japhir/corepics,False,2022-08-13
https://github.com/japhir/cp-2018-42,True,2022-08-13
https://github.com/japhir/DnDRaces,False,2022-08-13
https://github.com/japhir/DnD_mobs,False,2022-08-13
https://github.com/japhir/GeologicTimeScale,False,2022-08-13
https://github.com/japhir/geosurvey,False,2022-08-13
https://github.com/japhir/iodp-site-info,False,2022-08-13
https://github.com/japhir/japhir,False,2022-08-13
https://github.com/japhir/masspec-syncscript,False,2022-08-13
https://github.com/japhir/minimallatex,False,2022-08-13
https://github.com/japhir/rpackagesetup,False,2022-08-13
https://github.com/japhir/R_AUR_sync,False,2022-08-13
https://github.com/japhir/stdsim,True,2022-08-13
https://github.com/japhir/stdstats,True,2022-08-13
https://github.com/japhir/stratPlot,False,2022-08-13
https://github.com/jbikker/advgrtmpl8,False,2022-08-13
https://github.com/jbikker/AndroidTmpl8,False,2022-08-13
https://github.com/jbikker/bvh_article,False,2022-08-13
https://github.com/jbikker/lighthouse2,False,2022-08-13
https://github.com/jbikker/msx3d,False,2022-08-13
https://github.com/jbikker/ogllab,False,2022-08-13
https://github.com/jbikker/softrast,False,2022-08-13
https://github.com/jbikker/tanks22,False,2022-08-13
https://github.com/jbikker/tmpl8,False,2022-08-13
https://github.com/jbikker/tmpl8pi,False,2022-08-13
https://github.com/jbikker/WrldTmpl8,False,2022-08-13
https://github.com/jc-oconnor/BORIS_BehaviouralSoftware,False,2022-08-13
https://github.com/jc-oconnor/GWdepthStats,False,2022-08-13
https://github.com/jc-oconnor/MachineLearningSolutions,False,2022-08-13
https://github.com/jelletreep/githubpages-docker-demo,False,2022-08-13
https://github.com/jelletreep/patch-dispersal,True,2022-08-13
https://github.com/jelletreep/re-gitbook,False,2022-08-13
https://github.com/JeroenDMulder/CID-goals-and-design,False,2022-08-13
https://github.com/JeroenDMulder/multilevel-state-trait,False,2022-08-13
https://github.com/JeroenDMulder/portfolio,False,2022-08-13
https://github.com/JeroenDMulder/powRICLPM,False,2022-08-13
https://github.com/JeroenDMulder/predicting-PTSD-using-LGCM,False,2022-08-13
https://github.com/JeroenDMulder/RI-CLPM,False,2022-08-13
https://github.com/jhnienhuis/ArcticDeltas,False,2022-08-13
https://github.com/jhnienhuis/BarrierBreach,True,2022-08-13
https://github.com/jhnienhuis/CriticalBarrierWidth,False,2022-08-13
https://github.com/jhnienhuis/GlobalDeltaChange,True,2022-08-13
https://github.com/jhnienhuis/GlobalDeltaSeaLevel,False,2022-08-13
https://github.com/jhnienhuis/LatticeBoltzmannModel,False,2022-08-13
https://github.com/jhnienhuis/SubsidenceDelft3D,False,2022-08-13
https://github.com/jkorb/cv,False,2022-08-13
https://github.com/jkorb/KI1V13001-Inleiding-Logica,False,2022-08-13
https://github.com/jkorb/KI1V14005-Tutoraat-KI-Basis,False,2022-08-13
https://github.com/jkorb/mypubs,False,2022-08-13
https://github.com/jkorb/mytalks,False,2022-08-13
https://github.com/jkorb/uuletter2,False,2022-08-13
https://github.com/jkorb/uureport,False,2022-08-13
https://github.com/jnwiegers/Integrated-Population-Model-for-the-Mallard,False,2022-08-13
https://github.com/jnwiegers/jnwiegers,False,2022-08-13
https://github.com/joaomcteixeira/dotrc,False,2022-08-13
https://github.com/joaomcteixeira/dropped_TaurenMD,True,2022-08-13
https://github.com/joaomcteixeira/dummy,False,2022-08-13
https://github.com/joaomcteixeira/dummyrepo,False,2022-08-13
https://github.com/joaomcteixeira/farseernmr2,False,2022-08-13
https://github.com/joaomcteixeira/HyperSimpleDocstring2Md,False,2022-08-13
https://github.com/joaomcteixeira/libfuncpy,True,2022-08-13
https://github.com/joaomcteixeira/passgen,False,2022-08-13
https://github.com/joaomcteixeira/presentationplotlib,True,2022-08-13
https://github.com/joaomcteixeira/Protein_Data_Bank_Parameters,False,2022-08-13
https://github.com/joaomcteixeira/python-bioplottemplates,True,2022-08-13
https://github.com/joaomcteixeira/python-project-skeleton,True,2022-08-13
https://github.com/joaomcteixeira/ScientificPresentations,False,2022-08-13
https://github.com/joaomcteixeira/taurenmd,True,2022-08-13
https://github.com/joaomcteixeira/Tree-of-Life,True,2022-08-13
https://github.com/jobbo90/Landsat-8-pre-processing,False,2022-08-13
https://github.com/jobbo90/offshore_boundary,True,2022-08-13
https://github.com/JoostGadellaa/bachelors-thesis,False,2022-08-13
https://github.com/JoostGadellaa/bank2YNAB,False,2022-08-13
https://github.com/JoostGadellaa/capita-selecta,False,2022-08-13
https://github.com/JorisEggenhuisen/SBE,True,2022-08-13
https://github.com/JornBosma/AeolianStreamers,False,2022-08-13
https://github.com/JornBosma/EURECCA-WP2,False,2022-08-13
https://github.com/jwgsim/Bayes-Sampler,False,2022-08-13
https://github.com/jwgsim/Master-Thesis-Research-Archive,False,2022-08-13
https://github.com/jwgsim/Paper-Meta-Analysis-for-ERGMs,False,2022-08-13
https://github.com/jwgsim/Paper-Meta-Analysis-Interethnic-Attitudes,False,2022-08-13
https://github.com/jwgsim/Paper-Propinquity-and-Negative-Ties,False,2022-08-13
https://github.com/kaisakajala/RNA-seq-scripts,False,2022-08-13
https://github.com/katie-barry44/barry-schnitzer2021PlosOne,False,2022-08-13
https://github.com/katie-barry44/EcologicalTheoryAndApplications,False,2022-08-13
https://github.com/kequach/ARM-Paper,False,2022-08-13
https://github.com/kequach/challongeformatting,False,2022-08-13
https://github.com/kequach/efellows-tag-blocker,False,2022-08-13
https://github.com/kequach/fma_twitter_bot,False,2022-08-13
https://github.com/kequach/HTML-Examples,False,2022-08-13
https://github.com/kequach/infomsmt-computational-analysis,False,2022-08-13
https://github.com/kequach/kequach,False,2022-08-13
https://github.com/kequach/Mapping-Research-Software-Landscapes-through-Exploratory-Studies-of-GitHub-Data,False,2022-08-13
https://github.com/kequach/MyAnimeList-Analysis,False,2022-08-13
https://github.com/kequach/PrintXDKRequest,False,2022-08-13
https://github.com/kequach/Seeding,False,2022-08-13
https://github.com/kequach/SpotifySleep,False,2022-08-13
https://github.com/kequach/WebDevTraining,False,2022-08-13
https://github.com/kordejong/hello_cmake,False,2022-08-13
https://github.com/kordejong/hello_hpx,False,2022-08-13
https://github.com/kordejong/hello_thesis,False,2022-08-13
https://github.com/kordejong/my_devenv,False,2022-08-13
https://github.com/kordejong/pcraster_scratch_pad,False,2022-08-13
https://github.com/kordejong/track_time,False,2022-08-13
https://github.com/koren007/AQ,False,2022-08-13
https://github.com/kovvalsky/assigntools,False,2022-08-13
https://github.com/kovvalsky/DRS2Graph,False,2022-08-13
https://github.com/kovvalsky/GeoGram,False,2022-08-13
https://github.com/kovvalsky/LangPro,False,2022-08-13
https://github.com/kovvalsky/prove_SICK_NL,False,2022-08-13
https://github.com/kraaijenbrink/arcgis-tools,False,2022-08-13
https://github.com/kraaijenbrink/earthengine-mapstyles,False,2022-08-13
https://github.com/kraaijenbrink/earthengine-tools,False,2022-08-13
https://github.com/kraaijenbrink/earthengine-workshop,True,2022-08-13
https://github.com/kraaijenbrink/ERA5-Land-globe-animation,True,2022-08-13
https://github.com/kraaijenbrink/nature-2017,True,2022-08-13
https://github.com/kraaijenbrink/pkrf,False,2022-08-13
https://github.com/kraaijenbrink/plotmanageR,False,2022-08-13
https://github.com/kraaijenbrink/themes-and-styles,False,2022-08-13
https://github.com/kraaijenbrink/warmingstripes-3d,False,2022-08-13
https://github.com/kylelang/burn-data-synthesis,False,2022-08-13
https://github.com/kylelang/cat-code-interpret,False,2022-08-13
https://github.com/kylelang/impDvSim,False,2022-08-13
https://github.com/kylelang/Introduction-to-R,False,2022-08-13
https://github.com/kylelang/lavaan-e-learning,False,2022-08-13
https://github.com/kylelang/lecture-slides,False,2022-08-13
https://github.com/kylelang/MI-for-Prediction,False,2022-08-13
https://github.com/kylelang/MIBRR,False,2022-08-13
https://github.com/kylelang/mindfulness-intervention,False,2022-08-13
https://github.com/kylelang/Missing-Data-in-R,False,2022-08-13
https://github.com/kylelang/personal-website,False,2022-08-13
https://github.com/kylelang/plotImps,False,2022-08-13
https://github.com/kylelang/Regression-in-R,False,2022-08-13
https://github.com/kylelang/simulate-missing-data,False,2022-08-13
https://github.com/kylelang/stats-refs,False,2022-08-13
https://github.com/kylelang/SURF,False,2022-08-13
https://github.com/kylelang/TiU-Exam-Merge,False,2022-08-13
https://github.com/kylelang/uu-beamer-theme,False,2022-08-13
https://github.com/lappawatng/summer_school_2022,False,2022-08-13
https://github.com/LauraGomezNavarro/jupyterlab_pangeo,False,2022-08-13
https://github.com/LauraGomezNavarro/OceanParcels_Lyapunov,False,2022-08-13
https://github.com/LauraGomezNavarro/paper_Gomez-Navarro_etal_2018,False,2022-08-13
https://github.com/LauraGomezNavarro/paper_Gomez-Navarro_etal_2020,False,2022-08-13
https://github.com/LauraGomezNavarro/SWOTmodule,False,2022-08-13
https://github.com/lauralwd/2OGD_phylogeny,False,2022-08-13
https://github.com/lauralwd/anabaena_nanopore_workflow,False,2022-08-13
https://github.com/lauralwd/Azolla_genus_metagenome,True,2022-08-13
https://github.com/lauralwd/azolla_MYBs,True,2022-08-13
https://github.com/lauralwd/focus_stacked_timelapse,False,2022-08-13
https://github.com/lauralwd/intragenomic_rrna_variability_in_plants,False,2022-08-13
https://github.com/lauralwd/LAR_phylogeny_gungor-et-al-2020,True,2022-08-13
https://github.com/lauralwd/lauras_phylogeny_wf,True,2022-08-13
https://github.com/lauralwd/metagenomicspractical,False,2022-08-13
https://github.com/lauralwd/MIKC_tree,True,2022-08-13
https://github.com/laurensstoop/CapacityFactor-CF,False,2022-08-13
https://github.com/laurensstoop/Downloader-BASE,False,2022-08-13
https://github.com/laurensstoop/EnergyVariables,False,2022-08-13
https://github.com/laurensstoop/Thesis-course,False,2022-08-13
https://github.com/laurensstoop/UAV,False,2022-08-13
https://github.com/lcvriend/flatbread,False,2022-08-13
https://github.com/lcvriend/humannotator,True,2022-08-13
https://github.com/lcvriend/laserbeans,False,2022-08-13
https://github.com/lcvriend/pandas_crosstabs,False,2022-08-13
https://github.com/lcvriend/pita,False,2022-08-13
https://github.com/lcvriend/responsive_static_site_builder,True,2022-08-13
https://github.com/lcvriend/toponym_extraction,False,2022-08-13
https://github.com/leonardovida/bi-final-project-2019,False,2022-08-13
https://github.com/leonardovida/decentralized-utrecht-university,False,2022-08-13
https://github.com/leonardovida/gatsby-starter-netlify-cms,False,2022-08-13
https://github.com/leonardovida/leonardovida,False,2022-08-13
https://github.com/leonardovida/leonardovida.com,False,2022-08-13
https://github.com/leonardovida/remindo-etl-airflow,False,2022-08-13
https://github.com/leonardovida/vaccinazioni-italia,False,2022-08-13
https://github.com/leonardovida/vz-assignment,False,2022-08-13
https://github.com/LukasvdWiel/SHRIMP,False,2022-08-13
https://github.com/lukavdplas/adjective-order,False,2022-08-13
https://github.com/lukavdplas/CLIN30-presentation,False,2022-08-13
https://github.com/lukavdplas/cognitive-modeling,False,2022-08-13
https://github.com/lukavdplas/crossword-maker,False,2022-08-13
https://github.com/lukavdplas/crosswords,False,2022-08-13
https://github.com/lukavdplas/dutch-dnd,False,2022-08-13
https://github.com/lukavdplas/dutch-verb-matrices,False,2022-08-13
https://github.com/lukavdplas/expl-analysis,False,2022-08-13
https://github.com/lukavdplas/funprog-answers,False,2022-08-13
https://github.com/lukavdplas/historic-dutch-city-names,False,2022-08-13
https://github.com/lukavdplas/intensifiers,False,2022-08-13
https://github.com/lukavdplas/pluto-notebooks,False,2022-08-13
https://github.com/lukavdplas/printi-my-crosswords,False,2022-08-13
https://github.com/M-thieu/fastlogitME,False,2022-08-13
https://github.com/MaartenBransen/scm_confocal,False,2022-08-13
https://github.com/MaartenBransen/scm_electron_microscopes,False,2022-08-13
https://github.com/MaartenBransen/stackscroller,False,2022-08-13
https://github.com/MarcelRobeer/ContrastiveExplanation,True,2022-08-13
https://github.com/MarcelRobeer/CounterfactualGAN,False,2022-08-13
https://github.com/MarcelRobeer/explabox,False,2022-08-13
https://github.com/MarcelRobeer/genbase-test-helpers,False,2022-08-13
https://github.com/MarcelRobeer/MarcelRobeer,False,2022-08-13
https://github.com/MarcelRobeer/StoryMiner,False,2022-08-13
https://github.com/MarcelRobeer/User-Story-Statistics,False,2022-08-13
https://github.com/MarcelRobeer/VisualNarrator,False,2022-08-13
https://github.com/marnixnaber/Irissometry,False,2022-08-13
https://github.com/marnixnaber/rPPG,False,2022-08-13
https://github.com/MartineDeVos/cont-integr-ex,False,2022-08-13
https://github.com/MartineDeVos/mdevos-exc1,False,2022-08-13
https://github.com/MartineDeVos/Spreadsheets,False,2022-08-13
https://github.com/mgiulini/haddock3-antibodies,False,2022-08-13
https://github.com/mgiulini/pymap,False,2022-08-13
https://github.com/mgiulini/SAT,False,2022-08-13
https://github.com/mountainhydrology/pub_dekoketal-vortex,False,2022-08-13
https://github.com/mountainhydrology/pub_kraaijenbrink-glaciermodel,True,2022-08-13
https://github.com/mountainhydrology/pub_ngs-watertowers,False,2022-08-13
https://github.com/MycrofD/alice-yale-hfjet,False,2022-08-13
https://github.com/MycrofD/alice_Djets,False,2022-08-13
https://github.com/MycrofD/linux-from-scratch,False,2022-08-13
https://github.com/nanoepics/CETgraph,False,2022-08-13
https://github.com/nanoepics/epicsjukebox,False,2022-08-13
https://github.com/nanoepics/pynta,True,2022-08-13
https://github.com/nehamoopen/cran-privacy-packages,False,2022-08-13
https://github.com/nehamoopen/digital-garden,False,2022-08-13
https://github.com/nehamoopen/doy-bookdown-test,False,2022-08-13
https://github.com/nehamoopen/doy-data-guide,False,2022-08-13
https://github.com/nehamoopen/doy-data-project,False,2022-08-13
https://github.com/nehamoopen/fair-data-project,False,2022-08-13
https://github.com/nehamoopen/nehamoopen,False,2022-08-13
https://github.com/nehamoopen/onboarding-dch,False,2022-08-13
https://github.com/nehamoopen/personal-website,False,2022-08-13
https://github.com/nehamoopen/postcard,False,2022-08-13
https://github.com/nehamoopen/privacy-engineering-tools,False,2022-08-13
https://github.com/nehamoopen/programming-notes,False,2022-08-13
https://github.com/nehamoopen/rdm-wiki,False,2022-08-13
https://github.com/nehamoopen/worcshop-book,False,2022-08-13
https://github.com/nehamoopen/workshop-worcs-bookdown,False,2022-08-13
https://github.com/nehamoopen/workshop-worcs-pilot,False,2022-08-13
https://github.com/nimota/quants-compl-degs,False,2022-08-13
https://github.com/nlesc-smcm/easybuild,False,2022-08-13
https://github.com/nlesc-smcm/eSalsa-POP,False,2022-08-13
https://github.com/nlesc-smcm/hymls,True,2022-08-13
https://github.com/nlesc-smcm/i-emic,False,2022-08-13
https://github.com/nlesc-smcm/iemic-global,False,2022-08-13
https://github.com/nlesc-smcm/POP-global,False,2022-08-13
https://github.com/nlesc-smcm/pop-iemic-examples,False,2022-08-13
https://github.com/nlesc-smcm/smcm-tests,False,2022-08-13
https://github.com/nlesc-smcm/spinup-benchmark,False,2022-08-13
https://github.com/nlpsoc/reliability_bias,False,2022-08-13
https://github.com/nlpsoc/STEL,False,2022-08-13
https://github.com/nlpsoc/Style-Embeddings,False,2022-08-13
https://github.com/OceanParcels/AntarcticPeninsulaPlastic,False,2022-08-13
https://github.com/OceanParcels/bare-bones-parcels,False,2022-08-13
https://github.com/OceanParcels/BayesianAnalysis_SouthAtlantic,False,2022-08-13
https://github.com/OceanParcels/BayesianAnalysis_SW_NL,False,2022-08-13
https://github.com/OceanParcels/biofouling_3dtransport,True,2022-08-13
https://github.com/OceanParcels/biofouling_3dtransport_2,False,2022-08-13
https://github.com/OceanParcels/coherent_vortices_OPTICS,True,2022-08-13
https://github.com/OceanParcels/ContinuousCascadingFragmentation,False,2022-08-13
https://github.com/OceanParcels/continuous_integration_example,False,2022-08-13
https://github.com/OceanParcels/CoralDispersion,False,2022-08-13
https://github.com/OceanParcels/drifter_trajectories_network,False,2022-08-13
https://github.com/OceanParcels/GalapagosBasinPlastic,False,2022-08-13
https://github.com/OceanParcels/Galapagos_connectivity,False,2022-08-13
https://github.com/OceanParcels/IMMERSE_waves,False,2022-08-13
https://github.com/OceanParcels/InteractiveTuna,False,2022-08-13
https://github.com/OceanParcels/kiel_summer_school_tutorials,False,2022-08-13
https://github.com/OceanParcels/MedForams_Daemmer,False,2022-08-13
https://github.com/OceanParcels/Mediterranean_inverse_modelling,False,2022-08-13
https://github.com/OceanParcels/MedTurtles_Haywood,False,2022-08-13
https://github.com/OceanParcels/Microbes_EAC,False,2022-08-13
https://github.com/OceanParcels/near_surface_microplastic,True,2022-08-13
https://github.com/OceanParcels/NorthSeaBeaching_paper,False,2022-08-13
https://github.com/OceanParcels/oceanparcels_website,False,2022-08-13
https://github.com/OceanParcels/parcels,False,2022-08-13
https://github.com/OceanParcels/ParcelsBenchmark_SGEscrips,False,2022-08-13
https://github.com/OceanParcels/ParcelsBenchmark_SLURMscripts,False,2022-08-13
https://github.com/OceanParcels/Parcelsv0.9Paper_Scripts,True,2022-08-13
https://github.com/OceanParcels/Parcelsv2.0PaperNorthSeaScripts,True,2022-08-13
https://github.com/OceanParcels/parcels_cgrid_interpolation_schemes,True,2022-08-13
https://github.com/OceanParcels/parcels_contributions,False,2022-08-13
https://github.com/OceanParcels/parcels_efficiency,False,2022-08-13
https://github.com/OceanParcels/parcels_gallery,False,2022-08-13
https://github.com/OceanParcels/parcels_gallery_binder,False,2022-08-13
https://github.com/OceanParcels/parcels_pubic_animation,False,2022-08-13
https://github.com/OceanParcels/Plastic_CyprusBeaches,False,2022-08-13
https://github.com/OceanParcels/PNA_dFAD_Beaching,False,2022-08-13
https://github.com/OceanParcels/PumiceEvent,False,2022-08-13
https://github.com/OceanParcels/Pumice_global,False,2022-08-13
https://github.com/OceanParcels/Sargassum_Drifters,False,2022-08-13
https://github.com/OceanParcels/SKIM-garbagepatchlocations,False,2022-08-13
https://github.com/OceanParcels/SKIM_dFADtracking,False,2022-08-13
https://github.com/OceanParcels/SKIM_velocitynoise_floatinglitter,False,2022-08-13
https://github.com/OceanParcels/SouthAmerica_Epibionts,False,2022-08-13
https://github.com/OceanParcels/StructureTutorial,False,2022-08-13
https://github.com/OceanParcels/surface_mixing,False,2022-08-13
https://github.com/OceanParcels/Tides_GlobalOceanPlastic,False,2022-08-13
https://github.com/OceanParcels/TOPIOS,False,2022-08-13
https://github.com/OceanParcels/transition_matrices_plasticadrift,False,2022-08-13
https://github.com/OceanParcels/UtrechtTeam,False,2022-08-13
https://github.com/oktaal/museomix-doudoit,False,2022-08-13
https://github.com/outfrenk/Dutch_GIC,False,2022-08-13
https://github.com/PABalland/argos-nnl-s3,False,2022-08-13
https://github.com/PABalland/D3,False,2022-08-13
https://github.com/PABalland/data,False,2022-08-13
https://github.com/PABalland/EconGeo,False,2022-08-13
https://github.com/PABalland/Net,False,2022-08-13
https://github.com/PABalland/ON,False,2022-08-13
https://github.com/PABalland/zuid-nl,False,2022-08-13
https://github.com/patrickfinke/mecs,True,2022-08-13
https://github.com/patrickfinke/simple-mud,False,2022-08-13
https://github.com/pcklink/Macaque_Template_Warps,False,2022-08-13
https://github.com/pcraster/datamodel_prototype,False,2022-08-13
https://github.com/pcraster/emis,True,2022-08-13
https://github.com/pcraster/emis_aggregate_method,True,2022-08-13
https://github.com/pcraster/emis_aggregate_query,True,2022-08-13
https://github.com/pcraster/emis_base,True,2022-08-13
https://github.com/pcraster/emis_dataset_manager,True,2022-08-13
https://github.com/pcraster/emis_domain,True,2022-08-13
https://github.com/pcraster/emis_event_handler,True,2022-08-13
https://github.com/pcraster/emis_log,True,2022-08-13
https://github.com/pcraster/emis_monitor,True,2022-08-13
https://github.com/pcraster/emis_property,True,2022-08-13
https://github.com/pcraster/emis_query_executor,True,2022-08-13
https://github.com/pcraster/fame,False,2022-08-13
https://github.com/pcraster/fwo,False,2022-08-13
https://github.com/pcraster/gems,False,2022-08-13
https://github.com/pcraster/gghdc-spatio-temporal-lur-nl,False,2022-08-13
https://github.com/pcraster/jenkins_base,False,2022-08-13
https://github.com/pcraster/jenkins_docker,False,2022-08-13
https://github.com/pcraster/jenkins_pcraster,False,2022-08-13
https://github.com/pcraster/maps4society,False,2022-08-13
https://github.com/pcraster/paper_2019_physical_data_model,False,2022-08-13
https://github.com/pcraster/pcraster,True,2022-08-13
https://github.com/pcraster/performance_analyst,True,2022-08-13
https://github.com/pcraster/rasterformat,True,2022-08-13
https://github.com/penghaorui/Specfem2D_debug,False,2022-08-13
https://github.com/penghaorui/test,False,2022-08-13
https://github.com/pimlai/pimlai18,False,2022-08-13
https://github.com/plant-plasticity/Evolutionary-flexibility-in-flooding-response-2019,False,2022-08-13
https://github.com/plant-plasticity/rice-root-response-atlas,False,2022-08-13
https://github.com/plant-plasticity/tomato-root-atlas-2020,False,2022-08-13
https://github.com/plant-plasticity/townsley-fips-2015,False,2022-08-13
https://github.com/puregome/annotation,False,2022-08-13
https://github.com/puregome/data,False,2022-08-13
https://github.com/puregome/models,False,2022-08-13
https://github.com/puregome/notebooks,True,2022-08-13
https://github.com/puregome/queries,False,2022-08-13
https://github.com/puregome/scripts,False,2022-08-13
https://github.com/qirickyliu/hello-world,False,2022-08-13
https://github.com/rebeccakuiper/ChiBarSq.DiffTest,False,2022-08-13
https://github.com/rebeccakuiper/CTmeta,False,2022-08-13
https://github.com/rebeccakuiper/CTmeta-analysis_Example_and_Simulation,False,2022-08-13
https://github.com/rebeccakuiper/GORICA_in_CLPM,False,2022-08-13
https://github.com/rebeccakuiper/GORICA_in_SEM,False,2022-08-13
https://github.com/rebeccakuiper/GORICA_on_CTmeta,False,2022-08-13
https://github.com/rebeccakuiper/GORICA_on_MetaAn,False,2022-08-13
https://github.com/rebeccakuiper/GoricEvSyn,False,2022-08-13
https://github.com/rebeccakuiper/ICweights,False,2022-08-13
https://github.com/rebeccakuiper/SmallSampleIC,False,2022-08-13
https://github.com/rebeccakuiper/Test-ReproCode-course,False,2022-08-13
https://github.com/rebeccakuiper/testrepo,False,2022-08-13
https://github.com/rebeccakuiper/Tutorials,False,2022-08-13
https://github.com/Rel-incode/cop,False,2022-08-13
https://github.com/Rel-incode/cristianasantos,False,2022-08-13
https://github.com/Rel-incode/CristianaSantosCv,False,2022-08-13
https://github.com/Rel-incode/rep,False,2022-08-13
https://github.com/Rel-incode/ric-ontology,False,2022-08-13
https://github.com/RELabUU/aqusa-core,False,2022-08-13
https://github.com/RELabUU/BakeRE,False,2022-08-13
https://github.com/RELabUU/concept-suggestor,False,2022-08-13
https://github.com/RELabUU/icva-experiments,False,2022-08-13
https://github.com/RELabUU/Interactive-Narrator,False,2022-08-13
https://github.com/RELabUU/LCDTrace,False,2022-08-13
https://github.com/RELabUU/RE-SWOT,False,2022-08-13
https://github.com/RELabUU/Requirements-Synthesizer,False,2022-08-13
https://github.com/RELabUU/revv,False,2022-08-13
https://github.com/RELabUU/revv-light,False,2022-08-13
https://github.com/RELabUU/visual-narrator-adapted-for-revv,False,2022-08-13
https://github.com/RELabUU/VisualNarrator,False,2022-08-13
https://github.com/Rensvandeschoot/First-Bayesian-Inference,True,2022-08-13
https://github.com/Rensvandeschoot/Tutorials,False,2022-08-13
https://github.com/rhoitink/rhoitink,False,2022-08-13
https://github.com/rhoitink/slstools,False,2022-08-13
https://github.com/RubenSchalk/Admissies-Haarlem,False,2022-08-13
https://github.com/RubenSchalk/Apprentices,False,2022-08-13
https://github.com/RubenSchalk/grlc-test,False,2022-08-13
https://github.com/RubenSchalk/grlc-tutorial,False,2022-08-13
https://github.com/RubenSchalk/historicalmaps,False,2022-08-13
https://github.com/RubenSchalk/marctolod,False,2022-08-13
https://github.com/RubenSchalk/Schalk-Apprentices,False,2022-08-13
https://github.com/RubenSchalk/textcorpora,False,2022-08-13
https://github.com/SanliFaez/Commons4Academics,False,2022-08-13
https://github.com/SanliFaez/FAIR-Battery,False,2022-08-13
https://github.com/SanliFaez/labphew,False,2022-08-13
https://github.com/SanliFaez/meetingbot,False,2022-08-13
https://github.com/SanliFaez/MoreIsDifferent,False,2022-08-13
https://github.com/sara-vanerp/bayesreg,True,2022-08-13
https://github.com/sara-vanerp/bayesregsem,False,2022-08-13
https://github.com/sara-vanerp/BSEMworkshop,False,2022-08-13
https://github.com/sara-vanerp/shinyBSEM,False,2022-08-13
https://github.com/sara-vanerp/shinyHorseshoe,False,2022-08-13
https://github.com/sara-vanerp/shinySEM,False,2022-08-13
https://github.com/sergioespana/openAggre,False,2022-08-13
https://github.com/sergioespana/openBest,False,2022-08-13
https://github.com/sergioespana/openESEA,False,2022-08-13
https://github.com/sergioespana/openMAsses,False,2022-08-13
https://github.com/ShNadi/news_scrape,False,2022-08-13
https://github.com/ShNadi/okcupid,False,2022-08-13
https://github.com/ShNadi/OkCupid-project,False,2022-08-13
https://github.com/ShNadi/S31,False,2022-08-13
https://github.com/ShNadi/sentinews,False,2022-08-13
https://github.com/ShNadi/study_motivation,False,2022-08-13
https://github.com/smildiner/simHMM,False,2022-08-13
https://github.com/sodascience/awesome-citizen-science-nl,False,2022-08-13
https://github.com/sodascience/cbs_microdata_computing,False,2022-08-13
https://github.com/sodascience/ddi-synth,False,2022-08-13
https://github.com/sodascience/empathy-viz,False,2022-08-13
https://github.com/sodascience/night_globe,True,2022-08-13
https://github.com/sodascience/osmenrich,False,2022-08-13
https://github.com/sodascience/osmenrich_docker,False,2022-08-13
https://github.com/sodascience/ossc_workshop,False,2022-08-13
https://github.com/sodascience/presentation-osmenrich-sig,False,2022-08-13
https://github.com/sodascience/website,False,2022-08-13
https://github.com/Southparkfan/.github,False,2022-08-13
https://github.com/Southparkfan/cms,False,2022-08-13
https://github.com/Southparkfan/dn42-peering,False,2022-08-13
https://github.com/Southparkfan/pchart4mw,False,2022-08-13
https://github.com/Southparkfan/WMT-bots,False,2022-08-13
https://github.com/stan-dev/.github,False,2022-08-13
https://github.com/stan-dev/atom-language-stan,True,2022-08-13
https://github.com/stan-dev/bayesplot,True,2022-08-13
https://github.com/stan-dev/ci-scripts,False,2022-08-13
https://github.com/stan-dev/cmdstan,True,2022-08-13
https://github.com/stan-dev/cmdstanpy,True,2022-08-13
https://github.com/stan-dev/cmdstanr,True,2022-08-13
https://github.com/stan-dev/design-docs,False,2022-08-13
https://github.com/stan-dev/docs,True,2022-08-13
https://github.com/stan-dev/example-models,True,2022-08-13
https://github.com/stan-dev/gmo,False,2022-08-13
https://github.com/stan-dev/httpstan,True,2022-08-13
https://github.com/stan-dev/httpstan-wheels,False,2022-08-13
https://github.com/stan-dev/jenkins-shared-libraries,False,2022-08-13
https://github.com/stan-dev/logos,True,2022-08-13
https://github.com/stan-dev/loo,True,2022-08-13
https://github.com/stan-dev/math,True,2022-08-13
https://github.com/stan-dev/MathematicaStan,True,2022-08-13
https://github.com/stan-dev/nomad,False,2022-08-13
https://github.com/stan-dev/perf-math,False,2022-08-13
https://github.com/stan-dev/performance-tests-cmdstan,False,2022-08-13
https://github.com/stan-dev/posterior,True,2022-08-13
https://github.com/stan-dev/posteriordb,True,2022-08-13
https://github.com/stan-dev/posteriordb-python,False,2022-08-13
https://github.com/stan-dev/posteriordb-r,False,2022-08-13
https://github.com/stan-dev/projpred,True,2022-08-13
https://github.com/stan-dev/propaganda,False,2022-08-13
https://github.com/stan-dev/pystan,True,2022-08-13
https://github.com/stan-dev/pystan-wheels,False,2022-08-13
https://github.com/stan-dev/pystan2,False,2022-08-13
https://github.com/stan-dev/r-packages,False,2022-08-13
https://github.com/stan-dev/rstan,True,2022-08-13
https://github.com/stan-dev/rstanarm,True,2022-08-13
https://github.com/stan-dev/rstantools,True,2022-08-13
https://github.com/stan-dev/sgb,False,2022-08-13
https://github.com/stan-dev/shinystan,True,2022-08-13
https://github.com/stan-dev/stan,True,2022-08-13
https://github.com/stan-dev/stan-discourse-theme-component,False,2022-08-13
https://github.com/stan-dev/stan-mode,True,2022-08-13
https://github.com/stan-dev/stan2tfp,False,2022-08-13
https://github.com/stan-dev/stanc3,False,2022-08-13
https://github.com/stan-dev/stancon_talks,False,2022-08-13
https://github.com/stan-dev/statastan,False,2022-08-13
https://github.com/stan-dev/stat_comp_benchmarks,False,2022-08-13
https://github.com/stan-dev/visual-diagnostics,False,2022-08-13
https://github.com/stefanoschmidt1995/BH_geodesics,False,2022-08-13
https://github.com/stefanoschmidt1995/cppinterp,False,2022-08-13
https://github.com/stefanoschmidt1995/GWAnomalyDetection,False,2022-08-13
https://github.com/stefanoschmidt1995/GWPhone,False,2022-08-13
https://github.com/stefanoschmidt1995/LSN_Stefano_Schmidt,False,2022-08-13
https://github.com/stefanoschmidt1995/mbank,False,2022-08-13
https://github.com/stefanoschmidt1995/MLGW,False,2022-08-13
https://github.com/stefanoschmidt1995/ML_ODE,False,2022-08-13
https://github.com/stefvanbuuren/190409_utrecht,False,2022-08-13
https://github.com/stefvanbuuren/academic,False,2022-08-13
https://github.com/stefvanbuuren/AGD,True,2022-08-13
https://github.com/stefvanbuuren/BayesAdaptive,False,2022-08-13
https://github.com/stefvanbuuren/bdsschema,False,2022-08-13
https://github.com/stefvanbuuren/fimd,False,2022-08-13
https://github.com/stefvanbuuren/fimdbook,False,2022-08-13
https://github.com/stefvanbuuren/harmonisation_warsaw_2019,False,2022-08-13
https://github.com/stefvanbuuren/minihealth,False,2022-08-13
https://github.com/stefvanbuuren/nl,False,2022-08-13
https://github.com/stefvanbuuren/pubertyplot,False,2022-08-13
https://github.com/stefvanbuuren/RECAPworkshop,False,2022-08-13
https://github.com/stefvanbuuren/RRR,False,2022-08-13
https://github.com/stefvanbuuren/starter-academic,False,2022-08-13
https://github.com/stefvanbuuren/statsref,False,2022-08-13
https://github.com/SytseGroenwold/advent-of-code-2021,False,2022-08-13
https://github.com/SytseGroenwold/delay-risks-sprints,False,2022-08-13
https://github.com/SytseGroenwold/recipe_api,True,2022-08-13
https://github.com/SytseGroenwold/SytseGroenwold,False,2022-08-13
https://github.com/SytseGroenwold/thesis-data,False,2022-08-13
https://github.com/SytseGroenwold/thesis-overleaf,False,2022-08-13
https://github.com/SytseGroenwold/uu-catalog-items,False,2022-08-13
https://github.com/SytseGroenwold/VU-DMT-2022-group124,False,2022-08-13
https://github.com/TabeaSonnenschein/Spatial-Agent-based-Modeling-of-Urban-Health-Interventions,False,2022-08-13
https://github.com/TabeaSonnenschein/SubwayExpansionAndAmenityMix,False,2022-08-13
https://github.com/tdprice/Egmond_SolarCam,False,2022-08-13
https://github.com/tdprice/storm,False,2022-08-13
https://github.com/terrymyc/terrymyc,False,2022-08-13
https://github.com/thomvolker/bayesian_statistics,False,2022-08-13
https://github.com/thomvolker/bes_master_thesis_ms,False,2022-08-13
https://github.com/thomvolker/bes_master_thesis_sasr,False,2022-08-13
https://github.com/thomvolker/cv,False,2022-08-13
https://github.com/thomvolker/dav,False,2022-08-13
https://github.com/thomvolker/DavA2,False,2022-08-13
https://github.com/thomvolker/SDA,False,2022-08-13
https://github.com/thomvolker/simulate,False,2022-08-13
https://github.com/thomvolker/synthesizeR,False,2022-08-13
https://github.com/thomvolker/trivia,False,2022-08-13
https://github.com/thomvolker/website_peter,False,2022-08-13
https://github.com/thomvolker/website_repo,False,2022-08-13
https://github.com/thomvolker/Website_Thom,False,2022-08-13
https://github.com/UiL-OTS-labs/Automatic-lab-setup-bash-script-with-xrandr,False,2022-08-13
https://github.com/UiL-OTS-labs/babex,False,2022-08-13
https://github.com/UiL-OTS-labs/babylab-admin,True,2022-08-13
https://github.com/UiL-OTS-labs/BASH-db-synchronise.sh,True,2022-08-13
https://github.com/UiL-OTS-labs/beepbeep,False,2022-08-13
https://github.com/UiL-OTS-labs/beexybox-python,False,2022-08-13
https://github.com/UiL-OTS-labs/det_hab_crit,False,2022-08-13
https://github.com/UiL-OTS-labs/EDFPlusChecker,False,2022-08-13
https://github.com/UiL-OTS-labs/eeg-fft,False,2022-08-13
https://github.com/UiL-OTS-labs/essay-annotation,False,2022-08-13
https://github.com/UiL-OTS-labs/four-labs-et,False,2022-08-13
https://github.com/UiL-OTS-labs/fr_mw,False,2022-08-13
https://github.com/UiL-OTS-labs/geyetracker,False,2022-08-13
https://github.com/UiL-OTS-labs/iSpector,True,2022-08-13
https://github.com/UiL-OTS-labs/jspsych-audlexdec,True,2022-08-13
https://github.com/UiL-OTS-labs/jspsych-audlexdec-ap,True,2022-08-13
https://github.com/UiL-OTS-labs/jspsych-audlexdec-vp,True,2022-08-13
https://github.com/UiL-OTS-labs/jspsych-audlexdec-vp-vm,True,2022-08-13
https://github.com/UiL-OTS-labs/jspsych-boilerplates,False,2022-08-13
https://github.com/UiL-OTS-labs/jspsych-cam-rec,False,2022-08-13
https://github.com/UiL-OTS-labs/jspsych-concessions,False,2022-08-13
https://github.com/UiL-OTS-labs/jspsych-lexical-decision,True,2022-08-13
https://github.com/UiL-OTS-labs/jspsych-output,False,2022-08-13
https://github.com/UiL-OTS-labs/jspsych-self-paced-reading-mw,False,2022-08-13
https://github.com/UiL-OTS-labs/jspsych-spr-mw,True,2022-08-13
https://github.com/UiL-OTS-labs/jspsych-stroop,True,2022-08-13
https://github.com/UiL-OTS-labs/jspsych-stroop-zinnen,True,2022-08-13
https://github.com/UiL-OTS-labs/jspsych-uil-template-docs,False,2022-08-13
https://github.com/UiL-OTS-labs/jspsych-uil-utils,True,2022-08-13
https://github.com/UiL-OTS-labs/jspsych-vislexdec,True,2022-08-13
https://github.com/UiL-OTS-labs/jspsych-vislexdec-vp,True,2022-08-13
https://github.com/UiL-OTS-labs/jspsych-vislexdec-vp-mask,False,2022-08-13
https://github.com/UiL-OTS-labs/jspsych-vislexdec-vp-vm,True,2022-08-13
https://github.com/UiL-OTS-labs/jspsych-vwp-webgazer,False,2022-08-13
https://github.com/UiL-OTS-labs/jspsych_timing,False,2022-08-13
https://github.com/UiL-OTS-labs/K02_EEG,False,2022-08-13
https://github.com/UiL-OTS-labs/libeye,False,2022-08-13
https://github.com/UiL-OTS-labs/limesurvey-file-collector,False,2022-08-13
https://github.com/UiL-OTS-labs/manual-wordseg,True,2022-08-13
https://github.com/UiL-OTS-labs/manybabies,False,2022-08-13
https://github.com/UiL-OTS-labs/marlisa-word-judgement,False,2022-08-13
https://github.com/UiL-OTS-labs/matlab-zep-eyelinkdata-plot-trials,False,2022-08-13
https://github.com/UiL-OTS-labs/multimodal_jspsych,False,2022-08-13
https://github.com/UiL-OTS-labs/ppn-backend,False,2022-08-13
https://github.com/UiL-OTS-labs/ppn-frontend,False,2022-08-13
https://github.com/UiL-OTS-labs/psycho-movie,True,2022-08-13
https://github.com/UiL-OTS-labs/psylib,False,2022-08-13
https://github.com/UiL-OTS-labs/pyteensy,True,2022-08-13
https://github.com/UiL-OTS-labs/PYTHON-luying-hou-renamescript,False,2022-08-13
https://github.com/UiL-OTS-labs/PYTHON-pl4curvefitter-carolien-van-den-hazelkamp,False,2022-08-13
https://github.com/UiL-OTS-labs/PYTHON-sigmoidalcurvefitter-carolien-van-den-hazelkamp,False,2022-08-13
https://github.com/UiL-OTS-labs/Qualtrics-Pseudo-Randomizer,False,2022-08-13
https://github.com/UiL-OTS-labs/relative_clauses_in_french,False,2022-08-13
https://github.com/UiL-OTS-labs/sddm-theme-utrecht-university,False,2022-08-13
https://github.com/UiL-OTS-labs/streamupload,False,2022-08-13
https://github.com/UiL-OTS-labs/test-zep,False,2022-08-13
https://github.com/UiL-OTS-labs/textspeak,False,2022-08-13
https://github.com/UiL-OTS-labs/uil-sync,False,2022-08-13
https://github.com/UiL-OTS-labs/uil_psychopy,False,2022-08-13
https://github.com/UiL-OTS-labs/vislexdec_vp_masked,False,2022-08-13
https://github.com/UiL-OTS-labs/web-experiment-datastore,False,2022-08-13
https://github.com/UiL-OTS-labs/wordseg,True,2022-08-13
https://github.com/UiL-OTS-labs/ZEP-Advanced-Digitspan-BOILERPLATE,False,2022-08-13
https://github.com/UiL-OTS-labs/ZEP-Animations,False,2022-08-13
https://github.com/UiL-OTS-labs/ZEP-Artificial-Language-Learning,False,2022-08-13
https://github.com/UiL-OTS-labs/ZEP-Auditory-Discrimination-Josje-Verhagen,True,2022-08-13
https://github.com/UiL-OTS-labs/zep-baby-habituation,False,2022-08-13
https://github.com/UiL-OTS-labs/zep-causal-esp-mw,False,2022-08-13
https://github.com/UiL-OTS-labs/ZEP-concept-formation_xin_li,False,2022-08-13
https://github.com/UiL-OTS-labs/ZEP-Cyberball-elisabeth-nieuwburg,False,2022-08-13
https://github.com/UiL-OTS-labs/ZEP-descriptive-stats,True,2022-08-13
https://github.com/UiL-OTS-labs/ZEP-detection-task-xin-li,False,2022-08-13
https://github.com/UiL-OTS-labs/ZEP-Discrimination-ABX-Experiment,False,2022-08-13
https://github.com/UiL-OTS-labs/ZEP-discrimination-task-xin-li,False,2022-08-13
https://github.com/UiL-OTS-labs/ZEP-emotional-mandarin,False,2022-08-13
https://github.com/UiL-OTS-labs/ZEP-entr,True,2022-08-13
https://github.com/UiL-OTS-labs/ZEP-FEP-bwsn-spoon,False,2022-08-13
https://github.com/UiL-OTS-labs/zep-flanker-bilingual,True,2022-08-13
https://github.com/UiL-OTS-labs/ZEP-Flanker-Task-BOILERPLATE,True,2022-08-13
https://github.com/UiL-OTS-labs/ZEP-Four-Image-Visual-World-BOILERPLATE,False,2022-08-13
https://github.com/UiL-OTS-labs/zep-fr-mw-listen,False,2022-08-13
https://github.com/UiL-OTS-labs/ZEP-htp2020,False,2022-08-13
https://github.com/UiL-OTS-labs/ZEP-hybride-visual-fixation,True,2022-08-13
https://github.com/UiL-OTS-labs/ZEP-Identification-Yes-No-Experiment,False,2022-08-13
https://github.com/UiL-OTS-labs/ZEP-Inference-Test-hannah-mulder,False,2022-08-13
https://github.com/UiL-OTS-labs/ZEP-magic-variables,True,2022-08-13
https://github.com/UiL-OTS-labs/ZEP-Magnitude-Estimation-of-Linguistic-Acceptability,False,2022-08-13
https://github.com/UiL-OTS-labs/ZEP-Markers-Module,True,2022-08-13
https://github.com/UiL-OTS-labs/zep-maye2017,False,2022-08-13
https://github.com/UiL-OTS-labs/ZEP-Molletjes-Josje-Verhagen,False,2022-08-13
https://github.com/UiL-OTS-labs/ZEP-namepic-margriet-wijngaarden,False,2022-08-13
https://github.com/UiL-OTS-labs/ZEP-namepic-marjon-jessurun,False,2022-08-13
https://github.com/UiL-OTS-labs/ZEP-Niloofar-Hashemzadeh-Auditory-Identification,False,2022-08-13
https://github.com/UiL-OTS-labs/ZEP-Non-adjacent-Dependency-Learning--HPP-,False,2022-08-13
https://github.com/UiL-OTS-labs/ZEP-Non-adjacent-Dependency-Learning--HPP---alt1-,False,2022-08-13
https://github.com/UiL-OTS-labs/ZEP-operationspan,True,2022-08-13
https://github.com/UiL-OTS-labs-backoffice/AD-Group-Checker,True,2022-08-13
https://github.com/UiL-OTS-labs-backoffice/Compare-CodeIgniter-Language-Folders,False,2022-08-13
https://github.com/UiL-OTS-labs-backoffice/extract-hvf,False,2022-08-13
https://github.com/UiL-OTS-labs-backoffice/extract-maye,False,2022-08-13
https://github.com/UiL-OTS-labs-backoffice/eyetracker-scripts,True,2022-08-13
https://github.com/UiL-OTS-labs-backoffice/holliday-planner-page-generator,False,2022-08-13
https://github.com/UiL-OTS-labs-backoffice/lightdm-theme,False,2022-08-13
https://github.com/UiL-OTS-labs-backoffice/Linux-Shell-webcam-recorder,False,2022-08-13
https://github.com/UiL-OTS-labs-backoffice/SimpleSAML-Example-And-Documentation,False,2022-08-13
https://github.com/UiL-OTS-labs-backoffice/sound_eeg,False,2022-08-13
https://github.com/UiL-OTS-labs-backoffice/UiL-OTS-Video-Coding-System,True,2022-08-13
https://github.com/UiL-OTS-labs-backoffice/update-r,False,2022-08-13
https://github.com/UiL-OTS-labs-backoffice/Video-Conversion-Script,False,2022-08-13
https://github.com/UiL-OTS-labs-backoffice/web-experiment-index,False,2022-08-13
https://github.com/UiL-OTS-labs-backoffice/zep-linux-terminal-local-UILOTS,False,2022-08-13
https://github.com/UiL-OTS-labs-backoffice/zep-syntax-highlighter,False,2022-08-13
https://github.com/UtrechtCoastalGroup/Psamathe,False,2022-08-13
https://github.com/UtrechtCoastalGroup/Self-organization-of-a-biogeomorphic-landscape-controlled-by-plant-life-history-traits,False,2022-08-13
https://github.com/UtrechtCoastalGroup/Sonar3D,False,2022-08-13
https://github.com/UtrechtRiversEstuaries/riverbifurcation1D,False,2022-08-13
https://github.com/UtrechtRiversEstuaries/tidalnetwork_1D,False,2022-08-13
https://github.com/UtrechtUniversity/.github,False,2022-08-13
https://github.com/UtrechtUniversity/animal-sounds,False,2022-08-13
https://github.com/UtrechtUniversity/anonymize-ddp,True,2022-08-13
https://github.com/UtrechtUniversity/anonymouus,True,2022-08-13
https://github.com/UtrechtUniversity/awesome-utrecht-university,False,2022-08-13
https://github.com/UtrechtUniversity/best-practices,False,2022-08-13
https://github.com/UtrechtUniversity/cd2-ansible,False,2022-08-13
https://github.com/UtrechtUniversity/cd2-ckan,False,2022-08-13
https://github.com/UtrechtUniversity/clumped-processing,True,2022-08-13
https://github.com/UtrechtUniversity/cTORS,False,2022-08-13
https://github.com/UtrechtUniversity/dataprivacyhandbook,False,2022-08-13
https://github.com/UtrechtUniversity/dataprivacyproject,False,2022-08-13
https://github.com/UtrechtUniversity/dataprivacysurvey,False,2022-08-13
https://github.com/UtrechtUniversity/datascienceday-2018,False,2022-08-13
https://github.com/UtrechtUniversity/datascienceday-hpc,False,2022-08-13
https://github.com/UtrechtUniversity/davrods,False,2022-08-13
https://github.com/UtrechtUniversity/DCC2020-Yoda-ResearchCloud,False,2022-08-13
https://github.com/UtrechtUniversity/DCC2021-FAIRYODA4Communities,False,2022-08-13
https://github.com/UtrechtUniversity/dokuwiki-ansible,False,2022-08-13
https://github.com/UtrechtUniversity/emissions,False,2022-08-13
https://github.com/UtrechtUniversity/energize,False,2022-08-13
https://github.com/UtrechtUniversity/epos-msl,True,2022-08-13
https://github.com/UtrechtUniversity/epos-msl-theme,True,2022-08-13
https://github.com/UtrechtUniversity/getOldTweets-Airflow,False,2022-08-13
https://github.com/UtrechtUniversity/getting-started,False,2022-08-13
https://github.com/UtrechtUniversity/GitMiller,False,2022-08-13
https://github.com/UtrechtUniversity/global-goals,False,2022-08-13
https://github.com/UtrechtUniversity/google-semantic-location-history,False,2022-08-13
https://github.com/UtrechtUniversity/hist-aware,False,2022-08-13
https://github.com/UtrechtUniversity/hpc-batch-gen,False,2022-08-13
https://github.com/UtrechtUniversity/HPC-data-synchronization,False,2022-08-13
https://github.com/UtrechtUniversity/ia-webscraping,False,2022-08-13
https://github.com/UtrechtUniversity/icat-database-checker,False,2022-08-13
https://github.com/UtrechtUniversity/ii,False,2022-08-13
https://github.com/UtrechtUniversity/ilab-catalog,True,2022-08-13
https://github.com/UtrechtUniversity/ilab-catalog-theme,True,2022-08-13
https://github.com/UtrechtUniversity/irods-consistency-check,True,2022-08-13
https://github.com/UtrechtUniversity/irods-Csharp,False,2022-08-13
https://github.com/UtrechtUniversity/irods-offline-install,True,2022-08-13
https://github.com/UtrechtUniversity/irods-ruleset-research,True,2022-08-13
https://github.com/UtrechtUniversity/irods-ruleset-youth-cohort,True,2022-08-13
https://github.com/UtrechtUniversity/irods-sudo-microservices,False,2022-08-13
https://github.com/UtrechtUniversity/irods-uu-microservices,False,2022-08-13
https://github.com/UtrechtUniversity/iswitch,True,2022-08-13
https://github.com/UtrechtUniversity/KI1V14005-Tutoraat-KI-Basis,False,2022-08-13
https://github.com/UtrechtUniversity/labdatasync,True,2022-08-13
https://github.com/UtrechtUniversity/MATLAB-on-HPC,False,2022-08-13
https://github.com/UtrechtUniversity/microbiome,False,2022-08-13
https://github.com/UtrechtUniversity/miffy,False,2022-08-13
https://github.com/UtrechtUniversity/mregions-chi,False,2022-08-13
https://github.com/UtrechtUniversity/msl_api,True,2022-08-13
https://github.com/UtrechtUniversity/msl_ckan_core,True,2022-08-13
https://github.com/UtrechtUniversity/msl_ckan_util,True,2022-08-13
https://github.com/UtrechtUniversity/news-scraping,False,2022-08-13
https://github.com/UtrechtUniversity/nudging,False,2022-08-13
https://github.com/UtrechtUniversity/oceanexplorer,False,2022-08-13
https://github.com/UtrechtUniversity/protosc,False,2022-08-13
https://github.com/UtrechtUniversity/Qualtrics-Peer-Reports,False,2022-08-13
https://github.com/UtrechtUniversity/R-data-cafe,False,2022-08-13
https://github.com/UtrechtUniversity/rc-deeplearningtemplate,False,2022-08-13
https://github.com/UtrechtUniversity/RCrstudio,False,2022-08-13
https://github.com/UtrechtUniversity/RDM-client-software-inventory,False,2022-08-13
https://github.com/UtrechtUniversity/reclarify,True,2022-08-13
https://github.com/UtrechtUniversity/remindo-api,True,2022-08-13
https://github.com/UtrechtUniversity/research-engineering,False,2022-08-13
https://github.com/UtrechtUniversity/researchcloud-items,False,2022-08-13
https://github.com/UtrechtUniversity/S23,False,2022-08-13
https://github.com/UtrechtUniversity/SCCA,True,2022-08-13
https://github.com/UtrechtUniversity/streetview-greenery,False,2022-08-13
https://github.com/UtrechtUniversity/summer-fair,False,2022-08-13
https://github.com/UtrechtUniversity/SWORDS-template,False,2022-08-13
https://github.com/UtrechtUniversity/SWORDS-UU,True,2022-08-13
https://github.com/UtrechtUniversity/temporal-network-synthesis,False,2022-08-13
https://github.com/UtrechtUniversity/transferice,False,2022-08-13
https://github.com/UtrechtUniversity/tweet_collector,False,2022-08-13
https://github.com/UtrechtUniversity/usethis,False,2022-08-13
https://github.com/UtrechtUniversity/uu-jekyll-theme,False,2022-08-13
https://github.com/UtrechtUniversity/uucls,False,2022-08-13
https://github.com/UtrechtUniversity/uupeeps,False,2022-08-13
https://github.com/UtrechtUniversity/vagrant-irods,False,2022-08-13
https://github.com/UtrechtUniversity/workshop-computational-reproducibility,False,2022-08-13
https://github.com/UtrechtUniversity/workshop-introduction-to-R-and-data,False,2022-08-13
https://github.com/UtrechtUniversity/Workshop-IRAS,False,2022-08-13
https://github.com/UtrechtUniversity/workshop-r-for-humanities,False,2022-08-13
https://github.com/UtrechtUniversity/yoda,False,2022-08-13
https://github.com/UtrechtUniversity/yoda-clienttools,False,2022-08-13
https://github.com/UtrechtUniversity/yoda-external-user-service,False,2022-08-13
https://github.com/UU-ComputerScience/ag-pictgen,False,2022-08-13
https://github.com/UU-ComputerScience/js-asteroids,False,2022-08-13
https://github.com/UU-ComputerScience/ruler,False,2022-08-13
https://github.com/UU-ComputerScience/ruler-systems,False,2022-08-13
https://github.com/UU-ComputerScience/shuffle,False,2022-08-13
https://github.com/UU-ComputerScience/uhc,False,2022-08-13
https://github.com/UU-ComputerScience/uhc-pubs,False,2022-08-13
https://github.com/UU-ComputerScience/uhc-util,False,2022-08-13
https://github.com/UU-ComputerScience/uu-cco,False,2022-08-13
https://github.com/UU-ComputerScience/uu-interleaved,False,2022-08-13
https://github.com/UU-ComputerScience/uu-options,False,2022-08-13
https://github.com/UU-ComputerScience/uu-parsinglib,False,2022-08-13
https://github.com/UU-ComputerScience/uuagc,False,2022-08-13
https://github.com/UU-ComputerScience/uulib,True,2022-08-13
https://github.com/UU-Hydro/fieldwork_france,False,2022-08-13
https://github.com/UU-Hydro/PCR-GLOBWB_input_example,False,2022-08-13
https://github.com/UU-Hydro/PCR-GLOBWB_model,True,2022-08-13
https://github.com/UU-Hydro/PCR_BMI,True,2022-08-13
https://github.com/UU-Hydro/RiverScape,False,2022-08-13
https://github.com/UUDigitalHumanitieslab/AASP,False,2022-08-13
https://github.com/UUDigitalHumanitieslab/AASP-processing,False,2022-08-13
https://github.com/UUDigitalHumanitieslab/alpino-query,False,2022-08-13
https://github.com/UUDigitalHumanitieslab/angular-karma-module-config-testcase,False,2022-08-13
https://github.com/UUDigitalHumanitieslab/angular-karma-ng-google-maps-testcase,False,2022-08-13
https://github.com/UUDigitalHumanitieslab/AnnCor-scripts,False,2022-08-13
https://github.com/UUDigitalHumanitieslab/auchann,False,2022-08-13
https://github.com/UUDigitalHumanitieslab/catharijneverhalen,True,2022-08-13
https://github.com/UUDigitalHumanitieslab/cfh-lectures,False,2022-08-13
https://github.com/UUDigitalHumanitieslab/chamd,True,2022-08-13
https://github.com/UUDigitalHumanitieslab/compound-splitter,False,2022-08-13
https://github.com/UUDigitalHumanitieslab/cookiecutter-webapp-deluxe,False,2022-08-13
https://github.com/UUDigitalHumanitieslab/corpus-scraper,True,2022-08-13
https://github.com/UUDigitalHumanitieslab/corpus2alpino,True,2022-08-13
https://github.com/UUDigitalHumanitieslab/daycare-ethics,True,2022-08-13
https://github.com/UUDigitalHumanitieslab/dhl-packages,False,2022-08-13
https://github.com/UUDigitalHumanitieslab/digital-atlas,False,2022-08-13
https://github.com/UUDigitalHumanitieslab/filter-components,False,2022-08-13
https://github.com/UUDigitalHumanitieslab/gretel,True,2022-08-13
https://github.com/UUDigitalHumanitieslab/GrETEL-upload,True,2022-08-13
https://github.com/UUDigitalHumanitieslab/gretel-vagrant-box,False,2022-08-13
https://github.com/UUDigitalHumanitieslab/handlebars-i18next,True,2022-08-13
https://github.com/UUDigitalHumanitieslab/handlebars-i18next-parser,True,2022-08-13
https://github.com/UUDigitalHumanitieslab/HistoLexic,False,2022-08-13
https://github.com/UUDigitalHumanitieslab/historic-hebrew-dates,False,2022-08-13
https://github.com/UUDigitalHumanitieslab/issues-exporter,False,2022-08-13
https://github.com/UUDigitalHumanitieslab/jquery-promise,True,2022-08-13
https://github.com/UUDigitalHumanitieslab/kbkrant-harvest,False,2022-08-13
https://github.com/UUDigitalHumanitieslab/khatt,False,2022-08-13
https://github.com/UUDigitalHumanitieslab/lassy-xpath,False,2022-08-13
https://github.com/UUDigitalHumanitieslab/LoCMiner,True,2022-08-13
https://github.com/UUDigitalHumanitieslab/Map-your-Heroine,False,2022-08-13
https://github.com/UUDigitalHumanitieslab/microcontact,False,2022-08-13
https://github.com/UUDigitalHumanitieslab/panel-randomizer,True,2022-08-13
https://github.com/UUDigitalHumanitieslab/perfectextractor,False,2022-08-13
https://github.com/UUDigitalHumanitieslab/persistent-forking,False,2022-08-13
https://github.com/UUDigitalHumanitieslab/PhpModules,False,2022-08-13
https://github.com/UUDigitalHumanitieslab/programming-in-python,False,2022-08-13
https://github.com/UUDigitalHumanitieslab/R-lookup-and-merge,False,2022-08-13
https://github.com/UUDigitalHumanitieslab/Reader-responses-to-translated-literature,False,2022-08-13
https://github.com/UUDigitalHumanitieslab/readit-interface,False,2022-08-13
https://github.com/UUDigitalHumanitieslab/semantometrics-python,False,2022-08-13
https://github.com/UUDigitalHumanitieslab/shico-scripts,False,2022-08-13
https://github.com/UUDigitalHumanitieslab/tei_reader,False,2022-08-13
https://github.com/UUDigitalHumanitieslab/texcavator,False,2022-08-13
https://github.com/UUDigitalHumanitieslab/theaterdramaturgiebank,False,2022-08-13
https://github.com/UUDigitalHumanitieslab/timealign,True,2022-08-13
https://github.com/UUDigitalHumanitieslab/utils,False,2022-08-13
https://github.com/UUDigitalHumanitieslab/wisselwerking,False,2022-08-13
https://github.com/UUDigitalHumanitieslab/wurzburg-glosses-extraction,False,2022-08-13
https://github.com/UUDigitalHumanitieslab/youtube-comment-collector,False,2022-08-13
https://github.com/UUGRASP/UUComputingDocs,False,2022-08-13
https://github.com/vankesteren/blim,False,2022-08-13
https://github.com/vankesteren/bloctheme,False,2022-08-13
https://github.com/vankesteren/blog,True,2022-08-13
https://github.com/vankesteren/blog-source,False,2022-08-13
https://github.com/vankesteren/brainatlasrender,False,2022-08-13
https://github.com/vankesteren/cmfilter,False,2022-08-13
https://github.com/vankesteren/csstrials,False,2022-08-13
https://github.com/vankesteren/datasets,False,2022-08-13
https://github.com/vankesteren/dav_practicals,False,2022-08-13
https://github.com/vankesteren/Densy-Develop,False,2022-08-13
https://github.com/vankesteren/efast,True,2022-08-13
https://github.com/vankesteren/efast_code,True,2022-08-13
https://github.com/vankesteren/ema_simulations,False,2022-08-13
https://github.com/vankesteren/f1model,True,2022-08-13
https://github.com/vankesteren/fair_measurement,True,2022-08-13
https://github.com/vankesteren/firatheme,True,2022-08-13
https://github.com/vankesteren/fontfira,False,2022-08-13
https://github.com/vankesteren/guitzli,True,2022-08-13
https://github.com/vankesteren/JSephus,True,2022-08-13
https://github.com/vankesteren/julia-tryout,False,2022-08-13
https://github.com/vankesteren/koffie,False,2022-08-13
https://github.com/vankesteren/loratemp,False,2022-08-13
https://github.com/vankesteren/Massign,True,2022-08-13
https://github.com/vankesteren/memplot,False,2022-08-13
https://github.com/vankesteren/pcalg,False,2022-08-13
https://github.com/vankesteren/personalsite,False,2022-08-13
https://github.com/vankesteren/prettywebsites,False,2022-08-13
https://github.com/vankesteren/privacy-preserving-glm,False,2022-08-13
https://github.com/vankesteren/privreg,False,2022-08-13
https://github.com/vankesteren/readuni,False,2022-08-13
https://github.com/vankesteren/rijkspalette,True,2022-08-13
https://github.com/vankesteren/rpeaks,False,2022-08-13
https://github.com/vankesteren/sem-computationgraphs,True,2022-08-13
https://github.com/vankesteren/shapie,False,2022-08-13
https://github.com/vankesteren/single_subject,False,2022-08-13
https://github.com/vankesteren/streetcompare,False,2022-08-13
https://github.com/vankesteren/systematic-reviews,False,2022-08-13
https://github.com/vankesteren/tensorsem,True,2022-08-13
https://github.com/vankesteren/tFDAprofile,False,2022-08-13
https://github.com/vankesteren/universe,False,2022-08-13
https://github.com/vankesteren/varmonitor,False,2022-08-13
https://github.com/vankesteren/vennvis,False,2022-08-13
https://github.com/vankesteren/wa2pdf,False,2022-08-13
https://github.com/velgias/Template,False,2022-08-13
https://github.com/vitality-data-center/development-API,False,2022-08-13
https://github.com/vitality-data-center/environmental_factors,False,2022-08-13
https://github.com/wooshrow/amp-plugin-adapter-java,True,2022-08-13
https://github.com/wooshrow/course-python,False,2022-08-13
https://github.com/wooshrow/gclparser,False,2022-08-13
https://github.com/wooshrow/ooxClone,False,2022-08-13
https://github.com/wooshrow/wooshrow,False,2022-08-13
https://github.com/wouter-swierstra/ants,False,2022-08-13
https://github.com/wouter-swierstra/Bird,False,2022-08-13
https://github.com/wouter-swierstra/Brainfuck,False,2022-08-13
https://github.com/wouter-swierstra/concepts-slide-template,False,2022-08-13
https://github.com/wouter-swierstra/Data.Stream,False,2022-08-13
https://github.com/wouter-swierstra/formal-methods-nl,False,2022-08-13
https://github.com/wouter-swierstra/fp-dag,False,2022-08-13
https://github.com/wouter-swierstra/hbral,False,2022-08-13
https://github.com/wouter-swierstra/logic-notes,False,2022-08-13
https://github.com/wouter-swierstra/onderzoeksdag,False,2022-08-13
https://github.com/wouter-swierstra/predicate-transformers,True,2022-08-13
https://github.com/wouter-swierstra/SoftwareProject,False,2022-08-13
https://github.com/wouter-swierstra/xmonad,False,2022-08-13
https://github.com/xiedanghan/MangroveVulnerabilityModel,False,2022-08-13
