html_url_repository,path,date
https://github.com/zievathustra/uu-rdms-ris-pure-sync,src/notebooks/2_SSH_std.ipynb,2022-01-16
https://github.com/zievathustra/uu-rdms-ris-pure-sync,src/notebooks/2_bias_maps.ipynb,2022-01-16
https://github.com/zievathustra/uu-rdms-ris-pure-sync,src/notebooks/2_forcings.ipynb,2022-01-16
https://github.com/zievathustra/uu-rdms-ris-pure-sync,src/notebooks/2_gridspacing.ipynb,2022-01-16
https://github.com/zievathustra/uu-rdms-ris-pure-sync,src/notebooks/2_seaice.ipynb,2022-01-16
https://github.com/zievathustra/uu-rdms-ris-pure-sync,src/notebooks/2_simulations.ipynb,2022-01-16
https://github.com/zievathustra/uu-rdms-ris-pure-sync,src/notebooks/6.1_indicators.ipynb,2022-01-16
https://github.com/zievathustra/uu-rdms-ris-pure-sync,src/notebooks/6.2_ECS.ipynb,2022-01-16
https://github.com/zievathustra/uu-rdms-ris-pure-sync,src/notebooks/6.3_OHC.ipynb,2022-01-16
https://github.com/zievathustra/uu-rdms-ris-pure-sync,src/notebooks/6.3_SAT.ipynb,2022-01-16
https://github.com/zievathustra/uu-rdms-ris-pure-sync,src/notebooks/6.4_radiation.ipynb,2022-01-16
https://github.com/zievathustra/uu-rdms-ris-pure-sync,src/notebooks/6.5_seaice.ipynb,2022-01-16
https://github.com/zievathustra/uu-rdms-ris-pure-sync,src/notebooks/AHC.ipynb,2022-01-16
https://github.com/zievathustra/uu-rdms-ris-pure-sync,src/notebooks/BSF.ipynb,2022-01-16
https://github.com/zievathustra/uu-rdms-ris-pure-sync,src/notebooks/CICE.ipynb,2022-01-16
https://github.com/zievathustra/uu-rdms-ris-pure-sync,src/notebooks/CURRENTS.ipynb,2022-01-16
https://github.com/zievathustra/uu-rdms-ris-pure-sync,src/notebooks/EN4.ipynb,2022-01-16
https://github.com/zievathustra/uu-rdms-ris-pure-sync,src/notebooks/ENSO.ipynb,2022-01-16
https://github.com/zievathustra/uu-rdms-ris-pure-sync,src/notebooks/FLUX_OHC_SALT.ipynb,2022-01-16
https://github.com/zievathustra/uu-rdms-ris-pure-sync,src/notebooks/FORCING.ipynb,2022-01-16
https://github.com/zievathustra/uu-rdms-ris-pure-sync,src/notebooks/FW_budget.ipynb,2022-01-16
https://github.com/zievathustra/uu-rdms-ris-pure-sync,src/notebooks/FW_fluxes.ipynb,2022-01-16
https://github.com/zievathustra/uu-rdms-ris-pure-sync,src/notebooks/FW_fluxes_BS_Med.ipynb,2022-01-16
https://github.com/zievathustra/uu-rdms-ris-pure-sync,src/notebooks/GMST.ipynb,2022-01-16
https://github.com/zievathustra/uu-rdms-ris-pure-sync,src/notebooks/GMST_obs_ensembles.ipynb,2022-01-16
https://github.com/zievathustra/uu-rdms-ris-pure-sync,src/notebooks/HEAT.ipynb,2022-01-16
https://github.com/zievathustra/uu-rdms-ris-pure-sync,src/notebooks/HIATUS.ipynb,2022-01-16
https://github.com/zievathustra/uu-rdms-ris-pure-sync,src/notebooks/MOC.ipynb,2022-01-16
https://github.com/zievathustra/uu-rdms-ris-pure-sync,src/notebooks/MXL.ipynb,2022-01-16
https://github.com/zievathustra/uu-rdms-ris-pure-sync,src/notebooks/OHC-ctrl_vs_lpd.ipynb,2022-01-16
https://github.com/zievathustra/uu-rdms-ris-pure-sync,src/notebooks/OHC-detrending.ipynb,2022-01-16
https://github.com/zievathustra/uu-rdms-ris-pure-sync,src/notebooks/OHC-lowres.ipynb,2022-01-16
https://github.com/zievathustra/uu-rdms-ris-pure-sync,src/notebooks/OHC-observations.ipynb,2022-01-16
https://github.com/zievathustra/uu-rdms-ris-pure-sync,src/notebooks/OHC-phasing.ipynb,2022-01-16
https://github.com/zievathustra/uu-rdms-ris-pure-sync,src/notebooks/OHC-videos.ipynb,2022-01-16
https://github.com/zievathustra/uu-rdms-ris-pure-sync,src/notebooks/OHC.ipynb,2022-01-16
https://github.com/zievathustra/uu-rdms-ris-pure-sync,src/notebooks/OSNAP.ipynb,2022-01-16
https://github.com/zievathustra/uu-rdms-ris-pure-sync,src/notebooks/Poster.ipynb,2022-01-16
https://github.com/zievathustra/uu-rdms-ris-pure-sync,src/notebooks/REGR.ipynb,2022-01-16
https://github.com/zievathustra/uu-rdms-ris-pure-sync,src/notebooks/SFWF.ipynb,2022-01-16
https://github.com/zievathustra/uu-rdms-ris-pure-sync,src/notebooks/SHF.ipynb,2022-01-16
https://github.com/zievathustra/uu-rdms-ris-pure-sync,src/notebooks/SPECTRA.ipynb,2022-01-16
https://github.com/zievathustra/uu-rdms-ris-pure-sync,src/notebooks/SST.ipynb,2022-01-16
https://github.com/zievathustra/uu-rdms-ris-pure-sync,src/notebooks/SST_AMO.ipynb,2022-01-16
https://github.com/zievathustra/uu-rdms-ris-pure-sync,src/notebooks/SST_ENSO.ipynb,2022-01-16
https://github.com/zievathustra/uu-rdms-ris-pure-sync,src/notebooks/SST_GMST_regression.ipynb,2022-01-16
https://github.com/zievathustra/uu-rdms-ris-pure-sync,src/notebooks/SST_GMST_spectra.ipynb,2022-01-16
https://github.com/zievathustra/uu-rdms-ris-pure-sync,src/notebooks/SST_PDO.ipynb,2022-01-16
https://github.com/zievathustra/uu-rdms-ris-pure-sync,src/notebooks/SST_SOM.ipynb,2022-01-16
https://github.com/zievathustra/uu-rdms-ris-pure-sync,src/notebooks/SST_TPI.ipynb,2022-01-16
https://github.com/zievathustra/uu-rdms-ris-pure-sync,src/notebooks/SST_detrending.ipynb,2022-01-16
https://github.com/zievathustra/uu-rdms-ris-pure-sync,src/notebooks/SST_indices.ipynb,2022-01-16
https://github.com/zievathustra/uu-rdms-ris-pure-sync,src/notebooks/SST_obs.ipynb,2022-01-16
https://github.com/zievathustra/uu-rdms-ris-pure-sync,src/notebooks/SST_regression.ipynb,2022-01-16
https://github.com/zievathustra/uu-rdms-ris-pure-sync,src/notebooks/SST_regression_maps.ipynb,2022-01-16
https://github.com/zievathustra/uu-rdms-ris-pure-sync,src/notebooks/TOA.ipynb,2022-01-16
https://github.com/zievathustra/uu-rdms-ris-pure-sync,src/notebooks/WIND.ipynb,2022-01-16
https://github.com/zievathustra/uu-rdms-ris-pure-sync,src/notebooks/Woosok.ipynb,2022-01-16
https://github.com/zievathustra/uu-rdms-ris-pure-sync,src/notebooks/data_overview.ipynb,2022-01-16
https://github.com/zievathustra/uu-rdms-ris-pure-sync,src/notebooks/filters.ipynb,2022-01-16
https://github.com/zievathustra/uu-rdms-ris-pure-sync,src/notebooks/geometry.ipynb,2022-01-16
https://github.com/zievathustra/uu-rdms-ris-pure-sync,src/notebooks/paper.ipynb,2022-01-16
https://github.com/zievathustra/uu-rdms-ris-pure-sync,src/notebooks/paper3.ipynb,2022-01-16
https://github.com/zievathustra/uu-rdms-ris-pure-sync,src/notebooks/paper_EPJ.ipynb,2022-01-16
https://github.com/zievathustra/uu-rdms-ris-pure-sync,src/notebooks/presentation_BBOS19.ipynb,2022-01-16
https://github.com/zievathustra/uu-rdms-ris-pure-sync,src/notebooks/regrid.ipynb,2022-01-16
https://github.com/zievathustra/uu-rdms-ris-pure-sync,src/notebooks/regrid_0.1_to_0.4.ipynb,2022-01-16
https://github.com/zievathustra/uu-rdms-ris-pure-sync,src/notebooks/regrid_tutorial.ipynb,2022-01-16
https://github.com/zievathustra/uu-rdms-ris-pure-sync,src/notebooks/testing_MSSA.ipynb,2022-01-16
https://github.com/zievathustra/uu-rdms-ris-pure-sync,src/notebooks/testing_SSA.ipynb,2022-01-16
https://github.com/zievathustra/uu-rdms-ris-pure-sync,src/notebooks/testing_linear_regression.ipynb,2022-01-16
https://github.com/zievathustra/uu-rdms-ris-pure-sync,src/notebooks/testing_significance.ipynb,2022-01-16
https://github.com/zievathustra/uu-rdms-ris-pure-sync,src/notebooks/timeseries.ipynb,2022-01-16
https://github.com/zievathustra/uu-rdms-ris-pure-sync,src/run/run_scripts.ipynb,2022-01-16
https://github.com/zievathustra/uu-rdms-ris-pure-sync,src/notebooks/Advection.ipynb,2022-01-16
https://github.com/zievathustra/uu-rdms-ris-pure-sync,src/notebooks/Bedmachine.ipynb,2022-01-16
https://github.com/zievathustra/uu-rdms-ris-pure-sync,src/notebooks/Calc_layer_isomip.ipynb,2022-01-16
https://github.com/zievathustra/uu-rdms-ris-pure-sync,src/notebooks/Calc_layer_realistic.ipynb,2022-01-16
https://github.com/zievathustra/uu-rdms-ris-pure-sync,src/notebooks/Geometry.ipynb,2022-01-16
https://github.com/zievathustra/uu-rdms-ris-pure-sync,src/notebooks/Geometry_idealized.ipynb,2022-01-16
https://github.com/zievathustra/uu-rdms-ris-pure-sync,src/notebooks/Geometry_realistic.ipynb,2022-01-16
https://github.com/zievathustra/uu-rdms-ris-pure-sync,src/notebooks/PICO.ipynb,2022-01-16
https://github.com/zievathustra/uu-rdms-ris-pure-sync,src/notebooks/PICOP.ipynb,2022-01-16
https://github.com/zievathustra/uu-rdms-ris-pure-sync,src/notebooks/Plot_ISOMIP.ipynb,2022-01-16
https://github.com/zievathustra/uu-rdms-ris-pure-sync,src/notebooks/Plot_observations.ipynb,2022-01-16
https://github.com/zievathustra/uu-rdms-ris-pure-sync,src/notebooks/Plot_shoaling.ipynb,2022-01-16
https://github.com/zievathustra/uu-rdms-ris-pure-sync,src/notebooks/Plot_validation.ipynb,2022-01-16
https://github.com/zievathustra/uu-rdms-ris-pure-sync,src/notebooks/Plot_validation_standardized.ipynb,2022-01-16
https://github.com/zievathustra/uu-rdms-ris-pure-sync,src/notebooks/Plot_warming.ipynb,2022-01-16
https://github.com/zievathustra/uu-rdms-ris-pure-sync,src/notebooks/Plots_amundsen_avg_sens.ipynb,2022-01-16
https://github.com/zievathustra/uu-rdms-ris-pure-sync,src/notebooks/Plots_validation_PIG_CD.ipynb,2022-01-16
https://github.com/zievathustra/uu-rdms-ris-pure-sync,src/notebooks/Plume.ipynb,2022-01-16
https://github.com/zievathustra/uu-rdms-ris-pure-sync,src/notebooks/example.ipynb,2022-01-16
https://github.com/zievathustra/uu-rdms-ris-pure-sync,1a_Introduction.ipynb,2022-01-16
https://github.com/zievathustra/uu-rdms-ris-pure-sync,1b_Fundamentals.ipynb,2022-01-16
https://github.com/zievathustra/uu-rdms-ris-pure-sync,1c_Functions.ipynb,2022-01-16
https://github.com/zievathustra/uu-rdms-ris-pure-sync,2a_numpy.ipynb,2022-01-16
https://github.com/zievathustra/uu-rdms-ris-pure-sync,2b_matplotlib.ipynb,2022-01-16
https://github.com/zievathustra/uu-rdms-ris-pure-sync,2c_advanced_Matplotlib.ipynb,2022-01-16
https://github.com/zievathustra/uu-rdms-ris-pure-sync,2d_SciPy.ipynb,2022-01-16
https://github.com/zievathustra/uu-rdms-ris-pure-sync,3a_pandas.ipynb,2022-01-16
https://github.com/zievathustra/uu-rdms-ris-pure-sync,3b_netcdf_xarray.ipynb,2022-01-16
https://github.com/zievathustra/uu-rdms-ris-pure-sync,3c_xarray.ipynb,2022-01-16
https://github.com/zievathustra/uu-rdms-ris-pure-sync,4a_cartopy.ipynb,2022-01-16
https://github.com/zievathustra/uu-rdms-ris-pure-sync,4b_best_practices.ipynb,2022-01-16
https://github.com/zievathustra/uu-rdms-ris-pure-sync,RFPlasmid_Conda_install_and_run.ipynb,2022-01-16
https://github.com/zievathustra/uu-rdms-ris-pure-sync,RFPlasmid_systemwide_install_with_pip.ipynb,2022-01-16
https://github.com/zievathustra/uu-rdms-ris-pure-sync,assignmentnotebook.ipynb,2022-01-16
https://github.com/zievathustra/uu-rdms-ris-pure-sync,.ipynb_checkpoints/CNN-Classifier-checkpoint.ipynb,2022-01-16
https://github.com/zievathustra/uu-rdms-ris-pure-sync,.ipynb_checkpoints/Dataset_creator-checkpoint.ipynb,2022-01-16
https://github.com/zievathustra/uu-rdms-ris-pure-sync,CNN-Classifier.ipynb,2022-01-16
https://github.com/zievathustra/uu-rdms-ris-pure-sync,Dataset_creator.ipynb,2022-01-16
https://github.com/zievathustra/uu-rdms-ris-pure-sync,results/extract_plots.ipynb,2022-01-16
https://github.com/zievathustra/uu-rdms-ris-pure-sync,results/extract_results.ipynb,2022-01-16
https://github.com/zievathustra/uu-rdms-ris-pure-sync,datasets/Appenzeller-Herzog_2020/process_Appenzeller-Herzog_dataset.ipynb,2022-01-16
https://github.com/zievathustra/uu-rdms-ris-pure-sync,datasets/Bannach-Brown_2019/process_Bannach-Brown_dataset.ipynb,2022-01-16
https://github.com/zievathustra/uu-rdms-ris-pure-sync,datasets/Bos_2018/process_Bos_dataset.ipynb,2022-01-16
https://github.com/zievathustra/uu-rdms-ris-pure-sync,datasets/Cohen_2006/process_Cohen_datasets_local.ipynb,2022-01-16
https://github.com/zievathustra/uu-rdms-ris-pure-sync,datasets/Cohen_2006/process_Cohen_datasets_online.ipynb,2022-01-16
https://github.com/zievathustra/uu-rdms-ris-pure-sync,datasets/Hall_Wahono_Radjenovic_Kitchenham/process_Hall_Wahono_Radjenovic_Kitchenham_datasets.ipynb,2022-01-16
https://github.com/zievathustra/uu-rdms-ris-pure-sync,datasets/Kwok_2020/process_Kwok_dataset.ipynb,2022-01-16
https://github.com/zievathustra/uu-rdms-ris-pure-sync,datasets/Nagtegaal_2019/process_Nagtegaal_dataset.ipynb,2022-01-16
https://github.com/zievathustra/uu-rdms-ris-pure-sync,datasets/Wolters_2018/process_Wolters_dataset.ipynb,2022-01-16
https://github.com/zievathustra/uu-rdms-ris-pure-sync,datasets/van_Dis_2020/process_van_Dis_dataset.ipynb,2022-01-16
https://github.com/zievathustra/uu-rdms-ris-pure-sync,datasets/van_de_Schoot_2017/process_van_de_Schoot_dataset.ipynb,2022-01-16
https://github.com/zievathustra/uu-rdms-ris-pure-sync,assignment_1/.ipynb_checkpoints/question1_failedattempt_bas-checkpoint.ipynb,2022-01-16
https://github.com/zievathustra/uu-rdms-ris-pure-sync,assignment_1/.ipynb_checkpoints/question1_main-checkpoint.ipynb,2022-01-16
https://github.com/zievathustra/uu-rdms-ris-pure-sync,assignment_1/.ipynb_checkpoints/question2_main-checkpoint.ipynb,2022-01-16
https://github.com/zievathustra/uu-rdms-ris-pure-sync,assignment_1/question1_failedattempt_bas.ipynb,2022-01-16
https://github.com/zievathustra/uu-rdms-ris-pure-sync,assignment_1/question1_main.ipynb,2022-01-16
https://github.com/zievathustra/uu-rdms-ris-pure-sync,assignment_1/question2_main.ipynb,2022-01-16
https://github.com/zievathustra/uu-rdms-ris-pure-sync,assignment_1/submission/question1_main.ipynb,2022-01-16
https://github.com/zievathustra/uu-rdms-ris-pure-sync,assignment_1/submission/question2_main.ipynb,2022-01-16
https://github.com/zievathustra/uu-rdms-ris-pure-sync,Game theory assignment 1.ipynb,2022-01-16
https://github.com/zievathustra/uu-rdms-ris-pure-sync,Code/Analyses/matched_sample_analysis.ipynb,2022-01-16
https://github.com/zievathustra/uu-rdms-ris-pure-sync,Code/Analyses/unmatched_sample_analysis.ipynb,2022-01-16
https://github.com/zievathustra/uu-rdms-ris-pure-sync,Code/arrange_hdng_data.ipynb,2022-01-16
https://github.com/zievathustra/uu-rdms-ris-pure-sync,Code/clean_to_close_elections.ipynb,2022-01-16
https://github.com/zievathustra/uu-rdms-ris-pure-sync,Code/data_to_analysis_matched.ipynb,2022-01-16
https://github.com/zievathustra/uu-rdms-ris-pure-sync,Code/data_to_analysis_unmatched.ipynb,2022-01-16
https://github.com/zievathustra/uu-rdms-ris-pure-sync,Code/data_to_analysis_unmatched_alternative_definition_of_margin.ipynb,2022-01-16
https://github.com/zievathustra/uu-rdms-ris-pure-sync,Code/elections_to_full_data.ipynb,2022-01-16
https://github.com/zievathustra/uu-rdms-ris-pure-sync,Code/find_remaining_variables.ipynb,2022-01-16
https://github.com/zievathustra/uu-rdms-ris-pure-sync,Code/from_full_data_to_full_data_all_vars.ipynb,2022-01-16
https://github.com/zievathustra/uu-rdms-ris-pure-sync,Code/make_data_entry_file.ipynb,2022-01-16
https://github.com/zievathustra/uu-rdms-ris-pure-sync,Code/make_data_entry_file_lessclose.ipynb,2022-01-16
https://github.com/zievathustra/uu-rdms-ris-pure-sync,Code/make_dataset_birthplace_birthdates_nonpols.ipynb,2022-01-16
https://github.com/zievathustra/uu-rdms-ris-pure-sync,Code/new_closeelections_margins_create_potentialmissing.ipynb,2022-01-16
https://github.com/zievathustra/uu-rdms-ris-pure-sync,Code/scrape.ipynb,2022-01-16
https://github.com/zievathustra/uu-rdms-ris-pure-sync,.ipynb_checkpoints/scraping_parl_names-checkpoint.ipynb,2022-01-16
https://github.com/zievathustra/uu-rdms-ris-pure-sync,Code/.ipynb_checkpoints/clean_names-checkpoint.ipynb,2022-01-16
https://github.com/zievathustra/uu-rdms-ris-pure-sync,Code/.ipynb_checkpoints/scraping_parl_names-checkpoint.ipynb,2022-01-16
https://github.com/zievathustra/uu-rdms-ris-pure-sync,Code/clean_names.ipynb,2022-01-16
https://github.com/zievathustra/uu-rdms-ris-pure-sync,Code/scraping_parl_names.ipynb,2022-01-16
https://github.com/zievathustra/uu-rdms-ris-pure-sync,Paper1/Code/wealth_correction.ipynb,2022-01-16
https://github.com/zievathustra/uu-rdms-ris-pure-sync,1. Python - CMIP Feedback Computations/CESM2 1pct CO2/Compute_Fields.ipynb,2022-01-16
https://github.com/zievathustra/uu-rdms-ris-pure-sync,1. Python - CMIP Feedback Computations/CESM2 abrupt4xCO2/Compute_Fields.ipynb,2022-01-16
https://github.com/zievathustra/uu-rdms-ris-pure-sync,3. Python Visualisation/compare_1pct_projections.ipynb,2022-01-16
https://github.com/zievathustra/uu-rdms-ris-pure-sync,3. Python Visualisation/make_mode_plots.ipynb,2022-01-16
https://github.com/zievathustra/uu-rdms-ris-pure-sync,Codes/Python - LongRunMIP/LongRunMIP_ECS_estimations.ipynb,2022-01-16
https://github.com/zievathustra/uu-rdms-ris-pure-sync,Codes/Python - LongRunMIP/remaining_error_plot.ipynb,2022-01-16
https://github.com/zievathustra/uu-rdms-ris-pure-sync,Shifted exponents.ipynb,2022-01-16
https://github.com/zievathustra/uu-rdms-ris-pure-sync,The largest floating point value.ipynb,2022-01-16
https://github.com/zievathustra/uu-rdms-ris-pure-sync,Tutorial_solutions_part1.ipynb,2022-01-16
https://github.com/zievathustra/uu-rdms-ris-pure-sync,Tutorial_solutions_part2.ipynb,2022-01-16
https://github.com/zievathustra/uu-rdms-ris-pure-sync,Tutorial_solutions_part3.ipynb,2022-01-16
https://github.com/zievathustra/uu-rdms-ris-pure-sync,[NM2018] Python tutorial.ipynb,2022-01-16
https://github.com/zievathustra/uu-rdms-ris-pure-sync,DialectLexiconConversion/lexdb_conversion.ipynb,2022-01-16
https://github.com/zievathustra/uu-rdms-ris-pure-sync,Slicing-and-Dicing-Newspapers/code/Experiments/OCR quality check .ipynb,2022-01-16
https://github.com/zievathustra/uu-rdms-ris-pure-sync,Slicing-and-Dicing-Newspapers/code/Experiments/Snippets_classification_clean.ipynb,2022-01-16
https://github.com/zievathustra/uu-rdms-ris-pure-sync,Slicing-and-Dicing-Newspapers/code/Experiments/Two-class.ipynb,2022-01-16
https://github.com/zievathustra/uu-rdms-ris-pure-sync,Slicing-and-Dicing-Newspapers/code/Experiments/full_text_experiments.ipynb,2022-01-16
https://github.com/zievathustra/uu-rdms-ris-pure-sync,src/d3js.ipynb,2022-01-16
https://github.com/zievathustra/uu-rdms-ris-pure-sync,assets/csv-to-rdf/convert-births-to-rdf.ipynb,2022-01-16
https://github.com/zievathustra/uu-rdms-ris-pure-sync,assets/csv-to-rdf/convert-marriages-to-rdf.ipynb,2022-01-16
https://github.com/zievathustra/uu-rdms-ris-pure-sync,notebook/course.ipynb,2022-01-16
https://github.com/zievathustra/uu-rdms-ris-pure-sync,query.ipynb,2022-01-16
https://github.com/zievathustra/uu-rdms-ris-pure-sync,stats.ipynb,2022-01-16
https://github.com/zievathustra/uu-rdms-ris-pure-sync,weights.ipynb,2022-01-16
https://github.com/zievathustra/uu-rdms-ris-pure-sync,Datos/ceilometro/Untitled.ipynb,2022-01-16
https://github.com/zievathustra/uu-rdms-ris-pure-sync,Datos/delegaciones_cdmx/algoritmo in or out.ipynb,2022-01-16
https://github.com/zievathustra/uu-rdms-ris-pure-sync,Notebooks/Calculo_Richardson.ipynb,2022-01-16
https://github.com/zievathustra/uu-rdms-ris-pure-sync,Notebooks/Grafica_1_1.ipynb,2022-01-16
https://github.com/zievathustra/uu-rdms-ris-pure-sync,Notebooks/Gráficas semanales.ipynb,2022-01-16
https://github.com/zievathustra/uu-rdms-ris-pure-sync,Notebooks/Promedios_mesuales.ipynb,2022-01-16
https://github.com/zievathustra/uu-rdms-ris-pure-sync,Notebooks/Pruebas_netCDF4.ipynb,2022-01-16
https://github.com/zievathustra/uu-rdms-ris-pure-sync,Notebooks/Regenerar_ceilo_dat.ipynb,2022-01-16
https://github.com/zievathustra/uu-rdms-ris-pure-sync,Notebooks/Untitled.ipynb,2022-01-16
https://github.com/zievathustra/uu-rdms-ris-pure-sync,Notebooks/Untitled2.ipynb,2022-01-16
https://github.com/zievathustra/uu-rdms-ris-pure-sync,Notebooks/ceilometro_pandas.ipynb,2022-01-16
https://github.com/zievathustra/uu-rdms-ris-pure-sync,Notebooks/coordenada_más_cercana.ipynb,2022-01-16
https://github.com/zievathustra/uu-rdms-ris-pure-sync,Notebooks/graficas_apartir_promedios.ipynb,2022-01-16
https://github.com/zievathustra/uu-rdms-ris-pure-sync,Notebooks/porco il dio.ipynb,2022-01-16
https://github.com/zievathustra/uu-rdms-ris-pure-sync,Notebooks/puntos_de malla_en_delegaciones.ipynb,2022-01-16
https://github.com/zievathustra/uu-rdms-ris-pure-sync,Notebooks/reunion_30_ago.ipynb,2022-01-16
https://github.com/zievathustra/uu-rdms-ris-pure-sync,VC_notebooks/VC mar y sep.ipynb,2022-01-16
https://github.com/zievathustra/uu-rdms-ris-pure-sync,Convección en fluido estratificado.ipynb,2022-01-16
https://github.com/zievathustra/uu-rdms-ris-pure-sync,Ec_edo_cuadratica.ipynb,2022-01-16
https://github.com/zievathustra/uu-rdms-ris-pure-sync,R-B/RB_modificado.ipynb,2022-01-16
https://github.com/zievathustra/uu-rdms-ris-pure-sync,R-B/Untitled.ipynb,2022-01-16
https://github.com/zievathustra/uu-rdms-ris-pure-sync,Strat_conv/Plot_hdf5.ipynb,2022-01-16
https://github.com/zievathustra/uu-rdms-ris-pure-sync,Strat_conv/UGM_plots.ipynb,2022-01-16
https://github.com/zievathustra/uu-rdms-ris-pure-sync,Strat_conv/Untitled.ipynb,2022-01-16
https://github.com/zievathustra/uu-rdms-ris-pure-sync,Strat_conv/multifigplot.ipynb,2022-01-16
https://github.com/zievathustra/uu-rdms-ris-pure-sync,ajustes_perfil_estratificacion.ipynb,2022-01-16
https://github.com/zievathustra/uu-rdms-ris-pure-sync,animaciones.ipynb,2022-01-16
https://github.com/zievathustra/uu-rdms-ris-pure-sync,rho(T)_lineal.ipynb,2022-01-16
https://github.com/zievathustra/uu-rdms-ris-pure-sync,read_and_plot.ipynb,2022-01-16
https://github.com/zievathustra/uu-rdms-ris-pure-sync,Approximate equation for upper ocean temperature.ipynb,2022-01-16
https://github.com/zievathustra/uu-rdms-ris-pure-sync,GRANTISM/GRANTISM Greenland.ipynb,2022-01-16
https://github.com/zievathustra/uu-rdms-ris-pure-sync,GRANTISM/GRANTISM.ipynb,2022-01-16
https://github.com/zievathustra/uu-rdms-ris-pure-sync,GRANTISM/Greenland revisited.ipynb,2022-01-16
https://github.com/zievathustra/uu-rdms-ris-pure-sync,GRANTISM/new_grantism_finite_dif.ipynb,2022-01-16
https://github.com/zievathustra/uu-rdms-ris-pure-sync,Milankovitch (funciones y animaciones).ipynb,2022-01-16
https://github.com/zievathustra/uu-rdms-ris-pure-sync,Modelo Cero Dimensional de Balance de Energía.ipynb,2022-01-16
https://github.com/zievathustra/uu-rdms-ris-pure-sync,Retroalimentador Hielo Albedo.ipynb,2022-01-16
https://github.com/zievathustra/uu-rdms-ris-pure-sync,Moguls_of_Chaos_[julia].ipynb,2022-01-16
https://github.com/zievathustra/uu-rdms-ris-pure-sync,Moguls_of_Chaos_[python].ipynb,2022-01-16
https://github.com/zievathustra/uu-rdms-ris-pure-sync,00.GMT_plots.ipynb,2022-01-16
https://github.com/zievathustra/uu-rdms-ris-pure-sync,01.Defining_plot_functions.ipynb,2022-01-16
https://github.com/zievathustra/uu-rdms-ris-pure-sync,01.Temperature_distribution_profiles.ipynb,2022-01-16
https://github.com/zievathustra/uu-rdms-ris-pure-sync,02.SBE_explorations.ipynb,2022-01-16
https://github.com/zievathustra/uu-rdms-ris-pure-sync,03.Aquadopp_distributions.ipynb,2022-01-16
https://github.com/zievathustra/uu-rdms-ris-pure-sync,04.Positioning_intruments.ipynb,2022-01-16
https://github.com/zievathustra/uu-rdms-ris-pure-sync,06. Temperature profiles.ipynb,2022-01-16
https://github.com/zievathustra/uu-rdms-ris-pure-sync,07.ambient_stratification.ipynb,2022-01-16
https://github.com/zievathustra/uu-rdms-ris-pure-sync,08.Model_profiles.ipynb,2022-01-16
https://github.com/zievathustra/uu-rdms-ris-pure-sync,09.ridge_plots.ipynb,2022-01-16
https://github.com/zievathustra/uu-rdms-ris-pure-sync,10.Spectral_analysis_I.ipynb,2022-01-16
https://github.com/zievathustra/uu-rdms-ris-pure-sync,11.Spectral_analysis_II.ipynb,2022-01-16
https://github.com/zievathustra/uu-rdms-ris-pure-sync,12.PSD_plots_clean.ipynb,2022-01-16
https://github.com/zievathustra/uu-rdms-ris-pure-sync,14.Power_spectra_density_vs_temperature.ipynb,2022-01-16
https://github.com/zievathustra/uu-rdms-ris-pure-sync,15.Power-Spectra-Report.ipynb,2022-01-16
https://github.com/zievathustra/uu-rdms-ris-pure-sync,16.PSD_aquadopp.ipynb,2022-01-16
https://github.com/zievathustra/uu-rdms-ris-pure-sync,Bifurcation_Diagram.ipynb,2022-01-16
https://github.com/zievathustra/uu-rdms-ris-pure-sync,Computing_fractal_dimensions.ipynb,2022-01-16
https://github.com/zievathustra/uu-rdms-ris-pure-sync,Examen unidad 9.ipynb,2022-01-16
https://github.com/zievathustra/uu-rdms-ris-pure-sync,Iterator.ipynb,2022-01-16
https://github.com/zievathustra/uu-rdms-ris-pure-sync,Logistic_equation.ipynb,2022-01-16
https://github.com/zievathustra/uu-rdms-ris-pure-sync,Quiz 1.ipynb,2022-01-16
https://github.com/zievathustra/uu-rdms-ris-pure-sync,Ski_Slope_Model.ipynb,2022-01-16
https://github.com/zievathustra/uu-rdms-ris-pure-sync,Testing_cobweb_plot.ipynb,2022-01-16
https://github.com/zievathustra/uu-rdms-ris-pure-sync,delay-coordinate_embedding.ipynb,2022-01-16
https://github.com/zievathustra/uu-rdms-ris-pure-sync,simple_ODE_solvers.ipynb,2022-01-16
https://github.com/zievathustra/uu-rdms-ris-pure-sync,test/test_nb.ipynb,2022-01-16
https://github.com/zievathustra/uu-rdms-ris-pure-sync,tutorial/tutorial_fidimag.ipynb,2022-01-16
https://github.com/zievathustra/uu-rdms-ris-pure-sync,notebooks/simulation_details.ipynb,2022-01-16
https://github.com/zievathustra/uu-rdms-ris-pure-sync,notebooks/wave_evolution.ipynb,2022-01-16
https://github.com/zievathustra/uu-rdms-ris-pure-sync,notebooks/Hexagons NEBM skyrmion collapse.ipynb,2022-01-16
https://github.com/zievathustra/uu-rdms-ris-pure-sync,notebooks/Hexagons NEBM skyrmion escape.ipynb,2022-01-16
https://github.com/zievathustra/uu-rdms-ris-pure-sync,notebooks/Hexagons NEBM tgt-state-up skyrmion-down collapse.ipynb,2022-01-16
https://github.com/zievathustra/uu-rdms-ris-pure-sync,notebooks/Hexagons PdPdFe energies_positive_fields.ipynb,2022-01-16
https://github.com/zievathustra/uu-rdms-ris-pure-sync,notebooks/Hexagons_phase_diagram.ipynb,2022-01-16
https://github.com/zievathustra/uu-rdms-ris-pure-sync,notebooks/Hexagons_phase_diagram_pinned_bs.ipynb,2022-01-16
https://github.com/zievathustra/uu-rdms-ris-pure-sync,notebooks/image_rotated NEBM target state-skyrmion.ipynb,2022-01-16
https://github.com/zievathustra/uu-rdms-ris-pure-sync,notebooks/image_rotated snapshots-positive_fields.ipynb,2022-01-16
https://github.com/zievathustra/uu-rdms-ris-pure-sync,notebooks/image_rotated_energies_positive_fields.ipynb,2022-01-16
https://github.com/zievathustra/uu-rdms-ris-pure-sync,notebooks/image_rotated_relaxed_from_image.ipynb,2022-01-16
https://github.com/zievathustra/uu-rdms-ris-pure-sync,simulation_widget_nb.ipynb,2022-01-16
https://github.com/zievathustra/uu-rdms-ris-pure-sync,experimental/Figure_2/Figure_2.ipynb,2022-01-16
https://github.com/zievathustra/uu-rdms-ris-pure-sync,experimental/Figure_3/Figure_3.ipynb,2022-01-16
https://github.com/zievathustra/uu-rdms-ris-pure-sync,experimental/Figure_4/Figure_4.ipynb,2022-01-16
https://github.com/zievathustra/uu-rdms-ris-pure-sync,experimental/Figure_5/Figure_5.ipynb,2022-01-16
https://github.com/zievathustra/uu-rdms-ris-pure-sync,experimental/holography_reconstruction/FeGe_Notebook_Cone.ipynb,2022-01-16
https://github.com/zievathustra/uu-rdms-ris-pure-sync,experimental/holography_reconstruction/FeGe_Notebook_Helix.ipynb,2022-01-16
https://github.com/zievathustra/uu-rdms-ris-pure-sync,experimental/holography_reconstruction/FeGe_Notebook_Skyrmion.ipynb,2022-01-16
https://github.com/zievathustra/uu-rdms-ris-pure-sync,notebooks/conical.ipynb,2022-01-16
https://github.com/zievathustra/uu-rdms-ris-pure-sync,notebooks/mixed_phases.ipynb,2022-01-16
https://github.com/zievathustra/uu-rdms-ris-pure-sync,notebooks/random.ipynb,2022-01-16
https://github.com/zievathustra/uu-rdms-ris-pure-sync,notebooks/sk_lattice.ipynb,2022-01-16
https://github.com/zievathustra/uu-rdms-ris-pure-sync,notebooks/sk_tubes_field_sweep.ipynb,2022-01-16
https://github.com/zievathustra/uu-rdms-ris-pure-sync,notebooks/spirals_helices.ipynb,2022-01-16
https://github.com/zievathustra/uu-rdms-ris-pure-sync,notebooks/bobber_toron_energy_profiles.ipynb,2022-01-16
https://github.com/zievathustra/uu-rdms-ris-pure-sync,notebooks/eq_configuration_energies.ipynb,2022-01-16
https://github.com/zievathustra/uu-rdms-ris-pure-sync,notebooks/sk-helix_to_helix.ipynb,2022-01-16
https://github.com/zievathustra/uu-rdms-ris-pure-sync,notebooks/sk-transition_GNEBM.ipynb,2022-01-16
https://github.com/zievathustra/uu-rdms-ris-pure-sync,notebooks/sk-tube_init_states.ipynb,2022-01-16
https://github.com/zievathustra/uu-rdms-ris-pure-sync,joommf_isolated_typeIIbubble.ipynb,2022-01-16
https://github.com/zievathustra/uu-rdms-ris-pure-sync,notebooks/joommf.ipynb,2022-01-16
https://github.com/zievathustra/uu-rdms-ris-pure-sync,notebooks/joommf_isolated_typeII_bubble_field-sweep-PLOTS.ipynb,2022-01-16
https://github.com/zievathustra/uu-rdms-ris-pure-sync,notebooks/joommf_isolated_typeII_bubble_field-sweep.ipynb,2022-01-16
https://github.com/zievathustra/uu-rdms-ris-pure-sync,notebooks/joommf_typeIIbubble_film.ipynb,2022-01-16
https://github.com/zievathustra/uu-rdms-ris-pure-sync,skyrmion_projection.ipynb,2022-01-16
https://github.com/zievathustra/uu-rdms-ris-pure-sync,skyrmion_model_widget.ipynb,2022-01-16
https://github.com/zievathustra/uu-rdms-ris-pure-sync,.ipynb_checkpoints/BigData_Project-checkpoint.ipynb,2022-01-16
https://github.com/zievathustra/uu-rdms-ris-pure-sync,.ipynb_checkpoints/final_code-checkpoint.ipynb,2022-01-16
https://github.com/zievathustra/uu-rdms-ris-pure-sync,BigData_Project.ipynb,2022-01-16
https://github.com/zievathustra/uu-rdms-ris-pure-sync,BigData_test.ipynb,2022-01-16
https://github.com/zievathustra/uu-rdms-ris-pure-sync,final_code.ipynb,2022-01-16
https://github.com/zievathustra/uu-rdms-ris-pure-sync,data/.ipynb_checkpoints/Time_Agg_DataProc-checkpoint.ipynb,2022-01-16
https://github.com/zievathustra/uu-rdms-ris-pure-sync,data/Time_Agg_DataProc.ipynb,2022-01-16
https://github.com/zievathustra/uu-rdms-ris-pure-sync,OCR_Classification_DeepNetworks/.ipynb_checkpoints/LAB3-checkpoint.ipynb,2022-01-16
https://github.com/zievathustra/uu-rdms-ris-pure-sync,OCR_Classification_DeepNetworks/LAB3.ipynb,2022-01-16
https://github.com/zievathustra/uu-rdms-ris-pure-sync,OCR_Classification_DeepNetworks/tensorflow-lab.ipynb,2022-01-16
https://github.com/zievathustra/uu-rdms-ris-pure-sync,SpamClassifier/ML_Lab2_Spam.ipynb,2022-01-16
https://github.com/zievathustra/uu-rdms-ris-pure-sync,.ipynb_checkpoints/Retrieval-checkpoint.ipynb,2022-01-16
https://github.com/zievathustra/uu-rdms-ris-pure-sync,Retrieval.ipynb,2022-01-16
https://github.com/zievathustra/uu-rdms-ris-pure-sync,Train_model_history.ipynb,2022-01-16
https://github.com/zievathustra/uu-rdms-ris-pure-sync,notebooks/.ipynb_checkpoints/videofile-checkpoint.ipynb,2022-01-16
https://github.com/zievathustra/uu-rdms-ris-pure-sync,notebooks/bokeh_sandbox.ipynb,2022-01-16
https://github.com/zievathustra/uu-rdms-ris-pure-sync,notebooks/movementdetection.ipynb,2022-01-16
https://github.com/zievathustra/uu-rdms-ris-pure-sync,notebooks/movementdetection_detailed.ipynb,2022-01-16
https://github.com/zievathustra/uu-rdms-ris-pure-sync,notebooks/videofile.ipynb,2022-01-16
https://github.com/zievathustra/uu-rdms-ris-pure-sync,stimulussets_analyzed/suppl_info_beckers_etal_2016_jneurobiorev_revision2.ipynb,2022-01-16
https://github.com/zievathustra/uu-rdms-ris-pure-sync,tutorials/basic_use.ipynb,2022-01-16
https://github.com/zievathustra/uu-rdms-ris-pure-sync,demos/Deconvolution.ipynb,2022-01-16
https://github.com/zievathustra/uu-rdms-ris-pure-sync,demos/MRI.ipynb,2022-01-16
https://github.com/zievathustra/uu-rdms-ris-pure-sync,demos/Tomography.ipynb,2022-01-16
https://github.com/zievathustra/uu-rdms-ris-pure-sync,exercises/week1/.ipynb_checkpoints/exercises-checkpoint.ipynb,2022-01-16
https://github.com/zievathustra/uu-rdms-ris-pure-sync,exercises/week1/exercises.ipynb,2022-01-16
https://github.com/zievathustra/uu-rdms-ris-pure-sync,exercises/week10/exercises.ipynb,2022-01-16
https://github.com/zievathustra/uu-rdms-ris-pure-sync,exercises/week11/exercises.ipynb,2022-01-16
https://github.com/zievathustra/uu-rdms-ris-pure-sync,exercises/week12/exercises.ipynb,2022-01-16
https://github.com/zievathustra/uu-rdms-ris-pure-sync,exercises/week13/exercises.ipynb,2022-01-16
https://github.com/zievathustra/uu-rdms-ris-pure-sync,exercises/week14/exercises.ipynb,2022-01-16
https://github.com/zievathustra/uu-rdms-ris-pure-sync,exercises/week2/.ipynb_checkpoints/exercises-checkpoint.ipynb,2022-01-16
https://github.com/zievathustra/uu-rdms-ris-pure-sync,exercises/week2/exercises.ipynb,2022-01-16
https://github.com/zievathustra/uu-rdms-ris-pure-sync,exercises/week2/handin.ipynb,2022-01-16
https://github.com/zievathustra/uu-rdms-ris-pure-sync,exercises/week3/.ipynb_checkpoints/exercises-checkpoint.ipynb,2022-01-16
https://github.com/zievathustra/uu-rdms-ris-pure-sync,exercises/week3/exercises.ipynb,2022-01-16
https://github.com/zievathustra/uu-rdms-ris-pure-sync,exercises/week4/exercises.ipynb,2022-01-16
https://github.com/zievathustra/uu-rdms-ris-pure-sync,exercises/week5/exercises.ipynb,2022-01-16
https://github.com/zievathustra/uu-rdms-ris-pure-sync,exercises/week6/exercises.ipynb,2022-01-16
https://github.com/zievathustra/uu-rdms-ris-pure-sync,exercises/week7/exercises.ipynb,2022-01-16
https://github.com/zievathustra/uu-rdms-ris-pure-sync,exercises/week8/exercises.ipynb,2022-01-16
https://github.com/zievathustra/uu-rdms-ris-pure-sync,exercises/week9/exercises.ipynb,2022-01-16
https://github.com/zievathustra/uu-rdms-ris-pure-sync,index.ipynb,2022-01-16
https://github.com/zievathustra/uu-rdms-ris-pure-sync,tutorials/Functions and plotting.ipynb,2022-01-16
https://github.com/zievathustra/uu-rdms-ris-pure-sync,tutorials/Image processing.ipynb,2022-01-16
https://github.com/zievathustra/uu-rdms-ris-pure-sync,tutorials/Linear Algebra.ipynb,2022-01-16
https://github.com/zievathustra/uu-rdms-ris-pure-sync,tutorials/Rootfinding and optimization.ipynb,2022-01-16
https://github.com/zievathustra/uu-rdms-ris-pure-sync,now-register-extraction.ipynb,2022-01-16
https://github.com/zievathustra/uu-rdms-ris-pure-sync,workflows/rivm_pdf/pdf_extract_map.ipynb,2022-01-16
https://github.com/zievathustra/uu-rdms-ris-pure-sync,DataScienceDay2017-UtrechtUniversity-Python-notebook.ipynb,2022-01-16
https://github.com/zievathustra/uu-rdms-ris-pure-sync,DataScienceDay2017-UtrechtUniversity-R-notebook.ipynb,2022-01-16
https://github.com/zievathustra/uu-rdms-ris-pure-sync,training_data.ipynb,2022-01-16
https://github.com/zievathustra/uu-rdms-ris-pure-sync,Full index performance.ipynb,2022-01-16
https://github.com/zievathustra/uu-rdms-ris-pure-sync,haversine.ipynb,2022-01-16
https://github.com/zievathustra/uu-rdms-ris-pure-sync,index_compare_performance.ipynb,2022-01-16
https://github.com/zievathustra/uu-rdms-ris-pure-sync,indexing_performance_tests.ipynb,2022-01-16
https://github.com/zievathustra/uu-rdms-ris-pure-sync,exampleSite/content/post/jupyter/index.ipynb,2022-01-16
https://github.com/zievathustra/uu-rdms-ris-pure-sync,bibliometric_topic_modeling.ipynb,2022-01-16
https://github.com/zievathustra/uu-rdms-ris-pure-sync,exploration.ipynb,2022-01-16
https://github.com/zievathustra/uu-rdms-ris-pure-sync,LSD2021/LSD 2021.ipynb,2022-01-16
https://github.com/zievathustra/uu-rdms-ris-pure-sync,showcase.ipynb,2022-01-16
https://github.com/zievathustra/uu-rdms-ris-pure-sync,Showcase.ipynb,2022-01-16
https://github.com/zievathustra/uu-rdms-ris-pure-sync,clustering.ipynb,2022-01-16
https://github.com/zievathustra/uu-rdms-ris-pure-sync,tree_building_workflow.ipynb,2022-01-16
https://github.com/zievathustra/uu-rdms-ris-pure-sync,m00-prepare_download_and_subset_reads.ipynb,2022-01-16
https://github.com/zievathustra/uu-rdms-ris-pure-sync,m01-introduction.ipynb,2022-01-16
https://github.com/zievathustra/uu-rdms-ris-pure-sync,m02-jupyter_and_bash_basics.ipynb,2022-01-16
https://github.com/zievathustra/uu-rdms-ris-pure-sync,m03-assess_raw_data.ipynb,2022-01-16
https://github.com/zievathustra/uu-rdms-ris-pure-sync,m04-plot_assembly_length.ipynb,2022-01-16
https://github.com/zievathustra/uu-rdms-ris-pure-sync,m05-backmapping.ipynb,2022-01-16
https://github.com/zievathustra/uu-rdms-ris-pure-sync,m06-sorting_bamfiles.ipynb,2022-01-16
https://github.com/zievathustra/uu-rdms-ris-pure-sync,m07-binning_part1.ipynb,2022-01-16
https://github.com/zievathustra/uu-rdms-ris-pure-sync,m08-binning-part2.ipynb,2022-01-16
https://github.com/zievathustra/uu-rdms-ris-pure-sync,m09-Bin_taxonomy.ipynb,2022-01-16
https://github.com/zievathustra/uu-rdms-ris-pure-sync,m10-QC_checkm.ipynb,2022-01-16
https://github.com/zievathustra/uu-rdms-ris-pure-sync,m11-annotation.ipynb,2022-01-16
https://github.com/zievathustra/uu-rdms-ris-pure-sync,MIKC_tree_workflow-basalclades-v1.ipynb,2022-01-16
https://github.com/zievathustra/uu-rdms-ris-pure-sync,MIKC_tree_workflow-basalclades-v2.ipynb,2022-01-16
https://github.com/zievathustra/uu-rdms-ris-pure-sync,MIKC_tree_workflow-basalclades-v3.ipynb,2022-01-16
https://github.com/zievathustra/uu-rdms-ris-pure-sync,MIKC_tree_workflow-basalclades-v4.ipynb,2022-01-16
https://github.com/zievathustra/uu-rdms-ris-pure-sync,MIKC_tree_workflow-basalclades-v5.ipynb,2022-01-16
https://github.com/zievathustra/uu-rdms-ris-pure-sync,MIKC_tree_workflow-basalclades-v6.ipynb,2022-01-16
https://github.com/zievathustra/uu-rdms-ris-pure-sync,MIKC_tree_workflow-basalclades-v7.ipynb,2022-01-16
https://github.com/zievathustra/uu-rdms-ris-pure-sync,MIKC_tree_workflow-basalclades-v8.ipynb,2022-01-16
https://github.com/zievathustra/uu-rdms-ris-pure-sync,MIKC_tree_workflow-basalclades-v9.ipynb,2022-01-16
https://github.com/zievathustra/uu-rdms-ris-pure-sync,MIKC_tree_workflow-v1.ipynb,2022-01-16
https://github.com/zievathustra/uu-rdms-ris-pure-sync,MIKC_tree_workflow-v2.ipynb,2022-01-16
https://github.com/zievathustra/uu-rdms-ris-pure-sync,algal_sequences.ipynb,2022-01-16
https://github.com/zievathustra/uu-rdms-ris-pure-sync,courses/dss-course/1-lectures/Tutorials/Week 07 - Tutorial 6 - Answers and explanation.ipynb,2022-01-16
https://github.com/zievathustra/uu-rdms-ris-pure-sync,courses/dss-course/1-lectures/Tutorials/Week 08 - Answers - Epidemiology with Spark Part 2.ipynb,2022-01-16
https://github.com/zievathustra/uu-rdms-ris-pure-sync,courses/dss-course/1-lectures/Tutorials/tutorial_5_as_Spark_notebook.ipynb,2022-01-16
https://github.com/zievathustra/uu-rdms-ris-pure-sync,courses/dss-course/2-assigments/additional_python_class.ipynb,2022-01-16
https://github.com/zievathustra/uu-rdms-ris-pure-sync,courses/mlhvl/2-assignments/2-ass-2/.ipynb_checkpoints/Notes ml-language class-checkpoint.ipynb,2022-01-16
https://github.com/zievathustra/uu-rdms-ris-pure-sync,courses/mlhvl/2-assignments/2-ass-2/.ipynb_checkpoints/Torch_Intro-checkpoint.ipynb,2022-01-16
https://github.com/zievathustra/uu-rdms-ris-pure-sync,courses/mlhvl/2-assignments/2-ass-2/.ipynb_checkpoints/Torch_Intro_completed-checkpoint.ipynb,2022-01-16
https://github.com/zievathustra/uu-rdms-ris-pure-sync,courses/mlhvl/2-assignments/2-ass-2/Notes ml-language class.ipynb,2022-01-16
https://github.com/zievathustra/uu-rdms-ris-pure-sync,courses/mlhvl/2-assignments/2-ass-2/Torch_Intro.ipynb,2022-01-16
https://github.com/zievathustra/uu-rdms-ris-pure-sync,courses/mlhvl/2-assignments/2-ass-2/Torch_Intro_completed.ipynb,2022-01-16
https://github.com/zievathustra/uu-rdms-ris-pure-sync,courses/mlhvl/2-assignments/3-ass-3/.ipynb_checkpoints/Word_Vectors-checkpoint.ipynb,2022-01-16
https://github.com/zievathustra/uu-rdms-ris-pure-sync,courses/mlhvl/2-assignments/3-ass-3/Word_Vectors.ipynb,2022-01-16
https://github.com/zievathustra/uu-rdms-ris-pure-sync,courses/mlhvl/2-assignments/3-ass-3/Word_Vectors_completed_Leonardo_Vida_6557929.ipynb,2022-01-16
https://github.com/zievathustra/uu-rdms-ris-pure-sync,courses/mlhvl/2-assignments/4-ass-4/.ipynb_checkpoints/POS_RNN-checkpoint.ipynb,2022-01-16
https://github.com/zievathustra/uu-rdms-ris-pure-sync,courses/mlhvl/2-assignments/4-ass-4/.ipynb_checkpoints/Sequence_RNN-checkpoint.ipynb,2022-01-16
https://github.com/zievathustra/uu-rdms-ris-pure-sync,courses/mlhvl/2-assignments/4-ass-4/.ipynb_checkpoints/Sequence_RNN_2-checkpoint.ipynb,2022-01-16
https://github.com/zievathustra/uu-rdms-ris-pure-sync,courses/mlhvl/2-assignments/4-ass-4/.ipynb_checkpoints/Sequence_RNN_2_final-checkpoint.ipynb,2022-01-16
https://github.com/zievathustra/uu-rdms-ris-pure-sync,courses/mlhvl/2-assignments/4-ass-4/Original.ipynb,2022-01-16
https://github.com/zievathustra/uu-rdms-ris-pure-sync,courses/mlhvl/2-assignments/4-ass-4/Sequence_RNN.ipynb,2022-01-16
https://github.com/zievathustra/uu-rdms-ris-pure-sync,courses/mlhvl/2-assignments/4-ass-4/Sequence_RNN_2.ipynb,2022-01-16
https://github.com/zievathustra/uu-rdms-ris-pure-sync,courses/mlhvl/2-assignments/4-ass-4/Sequence_RNN_2_final.ipynb,2022-01-16
https://github.com/zievathustra/uu-rdms-ris-pure-sync,notebooks/1-ljv-VodafoneZiggo-exploration.ipynb,2022-01-16
https://github.com/zievathustra/uu-rdms-ris-pure-sync,analysis.ipynb,2022-01-16
https://github.com/zievathustra/uu-rdms-ris-pure-sync,emptycrosswords2.ipynb,2022-01-16
https://github.com/zievathustra/uu-rdms-ris-pure-sync,argv-correlation.ipynb,2022-01-16
https://github.com/zievathustra/uu-rdms-ris-pure-sync,compare-phrases.ipynb,2022-01-16
https://github.com/zievathustra/uu-rdms-ris-pure-sync,train-verbs-testing.ipynb,2022-01-16
https://github.com/zievathustra/uu-rdms-ris-pure-sync,RNN.ipynb,2022-01-16
https://github.com/zievathustra/uu-rdms-ris-pure-sync,Contrastive explanation - example usage.ipynb,2022-01-16
https://github.com/zievathustra/uu-rdms-ris-pure-sync,python/Street Map Medium.ipynb,2022-01-16
https://github.com/zievathustra/uu-rdms-ris-pure-sync,code/measures_analysis.ipynb,2022-01-16
https://github.com/zievathustra/uu-rdms-ris-pure-sync,plotparticles.ipynb,2022-01-16
https://github.com/zievathustra/uu-rdms-ris-pure-sync,find_cell_curvi_mesh/find_index.ipynb,2022-01-16
https://github.com/zievathustra/uu-rdms-ris-pure-sync,2D Analysis/.ipynb_checkpoints/Exploratory-checkpoint.ipynb,2022-01-16
https://github.com/zievathustra/uu-rdms-ris-pure-sync,2D Analysis/AnalysisAnimations.ipynb,2022-01-16
https://github.com/zievathustra/uu-rdms-ris-pure-sync,2D Analysis/AnalysisBeachingStrategy.ipynb,2022-01-16
https://github.com/zievathustra/uu-rdms-ris-pure-sync,2D Analysis/AnalysisDensity.ipynb,2022-01-16
https://github.com/zievathustra/uu-rdms-ris-pure-sync,2D Analysis/AnalysisFlow.ipynb,2022-01-16
https://github.com/zievathustra/uu-rdms-ris-pure-sync,2D Analysis/AnalysisFresh.ipynb,2022-01-16
https://github.com/zievathustra/uu-rdms-ris-pure-sync,2D Analysis/AnalysisRunComp.ipynb,2022-01-16
https://github.com/zievathustra/uu-rdms-ris-pure-sync,fishingeffortmap.ipynb,2022-01-16
https://github.com/zievathustra/uu-rdms-ris-pure-sync,galapagos_buoys.ipynb,2022-01-16
https://github.com/zievathustra/uu-rdms-ris-pure-sync,galapagos_plotting.ipynb,2022-01-16
https://github.com/zievathustra/uu-rdms-ris-pure-sync,galapagosrun_americas.ipynb,2022-01-16
https://github.com/zievathustra/uu-rdms-ris-pure-sync,galapagosrun_bwd.ipynb,2022-01-16
https://github.com/zievathustra/uu-rdms-ris-pure-sync,galapagosrun_china.ipynb,2022-01-16
https://github.com/zievathustra/uu-rdms-ris-pure-sync,galapagosrun_fishing.ipynb,2022-01-16
https://github.com/zievathustra/uu-rdms-ris-pure-sync,exercises/exo1_creating_fieldset.ipynb,2022-01-16
https://github.com/zievathustra/uu-rdms-ris-pure-sync,exercises/exo2_particle_and_particleset.ipynb,2022-01-16
https://github.com/zievathustra/uu-rdms-ris-pure-sync,exercises/exo3_stommel_gyre_c_staggered_grid.ipynb,2022-01-16
https://github.com/zievathustra/uu-rdms-ris-pure-sync,exercises/exo4_arglo_floats.ipynb,2022-01-16
https://github.com/zievathustra/uu-rdms-ris-pure-sync,solutions/exo1_creating_fieldset.ipynb,2022-01-16
https://github.com/zievathustra/uu-rdms-ris-pure-sync,solutions/exo2_particle_and_particleset.ipynb,2022-01-16
https://github.com/zievathustra/uu-rdms-ris-pure-sync,solutions/exo3_stommel_gyre_c_staggered_grid.ipynb,2022-01-16
https://github.com/zievathustra/uu-rdms-ris-pure-sync,solutions/exo4_arglo_floats.ipynb,2022-01-16
https://github.com/zievathustra/uu-rdms-ris-pure-sync,plotparticles.ipynb,2022-01-16
https://github.com/zievathustra/uu-rdms-ris-pure-sync,plotparticles.ipynb,2022-01-16
https://github.com/zievathustra/uu-rdms-ris-pure-sync,plotparticles.ipynb,2022-01-16
https://github.com/zievathustra/uu-rdms-ris-pure-sync,parcels/examples/documentation_MPI.ipynb,2022-01-16
https://github.com/zievathustra/uu-rdms-ris-pure-sync,parcels/examples/documentation_homepage_animation.ipynb,2022-01-16
https://github.com/zievathustra/uu-rdms-ris-pure-sync,parcels/examples/documentation_indexing.ipynb,2022-01-16
https://github.com/zievathustra/uu-rdms-ris-pure-sync,parcels/examples/documentation_stuck_particles.ipynb,2022-01-16
https://github.com/zievathustra/uu-rdms-ris-pure-sync,parcels/examples/documentation_unstuck_Agrid.ipynb,2022-01-16
https://github.com/zievathustra/uu-rdms-ris-pure-sync,parcels/examples/parcels_tutorial.ipynb,2022-01-16
https://github.com/zievathustra/uu-rdms-ris-pure-sync,parcels/examples/tutorial_Agulhasparticles.ipynb,2022-01-16
https://github.com/zievathustra/uu-rdms-ris-pure-sync,parcels/examples/tutorial_Argofloats.ipynb,2022-01-16
https://github.com/zievathustra/uu-rdms-ris-pure-sync,parcels/examples/tutorial_NestedFields.ipynb,2022-01-16
https://github.com/zievathustra/uu-rdms-ris-pure-sync,parcels/examples/tutorial_SummedFields.ipynb,2022-01-16
https://github.com/zievathustra/uu-rdms-ris-pure-sync,parcels/examples/tutorial_analyticaladvection.ipynb,2022-01-16
https://github.com/zievathustra/uu-rdms-ris-pure-sync,parcels/examples/tutorial_delaystart.ipynb,2022-01-16
https://github.com/zievathustra/uu-rdms-ris-pure-sync,parcels/examples/tutorial_diffusion.ipynb,2022-01-16
https://github.com/zievathustra/uu-rdms-ris-pure-sync,parcels/examples/tutorial_interaction.ipynb,2022-01-16
https://github.com/zievathustra/uu-rdms-ris-pure-sync,parcels/examples/tutorial_interpolation.ipynb,2022-01-16
https://github.com/zievathustra/uu-rdms-ris-pure-sync,parcels/examples/tutorial_jit_vs_scipy.ipynb,2022-01-16
https://github.com/zievathustra/uu-rdms-ris-pure-sync,parcels/examples/tutorial_nemo_3D.ipynb,2022-01-16
https://github.com/zievathustra/uu-rdms-ris-pure-sync,parcels/examples/tutorial_nemo_curvilinear.ipynb,2022-01-16
https://github.com/zievathustra/uu-rdms-ris-pure-sync,parcels/examples/tutorial_output.ipynb,2022-01-16
https://github.com/zievathustra/uu-rdms-ris-pure-sync,parcels/examples/tutorial_parcels_structure.ipynb,2022-01-16
https://github.com/zievathustra/uu-rdms-ris-pure-sync,parcels/examples/tutorial_particle_field_interaction.ipynb,2022-01-16
https://github.com/zievathustra/uu-rdms-ris-pure-sync,parcels/examples/tutorial_periodic_boundaries.ipynb,2022-01-16
https://github.com/zievathustra/uu-rdms-ris-pure-sync,parcels/examples/tutorial_plotting.ipynb,2022-01-16
https://github.com/zievathustra/uu-rdms-ris-pure-sync,parcels/examples/tutorial_sampling.ipynb,2022-01-16
https://github.com/zievathustra/uu-rdms-ris-pure-sync,parcels/examples/tutorial_timestamps.ipynb,2022-01-16
https://github.com/zievathustra/uu-rdms-ris-pure-sync,parcels/examples/tutorial_timevaryingdepthdimensions.ipynb,2022-01-16
https://github.com/zievathustra/uu-rdms-ris-pure-sync,parcels/examples/tutorial_unitconverters.ipynb,2022-01-16
https://github.com/zievathustra/uu-rdms-ris-pure-sync,experiment_scripts/CorefootprintAnimation.ipynb,2022-01-16
https://github.com/zievathustra/uu-rdms-ris-pure-sync,increasing_pset/stommel_npart_scaling.ipynb,2022-01-16
https://github.com/zievathustra/uu-rdms-ris-pure-sync,stommel_mpi/stommel_mpi.ipynb,2022-01-16
https://github.com/zievathustra/uu-rdms-ris-pure-sync,plotparticles.ipynb,2022-01-16
https://github.com/zievathustra/uu-rdms-ris-pure-sync,pumiceevent_hindcast_plotting.ipynb,2022-01-16
https://github.com/zievathustra/uu-rdms-ris-pure-sync,makeplots.ipynb,2022-01-16
https://github.com/zievathustra/uu-rdms-ris-pure-sync,pumiceevent_aug2019.ipynb,2022-01-16
https://github.com/zievathustra/uu-rdms-ris-pure-sync,SargassumDrifterAnalysis.ipynb,2022-01-16
https://github.com/zievathustra/uu-rdms-ris-pure-sync,sargassum_parcels_simulation.ipynb,2022-01-16
https://github.com/zievathustra/uu-rdms-ris-pure-sync,SKIM_velocitynoise_plasticaccumulation_plotting.ipynb,2022-01-16
https://github.com/zievathustra/uu-rdms-ris-pure-sync,SKIM_velocitynoise_plasticaccumulation_running.ipynb,2022-01-16
https://github.com/zievathustra/uu-rdms-ris-pure-sync,SKIMulator_plastic.ipynb,2022-01-16
https://github.com/zievathustra/uu-rdms-ris-pure-sync,SKIMulator_plastic_plotting.ipynb,2022-01-16
https://github.com/zievathustra/uu-rdms-ris-pure-sync,Density/DensityComparison.ipynb,2022-01-16
https://github.com/zievathustra/uu-rdms-ris-pure-sync,Density/DensityDifferences.ipynb,2022-01-16
https://github.com/zievathustra/uu-rdms-ris-pure-sync,Distance/DistanceComparison.ipynb,2022-01-16
https://github.com/zievathustra/uu-rdms-ris-pure-sync,Distance/DistanceDifferences.ipynb,2022-01-16
https://github.com/zievathustra/uu-rdms-ris-pure-sync,Distance/HaversineComparison.ipynb,2022-01-16
https://github.com/zievathustra/uu-rdms-ris-pure-sync,Distance/HaversineDifferences.ipynb,2022-01-16
https://github.com/zievathustra/uu-rdms-ris-pure-sync,Separation/SeparationSpatial.ipynb,2022-01-16
https://github.com/zievathustra/uu-rdms-ris-pure-sync,Tracking/TrackingGC_Beaching_Effect.ipynb,2022-01-16
https://github.com/zievathustra/uu-rdms-ris-pure-sync,scripts/Dask_vs_indices.ipynb,2022-01-16
https://github.com/zievathustra/uu-rdms-ris-pure-sync,notebooks/Class_GIC_notebook-work.ipynb,2022-01-16
https://github.com/zievathustra/uu-rdms-ris-pure-sync,notebooks/Class_GIC_notebook.ipynb,2022-01-16
https://github.com/zievathustra/uu-rdms-ris-pure-sync,notebooks/Usage class GIC.ipynb,2022-01-16
https://github.com/zievathustra/uu-rdms-ris-pure-sync,old_code/Class_GIC(old).ipynb,2022-01-16
https://github.com/zievathustra/uu-rdms-ris-pure-sync,old_code/Class_GIC-Copy1(old).ipynb,2022-01-16
https://github.com/zievathustra/uu-rdms-ris-pure-sync,partial_code/Calculating GICs+plot results-LP.ipynb,2022-01-16
https://github.com/zievathustra/uu-rdms-ris-pure-sync,partial_code/Calculating GICs+plot results.ipynb,2022-01-16
https://github.com/zievathustra/uu-rdms-ris-pure-sync,partial_code/Calculating GICs+plot results.ipynb.invalid,2022-01-16
https://github.com/zievathustra/uu-rdms-ris-pure-sync,partial_code/Download data.ipynb,2022-01-16
https://github.com/zievathustra/uu-rdms-ris-pure-sync,partial_code/GMT_script_overzichtskaart.ipynb,2022-01-16
https://github.com/zievathustra/uu-rdms-ris-pure-sync,partial_code/LP_method.ipynb,2022-01-16
https://github.com/zievathustra/uu-rdms-ris-pure-sync,partial_code/Magnetic_data_Observations_minus_model.ipynb,2022-01-16
https://github.com/zievathustra/uu-rdms-ris-pure-sync,partial_code/Percentages.ipynb,2022-01-16
https://github.com/zievathustra/uu-rdms-ris-pure-sync,partial_code/Witteveentest.ipynb,2022-01-16
https://github.com/zievathustra/uu-rdms-ris-pure-sync,partial_code/magnetic-electric_conversion-test.ipynb,2022-01-16
https://github.com/zievathustra/uu-rdms-ris-pure-sync,partial_code/magnetic-electric_conversion.ipynb,2022-01-16
https://github.com/zievathustra/uu-rdms-ris-pure-sync,partial_code/main_magnetic_script.ipynb,2022-01-16
https://github.com/zievathustra/uu-rdms-ris-pure-sync,partial_code/minsec_test.ipynb,2022-01-16
https://github.com/zievathustra/uu-rdms-ris-pure-sync,partial_code/noodvermogen.ipynb,2022-01-16
https://github.com/zievathustra/uu-rdms-ris-pure-sync,partial_code/old_GIC_code.ipynb,2022-01-16
https://github.com/zievathustra/uu-rdms-ris-pure-sync,partial_code/testing_script.ipynb,2022-01-16
https://github.com/zievathustra/uu-rdms-ris-pure-sync,202005.ipynb,2022-01-16
https://github.com/zievathustra/uu-rdms-ris-pure-sync,annotated-graphs.ipynb,2022-01-16
https://github.com/zievathustra/uu-rdms-ris-pure-sync,annotation-graph.ipynb,2022-01-16
https://github.com/zievathustra/uu-rdms-ris-pure-sync,annotation-results.ipynb,2022-01-16
https://github.com/zievathustra/uu-rdms-ris-pure-sync,annotation-select.ipynb,2022-01-16
https://github.com/zievathustra/uu-rdms-ris-pure-sync,antivac-data.ipynb,2022-01-16
https://github.com/zievathustra/uu-rdms-ris-pure-sync,botometer-test.ipynb,2022-01-16
https://github.com/zievathustra/uu-rdms-ris-pure-sync,chatting_users.ipynb,2022-01-16
https://github.com/zievathustra/uu-rdms-ris-pure-sync,corona-nl-totals.ipynb,2022-01-16
https://github.com/zievathustra/uu-rdms-ris-pure-sync,coverage.ipynb,2022-01-16
https://github.com/zievathustra/uu-rdms-ris-pure-sync,crawler-change.ipynb,2022-01-16
https://github.com/zievathustra/uu-rdms-ris-pure-sync,decrease-vector-file.ipynb,2022-01-16
https://github.com/zievathustra/uu-rdms-ris-pure-sync,distance.ipynb,2022-01-16
https://github.com/zievathustra/uu-rdms-ris-pure-sync,domain-adaptation.ipynb,2022-01-16
https://github.com/zievathustra/uu-rdms-ris-pure-sync,echo-chambers.ipynb,2022-01-16
https://github.com/zievathustra/uu-rdms-ris-pure-sync,fasttext.ipynb,2022-01-16
https://github.com/zievathustra/uu-rdms-ris-pure-sync,geo-analysis.ipynb,2022-01-16
https://github.com/zievathustra/uu-rdms-ris-pure-sync,geo-classification.ipynb,2022-01-16
https://github.com/zievathustra/uu-rdms-ris-pure-sync,hashtags.ipynb,2022-01-16
https://github.com/zievathustra/uu-rdms-ris-pure-sync,ieee.ipynb,2022-01-16
https://github.com/zievathustra/uu-rdms-ris-pure-sync,keyword-frequencies.ipynb,2022-01-16
https://github.com/zievathustra/uu-rdms-ris-pure-sync,keywords.ipynb,2022-01-16
https://github.com/zievathustra/uu-rdms-ris-pure-sync,language-identification.ipynb,2022-01-16
https://github.com/zievathustra/uu-rdms-ris-pure-sync,lda.ipynb,2022-01-16
https://github.com/zievathustra/uu-rdms-ris-pure-sync,maps.ipynb,2022-01-16
https://github.com/zievathustra/uu-rdms-ris-pure-sync,nunl-convert-data.ipynb,2022-01-16
https://github.com/zievathustra/uu-rdms-ris-pure-sync,nunl-counts.ipynb,2022-01-16
https://github.com/zievathustra/uu-rdms-ris-pure-sync,politics-bash.ipynb,2022-01-16
https://github.com/zievathustra/uu-rdms-ris-pure-sync,politics-python.ipynb,2022-01-16
https://github.com/zievathustra/uu-rdms-ris-pure-sync,popular-topics.ipynb,2022-01-16
https://github.com/zievathustra/uu-rdms-ris-pure-sync,rate-limit-checks.ipynb,2022-01-16
https://github.com/zievathustra/uu-rdms-ris-pure-sync,reddit.ipynb,2022-01-16
https://github.com/zievathustra/uu-rdms-ris-pure-sync,remove-line-feeds.ipynb,2022-01-16
https://github.com/zievathustra/uu-rdms-ris-pure-sync,report-202005.ipynb,2022-01-16
https://github.com/zievathustra/uu-rdms-ris-pure-sync,report-202007.ipynb,2022-01-16
https://github.com/zievathustra/uu-rdms-ris-pure-sync,retweets.ipynb,2022-01-16
https://github.com/zievathustra/uu-rdms-ris-pure-sync,sentiment-cbs.ipynb,2022-01-16
https://github.com/zievathustra/uu-rdms-ris-pure-sync,sentiment-pattern.ipynb,2022-01-16
https://github.com/zievathustra/uu-rdms-ris-pure-sync,sentiment-text.ipynb,2022-01-16
https://github.com/zievathustra/uu-rdms-ris-pure-sync,sentiment-twiqs.ipynb,2022-01-16
https://github.com/zievathustra/uu-rdms-ris-pure-sync,sentiment-verified.ipynb,2022-01-16
https://github.com/zievathustra/uu-rdms-ris-pure-sync,social-distancing-agregate.ipynb,2022-01-16
https://github.com/zievathustra/uu-rdms-ris-pure-sync,social-distancing-student.ipynb,2022-01-16
https://github.com/zievathustra/uu-rdms-ris-pure-sync,social-distancing.ipynb,2022-01-16
https://github.com/zievathustra/uu-rdms-ris-pure-sync,topic-analysis.ipynb,2022-01-16
https://github.com/zievathustra/uu-rdms-ris-pure-sync,topic-keywords.ipynb,2022-01-16
https://github.com/zievathustra/uu-rdms-ris-pure-sync,tweet-counts.ipynb,2022-01-16
https://github.com/zievathustra/uu-rdms-ris-pure-sync,tweet-text-duplicates.ipynb,2022-01-16
https://github.com/zievathustra/uu-rdms-ris-pure-sync,twitter-counts.ipynb,2022-01-16
https://github.com/zievathustra/uu-rdms-ris-pure-sync,user-analysis.ipynb,2022-01-16
https://github.com/zievathustra/uu-rdms-ris-pure-sync,ismir2020.ipynb,2022-01-16
https://github.com/zievathustra/uu-rdms-ris-pure-sync,ismir2020_Melisma_IDyOM_LBDM_Baseline.ipynb,2022-01-16
https://github.com/zievathustra/uu-rdms-ris-pure-sync,ismir2020_extract_pgrams.ipynb,2022-01-16
https://github.com/zievathustra/uu-rdms-ris-pure-sync,ismir2020_melisma_IDyOM_sel/.ipynb_checkpoints/shellcommands-checkpoint.txt,2022-01-16
https://github.com/zievathustra/uu-rdms-ris-pure-sync,src/AnnotateMeldoy.ipynb,2022-01-16
https://github.com/zievathustra/uu-rdms-ris-pure-sync,src/ExtractTextFeatures.ipynb,2022-01-16
https://github.com/zievathustra/uu-rdms-ris-pure-sync,Notebooks2018/Carrier_density_in_doped_semiconductors.ipynb,2022-01-16
https://github.com/zievathustra/uu-rdms-ris-pure-sync,Notebooks2018/Einstein_Debye_heat_capacity.ipynb,2022-01-16
https://github.com/zievathustra/uu-rdms-ris-pure-sync,Notebooks2018/Ising.ipynb,2022-01-16
https://github.com/zievathustra/uu-rdms-ris-pure-sync,Notebooks2018/Neel.ipynb,2022-01-16
https://github.com/zievathustra/uu-rdms-ris-pure-sync,Notebooks2018/Tight_binding_chain_with_disorder.ipynb,2022-01-16
https://github.com/zievathustra/uu-rdms-ris-pure-sync,Notebooks2018/Two_coupled_harmonic_oscillators.ipynb,2022-01-16
https://github.com/zievathustra/uu-rdms-ris-pure-sync,NYShoolsSAT.ipynb,2022-01-16
https://github.com/zievathustra/uu-rdms-ris-pure-sync,Percent Bachelor Degrees Women/Untitled.ipynb,2022-01-16
https://github.com/zievathustra/uu-rdms-ris-pure-sync,dicom_folder_csv_inventory_creator.ipynb,2022-01-16
https://github.com/zievathustra/uu-rdms-ris-pure-sync,dicom_folder_processor.ipynb,2022-01-16
https://github.com/zievathustra/uu-rdms-ris-pure-sync,medical_image_registration_with_simple_elastix.ipynb,2022-01-16
https://github.com/zievathustra/uu-rdms-ris-pure-sync,FandangoSuspicion.ipynb,2022-01-16
https://github.com/zievathustra/uu-rdms-ris-pure-sync,analyzing_movie_reviews.ipynb,2022-01-16
https://github.com/zievathustra/uu-rdms-ris-pure-sync,multimedia_in_python.ipynb,2022-01-16
https://github.com/zievathustra/uu-rdms-ris-pure-sync,docs/reports/report1_explore.ipynb,2022-01-16
https://github.com/zievathustra/uu-rdms-ris-pure-sync,docs/reports/report2.ipynb,2022-01-16
https://github.com/zievathustra/uu-rdms-ris-pure-sync,docs/reports/report3.ipynb,2022-01-16
https://github.com/zievathustra/uu-rdms-ris-pure-sync,docs/reports/report4_LSTM.ipynb,2022-01-16
https://github.com/zievathustra/uu-rdms-ris-pure-sync,docs/reports/report4_mege.ipynb,2022-01-16
https://github.com/zievathustra/uu-rdms-ris-pure-sync,docs/reports/report5_metadata.ipynb,2022-01-16
https://github.com/zievathustra/uu-rdms-ris-pure-sync,docs/reports/report6_liwc.ipynb,2022-01-16
https://github.com/zievathustra/uu-rdms-ris-pure-sync,docs/reports/report7_lasso.ipynb,2022-01-16
https://github.com/zievathustra/uu-rdms-ris-pure-sync,src/main.ipynb,2022-01-16
https://github.com/zievathustra/uu-rdms-ris-pure-sync,review_ebay/src/plot.ipynb,2022-01-16
https://github.com/zievathustra/uu-rdms-ris-pure-sync,src/sentinews/filters_collapsed.ipynb,2022-01-16
https://github.com/zievathustra/uu-rdms-ris-pure-sync,src/sentinews/religion_filter.ipynb,2022-01-16
https://github.com/zievathustra/uu-rdms-ris-pure-sync,src/.ipynb_checkpoints/motive-checkpoint.ipynb,2022-01-16
https://github.com/zievathustra/uu-rdms-ris-pure-sync,src/experiment_02-report_03.ipynb,2022-01-16
https://github.com/zievathustra/uu-rdms-ris-pure-sync,src/final_version_05112021.ipynb,2022-01-16
https://github.com/zievathustra/uu-rdms-ris-pure-sync,src/logistic_bsa.ipynb,2022-01-16
https://github.com/zievathustra/uu-rdms-ris-pure-sync,src/svm_bsa.ipynb,2022-01-16
https://github.com/zievathustra/uu-rdms-ris-pure-sync,src/svm_reenrolled.ipynb,2022-01-16
https://github.com/zievathustra/uu-rdms-ris-pure-sync,LSN_Stefano_Schmidt/ex_1/.ipynb_checkpoints/Ex 1 - Stefano Schmidt-checkpoint.ipynb,2022-01-16
https://github.com/zievathustra/uu-rdms-ris-pure-sync,LSN_Stefano_Schmidt/ex_1/.ipynb_checkpoints/Ex_1-Stefano_Schmidt-checkpoint.ipynb,2022-01-16
https://github.com/zievathustra/uu-rdms-ris-pure-sync,LSN_Stefano_Schmidt/ex_1/.ipynb_checkpoints/LSN_Exercises_01-checkpoint.ipynb,2022-01-16
https://github.com/zievathustra/uu-rdms-ris-pure-sync,LSN_Stefano_Schmidt/ex_1/Ex_1-Stefano_Schmidt.ipynb,2022-01-16
https://github.com/zievathustra/uu-rdms-ris-pure-sync,LSN_Stefano_Schmidt/ex_10/.ipynb_checkpoints/Ex 10 - Stefano Schmidt-checkpoint.ipynb,2022-01-16
https://github.com/zievathustra/uu-rdms-ris-pure-sync,LSN_Stefano_Schmidt/ex_10/.ipynb_checkpoints/Ex_10-Stefano_Schmidt-checkpoint.ipynb,2022-01-16
https://github.com/zievathustra/uu-rdms-ris-pure-sync,LSN_Stefano_Schmidt/ex_10/.ipynb_checkpoints/LSN_Exercises_10-checkpoint.ipynb,2022-01-16
https://github.com/zievathustra/uu-rdms-ris-pure-sync,LSN_Stefano_Schmidt/ex_10/Ex_10-Stefano_Schmidt.ipynb,2022-01-16
https://github.com/zievathustra/uu-rdms-ris-pure-sync,LSN_Stefano_Schmidt/ex_11/.ipynb_checkpoints/Ex 11 - Stefano Schmidt-checkpoint.ipynb,2022-01-16
https://github.com/zievathustra/uu-rdms-ris-pure-sync,LSN_Stefano_Schmidt/ex_11/.ipynb_checkpoints/Ex_11-Stefano_Schmidt-checkpoint.ipynb,2022-01-16
https://github.com/zievathustra/uu-rdms-ris-pure-sync,LSN_Stefano_Schmidt/ex_11/.ipynb_checkpoints/LSN_Exercises_11-checkpoint.ipynb,2022-01-16
https://github.com/zievathustra/uu-rdms-ris-pure-sync,LSN_Stefano_Schmidt/ex_11/.ipynb_checkpoints/LSN_Python_Lecture_05-checkpoint.ipynb,2022-01-16
https://github.com/zievathustra/uu-rdms-ris-pure-sync,LSN_Stefano_Schmidt/ex_11/Ex_11-Stefano_Schmidt.ipynb,2022-01-16
https://github.com/zievathustra/uu-rdms-ris-pure-sync,LSN_Stefano_Schmidt/ex_12/.ipynb_checkpoints/Ex 12 - Stefano Schmidt-checkpoint.ipynb,2022-01-16
https://github.com/zievathustra/uu-rdms-ris-pure-sync,LSN_Stefano_Schmidt/ex_12/.ipynb_checkpoints/Ex_12-Stefano_Schmidt-checkpoint.ipynb,2022-01-16
https://github.com/zievathustra/uu-rdms-ris-pure-sync,LSN_Stefano_Schmidt/ex_12/.ipynb_checkpoints/LSN_Exercises_12-checkpoint.ipynb,2022-01-16
https://github.com/zievathustra/uu-rdms-ris-pure-sync,LSN_Stefano_Schmidt/ex_12/Ex_12-Stefano_Schmidt.ipynb,2022-01-16
https://github.com/zievathustra/uu-rdms-ris-pure-sync,LSN_Stefano_Schmidt/ex_2/.ipynb_checkpoints/Ex 2 - Stefano Schmidt-checkpoint.ipynb,2022-01-16
https://github.com/zievathustra/uu-rdms-ris-pure-sync,LSN_Stefano_Schmidt/ex_2/.ipynb_checkpoints/Ex_2-Stefano_Schmidt-checkpoint.ipynb,2022-01-16
https://github.com/zievathustra/uu-rdms-ris-pure-sync,LSN_Stefano_Schmidt/ex_2/.ipynb_checkpoints/LSN_Exercises_02-checkpoint.ipynb,2022-01-16
https://github.com/zievathustra/uu-rdms-ris-pure-sync,LSN_Stefano_Schmidt/ex_2/Ex_2-Stefano_Schmidt.ipynb,2022-01-16
https://github.com/zievathustra/uu-rdms-ris-pure-sync,LSN_Stefano_Schmidt/ex_3/.ipynb_checkpoints/Ex 3 - Stefano Schmidt-checkpoint.ipynb,2022-01-16
https://github.com/zievathustra/uu-rdms-ris-pure-sync,LSN_Stefano_Schmidt/ex_3/.ipynb_checkpoints/Ex_3-Stefano_Schmidt-checkpoint.ipynb,2022-01-16
https://github.com/zievathustra/uu-rdms-ris-pure-sync,LSN_Stefano_Schmidt/ex_3/.ipynb_checkpoints/LSN_Exercises_03-checkpoint.ipynb,2022-01-16
https://github.com/zievathustra/uu-rdms-ris-pure-sync,LSN_Stefano_Schmidt/ex_3/Ex_3-Stefano_Schmidt.ipynb,2022-01-16
https://github.com/zievathustra/uu-rdms-ris-pure-sync,LSN_Stefano_Schmidt/ex_4/.ipynb_checkpoints/Ex 4 - Stefano Schmidt-checkpoint.ipynb,2022-01-16
https://github.com/zievathustra/uu-rdms-ris-pure-sync,LSN_Stefano_Schmidt/ex_4/.ipynb_checkpoints/Ex_4-Stefano_Schmidt-checkpoint.ipynb,2022-01-16
https://github.com/zievathustra/uu-rdms-ris-pure-sync,LSN_Stefano_Schmidt/ex_4/.ipynb_checkpoints/LSN_Exercises_04-checkpoint.ipynb,2022-01-16
https://github.com/zievathustra/uu-rdms-ris-pure-sync,LSN_Stefano_Schmidt/ex_4/Ex_4-Stefano_Schmidt.ipynb,2022-01-16
https://github.com/zievathustra/uu-rdms-ris-pure-sync,LSN_Stefano_Schmidt/ex_5/.ipynb_checkpoints/Ex 5 - Stefano Schmidt-checkpoint.ipynb,2022-01-16
https://github.com/zievathustra/uu-rdms-ris-pure-sync,LSN_Stefano_Schmidt/ex_5/.ipynb_checkpoints/Ex_5-Stefano_Schmidt-checkpoint.ipynb,2022-01-16
https://github.com/zievathustra/uu-rdms-ris-pure-sync,LSN_Stefano_Schmidt/ex_5/.ipynb_checkpoints/LSN_Exercises_05-checkpoint.ipynb,2022-01-16
https://github.com/zievathustra/uu-rdms-ris-pure-sync,LSN_Stefano_Schmidt/ex_5/Ex_5-Stefano_Schmidt.ipynb,2022-01-16
https://github.com/zievathustra/uu-rdms-ris-pure-sync,LSN_Stefano_Schmidt/ex_6/.ipynb_checkpoints/Ex 6 - Stefano Schmidt-checkpoint.ipynb,2022-01-16
https://github.com/zievathustra/uu-rdms-ris-pure-sync,LSN_Stefano_Schmidt/ex_6/.ipynb_checkpoints/Ex_6-Stefano_Schmidt-checkpoint.ipynb,2022-01-16
https://github.com/zievathustra/uu-rdms-ris-pure-sync,LSN_Stefano_Schmidt/ex_6/.ipynb_checkpoints/LSN_Exercises_06-checkpoint.ipynb,2022-01-16
https://github.com/zievathustra/uu-rdms-ris-pure-sync,LSN_Stefano_Schmidt/ex_6/Ex_6-Stefano_Schmidt.ipynb,2022-01-16
https://github.com/zievathustra/uu-rdms-ris-pure-sync,LSN_Stefano_Schmidt/ex_7/.ipynb_checkpoints/Ex 7 - Stefano Schmidt-checkpoint.ipynb,2022-01-16
https://github.com/zievathustra/uu-rdms-ris-pure-sync,LSN_Stefano_Schmidt/ex_7/.ipynb_checkpoints/Ex_7-Stefano_Schmidt-checkpoint.ipynb,2022-01-16
https://github.com/zievathustra/uu-rdms-ris-pure-sync,LSN_Stefano_Schmidt/ex_7/.ipynb_checkpoints/LSN_Exercises_07-checkpoint.ipynb,2022-01-16
https://github.com/zievathustra/uu-rdms-ris-pure-sync,LSN_Stefano_Schmidt/ex_7/Ex_7-Stefano_Schmidt.ipynb,2022-01-16
https://github.com/zievathustra/uu-rdms-ris-pure-sync,LSN_Stefano_Schmidt/ex_8/.ipynb_checkpoints/Ex 8 - Stefano Schmidt-checkpoint.ipynb,2022-01-16
https://github.com/zievathustra/uu-rdms-ris-pure-sync,LSN_Stefano_Schmidt/ex_8/.ipynb_checkpoints/Ex_8-Stefano_Schmidt-checkpoint.ipynb,2022-01-16
https://github.com/zievathustra/uu-rdms-ris-pure-sync,LSN_Stefano_Schmidt/ex_8/.ipynb_checkpoints/LSN_Exercises_08-checkpoint.ipynb,2022-01-16
https://github.com/zievathustra/uu-rdms-ris-pure-sync,LSN_Stefano_Schmidt/ex_8/Ex_8-Stefano_Schmidt.ipynb,2022-01-16
https://github.com/zievathustra/uu-rdms-ris-pure-sync,LSN_Stefano_Schmidt/ex_9/.ipynb_checkpoints/Ex 9 - Stefano Schmidt-checkpoint.ipynb,2022-01-16
https://github.com/zievathustra/uu-rdms-ris-pure-sync,LSN_Stefano_Schmidt/ex_9/.ipynb_checkpoints/Ex_9-Stefano_Schmidt-checkpoint.ipynb,2022-01-16
https://github.com/zievathustra/uu-rdms-ris-pure-sync,LSN_Stefano_Schmidt/ex_9/.ipynb_checkpoints/LSN_Exercises_09-checkpoint.ipynb,2022-01-16
https://github.com/zievathustra/uu-rdms-ris-pure-sync,LSN_Stefano_Schmidt/ex_9/Ex_9-Stefano_Schmidt.ipynb,2022-01-16
https://github.com/zievathustra/uu-rdms-ris-pure-sync,tries_checks/checks/.ipynb_checkpoints/Untitled-checkpoint.ipynb,2022-01-16
https://github.com/zievathustra/uu-rdms-ris-pure-sync,tries_checks/routines/old_definitive/Definitive_s_0_model.ipynb,2022-01-16
https://github.com/zievathustra/uu-rdms-ris-pure-sync,tries_checks/tries/.ipynb_checkpoints/MoE_fit-checkpoint.ipynb,2022-01-16
https://github.com/zievathustra/uu-rdms-ris-pure-sync,tries_checks/tries/.ipynb_checkpoints/PCA_components_discoveries-checkpoint.ipynb,2022-01-16
https://github.com/zievathustra/uu-rdms-ris-pure-sync,tries_checks/tries/.ipynb_checkpoints/Test_MoE_model-checkpoint.ipynb,2022-01-16
https://github.com/zievathustra/uu-rdms-ris-pure-sync,tries_checks/tries/.ipynb_checkpoints/check_PCA_and_dataset-checkpoint.ipynb,2022-01-16
https://github.com/zievathustra/uu-rdms-ris-pure-sync,tries_checks/tries/.ipynb_checkpoints/check_PCA_and_dataset_amp-checkpoint.ipynb,2022-01-16
https://github.com/zievathustra/uu-rdms-ris-pure-sync,tries_checks/tries/.ipynb_checkpoints/check_PC_correlation-checkpoint.ipynb,2022-01-16
https://github.com/zievathustra/uu-rdms-ris-pure-sync,tries_checks/tries/.ipynb_checkpoints/explore_params-checkpoint.ipynb,2022-01-16
https://github.com/zievathustra/uu-rdms-ris-pure-sync,tries_checks/tries/MoE_fit.ipynb,2022-01-16
https://github.com/zievathustra/uu-rdms-ris-pure-sync,tries_checks/tries/PCA_components_discoveries.ipynb,2022-01-16
https://github.com/zievathustra/uu-rdms-ris-pure-sync,tries_checks/tries/Test_MoE_model.ipynb,2022-01-16
https://github.com/zievathustra/uu-rdms-ris-pure-sync,tries_checks/tries/check_PCA_and_dataset.ipynb,2022-01-16
https://github.com/zievathustra/uu-rdms-ris-pure-sync,tries_checks/tries/check_PCA_and_dataset_amp.ipynb,2022-01-16
https://github.com/zievathustra/uu-rdms-ris-pure-sync,tries_checks/tries/check_PC_correlation.ipynb,2022-01-16
https://github.com/zievathustra/uu-rdms-ris-pure-sync,tries_checks/tries/explore_params.ipynb,2022-01-16
https://github.com/zievathustra/uu-rdms-ris-pure-sync,exampleSite/content/post/jupyter/index.ipynb,2022-01-16
https://github.com/zievathustra/uu-rdms-ris-pure-sync,anonymouus/examples/try_testing.ipynb,2022-01-16
https://github.com/zievathustra/uu-rdms-ris-pure-sync,Python/DataScienceDay_2018_SideProgram_Python.ipynb,2022-01-16
https://github.com/zievathustra/uu-rdms-ris-pure-sync,R/DataScienceDay_2018_SideProgram_R.ipynb,2022-01-16
https://github.com/zievathustra/uu-rdms-ris-pure-sync,example/test.ipynb,2022-01-16
https://github.com/zievathustra/uu-rdms-ris-pure-sync,notebooks/backups-notebooks/0_text_selection_backup-prelist.ipynb,2022-01-16
https://github.com/zievathustra/uu-rdms-ris-pure-sync,notebooks/backups-notebooks/1_text_selection_p_inverted.ipynb,2022-01-16
https://github.com/zievathustra/uu-rdms-ris-pure-sync,notebooks/backups-notebooks/ocr_correction_gensim.ipynb,2022-01-16
https://github.com/zievathustra/uu-rdms-ris-pure-sync,notebooks/backups-notebooks/ocr_correction_transformer.ipynb,2022-01-16
https://github.com/zievathustra/uu-rdms-ris-pure-sync,notebooks/backups-notebooks/similarity_fasttext.ipynb,2022-01-16
https://github.com/zievathustra/uu-rdms-ris-pure-sync,notebooks/backups-notebooks/similarity_nb_tfidf.ipynb,2022-01-16
https://github.com/zievathustra/uu-rdms-ris-pure-sync,notebooks/backups-notebooks/topic_modeling.ipynb,2022-01-16
https://github.com/zievathustra/uu-rdms-ris-pure-sync,notebooks/data-processing/DATA_analyses_lables.ipynb,2022-01-16
https://github.com/zievathustra/uu-rdms-ris-pure-sync,notebooks/data-processing/DATA_merge_labeled_kappascoring.ipynb,2022-01-16
https://github.com/zievathustra/uu-rdms-ris-pure-sync,notebooks/data-processing/DATA_process_labeled_data.ipynb,2022-01-16
https://github.com/zievathustra/uu-rdms-ris-pure-sync,notebooks/data-processing/DATA_split_complete_labeled.ipynb,2022-01-16
https://github.com/zievathustra/uu-rdms-ris-pure-sync,notebooks/data-processing/DATA_split_merged.ipynb,2022-01-16
https://github.com/zievathustra/uu-rdms-ris-pure-sync,notebooks/data-processing/DATA_unite_divided_labeled.ipynb,2022-01-16
https://github.com/zievathustra/uu-rdms-ris-pure-sync,notebooks/data-processing/words_frequency.ipynb,2022-01-16
https://github.com/zievathustra/uu-rdms-ris-pure-sync,notebooks/models/bert-fine-tuning-existing/BERT_hf_finetuning.ipynb,2022-01-16
https://github.com/zievathustra/uu-rdms-ris-pure-sync,notebooks/models/bert-fine-tuning-existing/BERT_hf_predict.ipynb,2022-01-16
https://github.com/zievathustra/uu-rdms-ris-pure-sync,notebooks/models/bert-fine-tuning-existing/old/BERT_create_dataset_and_training.ipynb,2022-01-16
https://github.com/zievathustra/uu-rdms-ris-pure-sync,notebooks/models/bert-fine-tuning-existing/old/BERT_finetuning_sentiment_analysis.ipynb,2022-01-16
https://github.com/zievathustra/uu-rdms-ris-pure-sync,notebooks/models/bert-fine-tuning-existing/old/BERT_manual_training.ipynb,2022-01-16
https://github.com/zievathustra/uu-rdms-ris-pure-sync,notebooks/models/bert-training-from-scratch/1_BERT_dataset_cleaning_test.ipynb,2022-01-16
https://github.com/zievathustra/uu-rdms-ris-pure-sync,notebooks/models/bert-training-from-scratch/1_BERT_dataset_pre-processing.ipynb,2022-01-16
https://github.com/zievathustra/uu-rdms-ris-pure-sync,notebooks/models/bert-training-from-scratch/2_BERT_tokenizer.ipynb,2022-01-16
https://github.com/zievathustra/uu-rdms-ris-pure-sync,notebooks/models/bert-training-from-scratch/3_BERT_dataset_pre-training.ipynb,2022-01-16
https://github.com/zievathustra/uu-rdms-ris-pure-sync,notebooks/models/bert-training-from-scratch/4_BERT_train.ipynb,2022-01-16
https://github.com/zievathustra/uu-rdms-ris-pure-sync,notebooks/models/bert-training-from-scratch/old/old_BERT_data_preprocess_to_txt.ipynb,2022-01-16
https://github.com/zievathustra/uu-rdms-ris-pure-sync,notebooks/models/cnn/predict_cnn.ipynb,2022-01-16
https://github.com/zievathustra/uu-rdms-ris-pure-sync,notebooks/models/cnn/train_cnn_model.ipynb,2022-01-16
https://github.com/zievathustra/uu-rdms-ris-pure-sync,notebooks/models/fasttext/FASTTEXT_training.ipynb,2022-01-16
https://github.com/zievathustra/uu-rdms-ris-pure-sync,notebooks/models/tfidf-nb/Naive_bayes_SVC.ipynb,2022-01-16
https://github.com/zievathustra/uu-rdms-ris-pure-sync,exercises/practiceTidyverse/notebookDataHandlinginR.ipynb,2022-01-16
https://github.com/zievathustra/uu-rdms-ris-pure-sync,exercises/practiceTidyverse/notebookDataHandlinginRwithTidyverse.ipynb,2022-01-16
https://github.com/zievathustra/uu-rdms-ris-pure-sync,templates/Python/demo.ipynb,2022-01-16
https://github.com/zievathustra/uu-rdms-ris-pure-sync,scripts/biodiversity_evaluation.ipynb,2022-01-16
https://github.com/zievathustra/uu-rdms-ris-pure-sync,scripts/biosafe.ipynb,2022-01-16
https://github.com/zievathustra/uu-rdms-ris-pure-sync,scripts/cost_evaluation.ipynb,2022-01-16
https://github.com/zievathustra/uu-rdms-ris-pure-sync,scripts/intervention_planning.ipynb,2022-01-16
https://github.com/zievathustra/uu-rdms-ris-pure-sync,scripts/landowner_evaluation.ipynb,2022-01-16
https://github.com/zievathustra/uu-rdms-ris-pure-sync,scripts/measure_evaluation.ipynb,2022-01-16
