html_url_repository,path
https://github.com/AJueling/CESM,src/notebooks/2_SSH_std.ipynb
https://github.com/AJueling/CESM,src/notebooks/2_bias_maps.ipynb
https://github.com/AJueling/CESM,src/notebooks/2_forcings.ipynb
https://github.com/AJueling/CESM,src/notebooks/2_gridspacing.ipynb
https://github.com/AJueling/CESM,src/notebooks/2_seaice.ipynb
https://github.com/AJueling/CESM,src/notebooks/2_simulations.ipynb
https://github.com/AJueling/CESM,src/notebooks/6.1_indicators.ipynb
https://github.com/AJueling/CESM,src/notebooks/6.2_ECS.ipynb
https://github.com/AJueling/CESM,src/notebooks/6.3_OHC.ipynb
https://github.com/AJueling/CESM,src/notebooks/6.3_SAT.ipynb
https://github.com/AJueling/CESM,src/notebooks/6.4_radiation.ipynb
https://github.com/AJueling/CESM,src/notebooks/6.5_seaice.ipynb
https://github.com/AJueling/CESM,src/notebooks/AHC.ipynb
https://github.com/AJueling/CESM,src/notebooks/BSF.ipynb
https://github.com/AJueling/CESM,src/notebooks/CICE.ipynb
https://github.com/AJueling/CESM,src/notebooks/CURRENTS.ipynb
https://github.com/AJueling/CESM,src/notebooks/EN4.ipynb
https://github.com/AJueling/CESM,src/notebooks/ENSO.ipynb
https://github.com/AJueling/CESM,src/notebooks/FLUX_OHC_SALT.ipynb
https://github.com/AJueling/CESM,src/notebooks/FORCING.ipynb
https://github.com/AJueling/CESM,src/notebooks/FW_budget.ipynb
https://github.com/AJueling/CESM,src/notebooks/FW_fluxes.ipynb
https://github.com/AJueling/CESM,src/notebooks/FW_fluxes_BS_Med.ipynb
https://github.com/AJueling/CESM,src/notebooks/GMST.ipynb
https://github.com/AJueling/CESM,src/notebooks/GMST_obs_ensembles.ipynb
https://github.com/AJueling/CESM,src/notebooks/HEAT.ipynb
https://github.com/AJueling/CESM,src/notebooks/HIATUS.ipynb
https://github.com/AJueling/CESM,src/notebooks/MOC.ipynb
https://github.com/AJueling/CESM,src/notebooks/MXL.ipynb
https://github.com/AJueling/CESM,src/notebooks/OHC-ctrl_vs_lpd.ipynb
https://github.com/AJueling/CESM,src/notebooks/OHC-detrending.ipynb
https://github.com/AJueling/CESM,src/notebooks/OHC-lowres.ipynb
https://github.com/AJueling/CESM,src/notebooks/OHC-observations.ipynb
https://github.com/AJueling/CESM,src/notebooks/OHC-phasing.ipynb
https://github.com/AJueling/CESM,src/notebooks/OHC-videos.ipynb
https://github.com/AJueling/CESM,src/notebooks/OHC.ipynb
https://github.com/AJueling/CESM,src/notebooks/OSNAP.ipynb
https://github.com/AJueling/CESM,src/notebooks/Poster.ipynb
https://github.com/AJueling/CESM,src/notebooks/REGR.ipynb
https://github.com/AJueling/CESM,src/notebooks/SFWF.ipynb
https://github.com/AJueling/CESM,src/notebooks/SHF.ipynb
https://github.com/AJueling/CESM,src/notebooks/SPECTRA.ipynb
https://github.com/AJueling/CESM,src/notebooks/SST.ipynb
https://github.com/AJueling/CESM,src/notebooks/SST_AMO.ipynb
https://github.com/AJueling/CESM,src/notebooks/SST_ENSO.ipynb
https://github.com/AJueling/CESM,src/notebooks/SST_GMST_regression.ipynb
https://github.com/AJueling/CESM,src/notebooks/SST_GMST_spectra.ipynb
https://github.com/AJueling/CESM,src/notebooks/SST_PDO.ipynb
https://github.com/AJueling/CESM,src/notebooks/SST_SOM.ipynb
https://github.com/AJueling/CESM,src/notebooks/SST_TPI.ipynb
https://github.com/AJueling/CESM,src/notebooks/SST_detrending.ipynb
https://github.com/AJueling/CESM,src/notebooks/SST_indices.ipynb
https://github.com/AJueling/CESM,src/notebooks/SST_obs.ipynb
https://github.com/AJueling/CESM,src/notebooks/SST_regression.ipynb
https://github.com/AJueling/CESM,src/notebooks/SST_regression_maps.ipynb
https://github.com/AJueling/CESM,src/notebooks/TOA.ipynb
https://github.com/AJueling/CESM,src/notebooks/WIND.ipynb
https://github.com/AJueling/CESM,src/notebooks/Woosok.ipynb
https://github.com/AJueling/CESM,src/notebooks/data_overview.ipynb
https://github.com/AJueling/CESM,src/notebooks/filters.ipynb
https://github.com/AJueling/CESM,src/notebooks/geometry.ipynb
https://github.com/AJueling/CESM,src/notebooks/paper.ipynb
https://github.com/AJueling/CESM,src/notebooks/paper3.ipynb
https://github.com/AJueling/CESM,src/notebooks/paper_EPJ.ipynb
https://github.com/AJueling/CESM,src/notebooks/presentation_BBOS19.ipynb
https://github.com/AJueling/CESM,src/notebooks/regrid.ipynb
https://github.com/AJueling/CESM,src/notebooks/regrid_0.1_to_0.4.ipynb
https://github.com/AJueling/CESM,src/notebooks/regrid_tutorial.ipynb
https://github.com/AJueling/CESM,src/notebooks/testing_MSSA.ipynb
https://github.com/AJueling/CESM,src/notebooks/testing_SSA.ipynb
https://github.com/AJueling/CESM,src/notebooks/testing_linear_regression.ipynb
https://github.com/AJueling/CESM,src/notebooks/testing_significance.ipynb
https://github.com/AJueling/CESM,src/notebooks/timeseries.ipynb
https://github.com/AJueling/CESM,src/run/run_scripts.ipynb
https://github.com/AJueling/melt,src/notebooks/Advection.ipynb
https://github.com/AJueling/melt,src/notebooks/Bedmachine.ipynb
https://github.com/AJueling/melt,src/notebooks/Calc_layer_isomip.ipynb
https://github.com/AJueling/melt,src/notebooks/Calc_layer_realistic.ipynb
https://github.com/AJueling/melt,src/notebooks/Geometry.ipynb
https://github.com/AJueling/melt,src/notebooks/Geometry_idealized.ipynb
https://github.com/AJueling/melt,src/notebooks/Geometry_realistic.ipynb
https://github.com/AJueling/melt,src/notebooks/PICO.ipynb
https://github.com/AJueling/melt,src/notebooks/PICOP.ipynb
https://github.com/AJueling/melt,src/notebooks/Plot_ISOMIP.ipynb
https://github.com/AJueling/melt,src/notebooks/Plot_observations.ipynb
https://github.com/AJueling/melt,src/notebooks/Plot_shoaling.ipynb
https://github.com/AJueling/melt,src/notebooks/Plot_validation.ipynb
https://github.com/AJueling/melt,src/notebooks/Plot_validation_standardized.ipynb
https://github.com/AJueling/melt,src/notebooks/Plot_warming.ipynb
https://github.com/AJueling/melt,src/notebooks/Plots_amundsen_avg_sens.ipynb
https://github.com/AJueling/melt,src/notebooks/Plots_validation_PIG_CD.ipynb
https://github.com/AJueling/melt,src/notebooks/Plume.ipynb
https://github.com/AJueling/melt,src/notebooks/example.ipynb
https://github.com/AJueling/python_climate_physics,1a_Introduction.ipynb
https://github.com/AJueling/python_climate_physics,1b_Fundamentals.ipynb
https://github.com/AJueling/python_climate_physics,1c_Functions.ipynb
https://github.com/AJueling/python_climate_physics,2a_numpy.ipynb
https://github.com/AJueling/python_climate_physics,2b_matplotlib.ipynb
https://github.com/AJueling/python_climate_physics,2c_advanced_Matplotlib.ipynb
https://github.com/AJueling/python_climate_physics,2d_SciPy.ipynb
https://github.com/AJueling/python_climate_physics,3a_pandas.ipynb
https://github.com/AJueling/python_climate_physics,3b_netcdf_xarray.ipynb
https://github.com/AJueling/python_climate_physics,3c_xarray.ipynb
https://github.com/AJueling/python_climate_physics,4a_cartopy.ipynb
https://github.com/AJueling/python_climate_physics,4b_best_practices.ipynb
https://github.com/aldertzomer/RFPlasmid,RFPlasmid_Conda_install_and_run.ipynb
https://github.com/aldertzomer/RFPlasmid,RFPlasmid_systemwide_install_with_pip.ipynb
https://github.com/alexandrosstergiou/Bootstrap-for-polling,assignmentnotebook.ipynb
https://github.com/alexandrosstergiou/Traffic-Sign-Recognition-basd-on-Synthesised-Training-Data,.ipynb_checkpoints/CNN-Classifier-checkpoint.ipynb
https://github.com/alexandrosstergiou/Traffic-Sign-Recognition-basd-on-Synthesised-Training-Data,.ipynb_checkpoints/Dataset_creator-checkpoint.ipynb
https://github.com/alexandrosstergiou/Traffic-Sign-Recognition-basd-on-Synthesised-Training-Data,CNN-Classifier.ipynb
https://github.com/alexandrosstergiou/Traffic-Sign-Recognition-basd-on-Synthesised-Training-Data,Dataset_creator.ipynb
https://github.com/asreview/paper-evaluating-models-across-research-areas,results/extract_plots.ipynb
https://github.com/asreview/paper-evaluating-models-across-research-areas,results/extract_results.ipynb
https://github.com/asreview/systematic-review-datasets,datasets/Appenzeller-Herzog_2020/process_Appenzeller-Herzog_dataset.ipynb
https://github.com/asreview/systematic-review-datasets,datasets/Bannach-Brown_2019/process_Bannach-Brown_dataset.ipynb
https://github.com/asreview/systematic-review-datasets,datasets/Bos_2018/process_Bos_dataset.ipynb
https://github.com/asreview/systematic-review-datasets,datasets/Cohen_2006/process_Cohen_datasets_local.ipynb
https://github.com/asreview/systematic-review-datasets,datasets/Cohen_2006/process_Cohen_datasets_online.ipynb
https://github.com/asreview/systematic-review-datasets,datasets/Hall_Wahono_Radjenovic_Kitchenham/process_Hall_Wahono_Radjenovic_Kitchenham_datasets.ipynb
https://github.com/asreview/systematic-review-datasets,datasets/Kwok_2020/process_Kwok_dataset.ipynb
https://github.com/asreview/systematic-review-datasets,datasets/Nagtegaal_2019/process_Nagtegaal_dataset.ipynb
https://github.com/asreview/systematic-review-datasets,datasets/Wolters_2018/process_Wolters_dataset.ipynb
https://github.com/asreview/systematic-review-datasets,datasets/van_Dis_2020/process_van_Dis_dataset.ipynb
https://github.com/asreview/systematic-review-datasets,datasets/van_de_Schoot_2017/process_van_de_Schoot_dataset.ipynb
https://github.com/basm92/econometrics2,assignment3/misc/power analysis exact calculation.ipynb
https://github.com/basm92/macroeconomics_i,assignment_1/.ipynb_checkpoints/question1_failedattempt_bas-checkpoint.ipynb
https://github.com/basm92/macroeconomics_i,assignment_1/.ipynb_checkpoints/question1_main-checkpoint.ipynb
https://github.com/basm92/macroeconomics_i,assignment_1/.ipynb_checkpoints/question2_main-checkpoint.ipynb
https://github.com/basm92/macroeconomics_i,assignment_1/question1_failedattempt_bas.ipynb
https://github.com/basm92/macroeconomics_i,assignment_1/question1_main.ipynb
https://github.com/basm92/macroeconomics_i,assignment_1/question2_main.ipynb
https://github.com/basm92/macroeconomics_i,assignment_1/submission/question1_main.ipynb
https://github.com/basm92/macroeconomics_i,assignment_1/submission/question2_main.ipynb
https://github.com/basm92/micro2_gametheory,Game theory assignment 1.ipynb
https://github.com/basm92/Polrents,Code/Analyses/matched_sample_analysis.ipynb
https://github.com/basm92/Polrents,Code/Analyses/unmatched_sample_analysis.ipynb
https://github.com/basm92/Polrents,Code/arrange_hdng_data.ipynb
https://github.com/basm92/Polrents,Code/clean_to_close_elections.ipynb
https://github.com/basm92/Polrents,Code/data_to_analysis_matched.ipynb
https://github.com/basm92/Polrents,Code/data_to_analysis_unmatched.ipynb
https://github.com/basm92/Polrents,Code/data_to_analysis_unmatched_alternative_definition_of_margin.ipynb
https://github.com/basm92/Polrents,Code/find_remaining_variables.ipynb
https://github.com/basm92/Polrents,Code/make_data_entry_file.ipynb
https://github.com/basm92/Polrents,Code/make_data_entry_file_lessclose.ipynb
https://github.com/basm92/Polrents,Code/make_dataset_birthplace_birthdates_nonpols.ipynb
https://github.com/basm92/Polrents,Code/new_closeelections_margins_create_potentialmissing.ipynb
https://github.com/basm92/Polrents,Code/scrape.ipynb
https://github.com/basm92/TheWoDPE,.ipynb_checkpoints/scraping_parl_names-checkpoint.ipynb
https://github.com/basm92/TheWoDPE,Code/.ipynb_checkpoints/clean_names-checkpoint.ipynb
https://github.com/basm92/TheWoDPE,Code/.ipynb_checkpoints/scraping_parl_names-checkpoint.ipynb
https://github.com/basm92/TheWoDPE,Code/clean_names.ipynb
https://github.com/basm92/TheWoDPE,Code/scraping_parl_names.ipynb
https://github.com/basm92/UU_PhD_BasMachielsen,Paper1/Code/wealth_correction.ipynb
https://github.com/Bastiaansen/Climate_Feedback_Projections,1. Python - CMIP Feedback Computations/CESM2 1pct CO2/Compute_Fields.ipynb
https://github.com/Bastiaansen/Climate_Feedback_Projections,1. Python - CMIP Feedback Computations/CESM2 abrupt4xCO2/Compute_Fields.ipynb
https://github.com/Bastiaansen/Climate_Feedback_Projections,3. Python Visualisation/compare_1pct_projections.ipynb
https://github.com/Bastiaansen/Climate_Feedback_Projections,3. Python Visualisation/make_mode_plots.ipynb
https://github.com/Bastiaansen/MCLR-ECS-estimation,Codes/Python - LongRunMIP/LongRunMIP_ECS_estimations.ipynb
https://github.com/Bastiaansen/MCLR-ECS-estimation,Codes/Python - LongRunMIP/remaining_error_plot.ipynb
https://github.com/berg0138/NumericalMethods_Python,Shifted exponents.ipynb
https://github.com/berg0138/NumericalMethods_Python,The largest floating point value.ipynb
https://github.com/berg0138/NumericalMethods_Python,Tutorial_solutions_part1.ipynb
https://github.com/berg0138/NumericalMethods_Python,Tutorial_solutions_part2.ipynb
https://github.com/berg0138/NumericalMethods_Python,Tutorial_solutions_part3.ipynb
https://github.com/berg0138/NumericalMethods_Python,[NM2018] Python tutorial.ipynb
https://github.com/Bovi-analytics/BIBCEssentials,Python/MyFirstVisual.ipynb
https://github.com/Bovi-analytics/Hut-et-al-2021,Daily models/EatingTime_24h_pattern.ipynb
https://github.com/Bovi-analytics/Hut-et-al-2021,Daily models/LegActivity_24h_pattern.ipynb
https://github.com/Bovi-analytics/Hut-et-al-2021,Daily models/LyingTime_24h_pattern.ipynb
https://github.com/Bovi-analytics/Hut-et-al-2021,Daily models/RuminatingTime_24h_pattern.ipynb
https://github.com/Bovi-analytics/Hut-et-al-2021,Daily models/StandingTime_24h_pattern.ipynb
https://github.com/Bovi-analytics/Hut-et-al-2021,Daily models/WalkingTime_24h_pattern.ipynb
https://github.com/Bovi-analytics/Hut-et-al-2021,Lactation models/EatingTime_MonthsInMilk.ipynb
https://github.com/Bovi-analytics/Hut-et-al-2021,Lactation models/LegActivity_MonthsInMilk.ipynb
https://github.com/Bovi-analytics/Hut-et-al-2021,Lactation models/LyingTime_MonthsInMilk.ipynb
https://github.com/Bovi-analytics/Hut-et-al-2021,Lactation models/RuminatingTime_MonthsInMilk.ipynb
https://github.com/Bovi-analytics/Hut-et-al-2021,Lactation models/StandingTime_MonthsInMilk.ipynb
https://github.com/Bovi-analytics/Hut-et-al-2021,Lactation models/TimeBudgetGraph_MonthsInMilk.ipynb
https://github.com/Bovi-analytics/Hut-et-al-2021,Lactation models/WalkingTime_MonthsInMilk.ipynb
https://github.com/Bovi-analytics/Hut-et-al-2021,Time_budget_circadian_pattern_graph.ipynb
https://github.com/bozso/demeter_process,day_h_corr.ipynb
https://github.com/bozso/python_course,notebooks/en/advanced/structured_programming.ipynb
https://github.com/bozso/python_course,notebooks/en/advanced/type_annotations.ipynb
https://github.com/bozso/python_course,notebooks/en/file_io_exceptions.ipynb
https://github.com/bozso/python_course,notebooks/en/introduction.ipynb
https://github.com/bozso/python_course,notebooks/en/numpy.ipynb
https://github.com/bozso/python_course,notebooks/en/object_oriented_programming.ipynb
https://github.com/bozso/python_course,notebooks/en/scipy.ipynb
https://github.com/bozso/python_course,notebooks/hu/01_bevezetes.ipynb
https://github.com/bozso/python_course,notebooks/hu/02_io_fajlok_hibakezeles.ipynb
https://github.com/bozso/python_course,notebooks/hu/03_numpy.ipynb
https://github.com/bozso/python_course,notebooks/hu/04_linearis_algebra_matplotlib.ipynb
https://github.com/bozso/python_course,notebooks/hu/05_scipy.ipynb
https://github.com/bozso/python_course,notebooks/hu/06_objektom_orientalt_programozas.ipynb
https://github.com/brentp/cruzdb,paper/gwasCat-lincRNA.ipynb
https://github.com/brentp/cruzdb,paper/replication-timing.ipynb
https://github.com/chauncyzhu/deep_learning_class,ClassificationExperiment.ipynb
https://github.com/chauncyzhu/deep_learning_class,RegressionExperiment.ipynb
https://github.com/chauncyzhu/deep_learning_classtwo,ClassificationExperiment.ipynb
https://github.com/chauncyzhu/deep_learning_classtwo,RegressionExperiment.ipynb
https://github.com/chauncyzhu/homework_fall2020,hw1/cs285/scripts/run_hw1.ipynb
https://github.com/chauncyzhu/homework_fall2020,hw2/cs285/scripts/run_hw2.ipynb
https://github.com/chauncyzhu/homework_fall2020,hw3/cs285/scripts/run_hw3_actor_critic.ipynb
https://github.com/chauncyzhu/homework_fall2020,hw3/cs285/scripts/run_hw3_dqn.ipynb
https://github.com/chauncyzhu/homework_fall2020,hw4/cs285/scripts/run_hw4_mb.ipynb
https://github.com/chauncyzhu/homework_fall2020,hw5/run_hw5_expl.ipynb
https://github.com/chauncyzhu/machinelearning_class_four,experiment.ipynb
https://github.com/CLARIAH/ATM,DialectLexiconConversion/lexdb_conversion.ipynb
https://github.com/CLARIAH/serpens,Slicing-and-Dicing-Newspapers/code/Experiments/OCR quality check .ipynb
https://github.com/CLARIAH/serpens,Slicing-and-Dicing-Newspapers/code/Experiments/Snippets_classification_clean.ipynb
https://github.com/CLARIAH/serpens,Slicing-and-Dicing-Newspapers/code/Experiments/Two-class.ipynb
https://github.com/CLARIAH/serpens,Slicing-and-Dicing-Newspapers/code/Experiments/full_text_experiments.ipynb
https://github.com/CLARIAH/wp4-datalegend-api,src/d3js.ipynb
https://github.com/CLARIAH/wp4-links,assets/csv-to-rdf/convert-births-to-rdf.ipynb
https://github.com/CLARIAH/wp4-links,assets/csv-to-rdf/convert-marriages-to-rdf.ipynb
https://github.com/computationalgeography/opengeohub2021,notebook/course.ipynb
https://github.com/costanzalaudisa/INFOMRproject,query.ipynb
https://github.com/costanzalaudisa/INFOMRproject,stats.ipynb
https://github.com/costanzalaudisa/INFOMRproject,weights.ipynb
https://github.com/cpierard/capa_limite_WRF,Datos/ceilometro/Untitled.ipynb
https://github.com/cpierard/capa_limite_WRF,Datos/delegaciones_cdmx/algoritmo in or out.ipynb
https://github.com/cpierard/capa_limite_WRF,Notebooks/Calculo_Richardson.ipynb
https://github.com/cpierard/capa_limite_WRF,Notebooks/Grafica_1_1.ipynb
https://github.com/cpierard/capa_limite_WRF,Notebooks/Gráficas semanales.ipynb
https://github.com/cpierard/capa_limite_WRF,Notebooks/Promedios_mesuales.ipynb
https://github.com/cpierard/capa_limite_WRF,Notebooks/Pruebas_netCDF4.ipynb
https://github.com/cpierard/capa_limite_WRF,Notebooks/Regenerar_ceilo_dat.ipynb
https://github.com/cpierard/capa_limite_WRF,Notebooks/Untitled.ipynb
https://github.com/cpierard/capa_limite_WRF,Notebooks/Untitled2.ipynb
https://github.com/cpierard/capa_limite_WRF,Notebooks/ceilometro_pandas.ipynb
https://github.com/cpierard/capa_limite_WRF,Notebooks/coordenada_más_cercana.ipynb
https://github.com/cpierard/capa_limite_WRF,Notebooks/graficas_apartir_promedios.ipynb
https://github.com/cpierard/capa_limite_WRF,Notebooks/porco il dio.ipynb
https://github.com/cpierard/capa_limite_WRF,Notebooks/puntos_de malla_en_delegaciones.ipynb
https://github.com/cpierard/capa_limite_WRF,Notebooks/reunion_30_ago.ipynb
https://github.com/cpierard/capa_limite_WRF,VC_notebooks/VC mar y sep.ipynb
https://github.com/cpierard/convection_model_project,Convección en fluido estratificado.ipynb
https://github.com/cpierard/convection_model_project,Ec_edo_cuadratica.ipynb
https://github.com/cpierard/convection_model_project,R-B/RB_modificado.ipynb
https://github.com/cpierard/convection_model_project,R-B/Untitled.ipynb
https://github.com/cpierard/convection_model_project,Strat_conv/Plot_hdf5.ipynb
https://github.com/cpierard/convection_model_project,Strat_conv/UGM_plots.ipynb
https://github.com/cpierard/convection_model_project,Strat_conv/Untitled.ipynb
https://github.com/cpierard/convection_model_project,Strat_conv/multifigplot.ipynb
https://github.com/cpierard/convection_model_project,ajustes_perfil_estratificacion.ipynb
https://github.com/cpierard/convection_model_project,animaciones.ipynb
https://github.com/cpierard/convection_model_project,rho(T)_lineal.ipynb
https://github.com/cpierard/katabatic_wind,read_and_plot.ipynb
https://github.com/cpierard/Modelacion_Climatica,Approximate equation for upper ocean temperature.ipynb
https://github.com/cpierard/Modelacion_Climatica,GRANTISM/GRANTISM Greenland.ipynb
https://github.com/cpierard/Modelacion_Climatica,GRANTISM/GRANTISM.ipynb
https://github.com/cpierard/Modelacion_Climatica,GRANTISM/Greenland revisited.ipynb
https://github.com/cpierard/Modelacion_Climatica,GRANTISM/new_grantism_finite_dif.ipynb
https://github.com/cpierard/Modelacion_Climatica,Milankovitch (funciones y animaciones).ipynb
https://github.com/cpierard/Modelacion_Climatica,Modelo Cero Dimensional de Balance de Energía.ipynb
https://github.com/cpierard/Modelacion_Climatica,Retroalimentador Hielo Albedo.ipynb
https://github.com/cpierard/moguls_of_chaos,Moguls_of_Chaos_[julia].ipynb
https://github.com/cpierard/moguls_of_chaos,Moguls_of_Chaos_[python].ipynb
https://github.com/cpierard/momar_data_analysis,00.GMT_plots.ipynb
https://github.com/cpierard/momar_data_analysis,01.Defining_plot_functions.ipynb
https://github.com/cpierard/momar_data_analysis,01.Temperature_distribution_profiles.ipynb
https://github.com/cpierard/momar_data_analysis,02.SBE_explorations.ipynb
https://github.com/cpierard/momar_data_analysis,03.Aquadopp_distributions.ipynb
https://github.com/cpierard/momar_data_analysis,04.Positioning_intruments.ipynb
https://github.com/cpierard/momar_data_analysis,06. Temperature profiles.ipynb
https://github.com/cpierard/momar_data_analysis,07.ambient_stratification.ipynb
https://github.com/cpierard/momar_data_analysis,08.Model_profiles.ipynb
https://github.com/cpierard/momar_data_analysis,09.ridge_plots.ipynb
https://github.com/cpierard/momar_data_analysis,10.Spectral_analysis_I.ipynb
https://github.com/cpierard/momar_data_analysis,11.Spectral_analysis_II.ipynb
https://github.com/cpierard/momar_data_analysis,12.PSD_plots_clean.ipynb
https://github.com/cpierard/momar_data_analysis,14.Power_spectra_density_vs_temperature.ipynb
https://github.com/cpierard/momar_data_analysis,15.Power-Spectra-Report.ipynb
https://github.com/cpierard/momar_data_analysis,16.PSD_aquadopp.ipynb
https://github.com/cpierard/Nonlinear_dynamics,Bifurcation_Diagram.ipynb
https://github.com/cpierard/Nonlinear_dynamics,Computing_fractal_dimensions.ipynb
https://github.com/cpierard/Nonlinear_dynamics,Examen unidad 9.ipynb
https://github.com/cpierard/Nonlinear_dynamics,Iterator.ipynb
https://github.com/cpierard/Nonlinear_dynamics,Logistic_equation.ipynb
https://github.com/cpierard/Nonlinear_dynamics,Quiz 1.ipynb
https://github.com/cpierard/Nonlinear_dynamics,Ski_Slope_Model.ipynb
https://github.com/cpierard/Nonlinear_dynamics,Testing_cobweb_plot.ipynb
https://github.com/cpierard/Nonlinear_dynamics,delay-coordinate_embedding.ipynb
https://github.com/cpierard/Nonlinear_dynamics,simple_ODE_solvers.ipynb
https://github.com/davidcortesortuno/nb_cat,test/test_nb.ipynb
https://github.com/davidcortesortuno/nebm_plot_tools,tutorial/tutorial_fidimag.ipynb
https://github.com/davidcortesortuno/paper-2018-chiral_magnonic_crystals,notebooks/simulation_details.ipynb
https://github.com/davidcortesortuno/paper-2018-chiral_magnonic_crystals,notebooks/wave_evolution.ipynb
https://github.com/davidcortesortuno/paper-2019_nanoscale_skyrmions_target_states_confined_geometries,notebooks/Hexagons NEBM skyrmion collapse.ipynb
https://github.com/davidcortesortuno/paper-2019_nanoscale_skyrmions_target_states_confined_geometries,notebooks/Hexagons NEBM skyrmion escape.ipynb
https://github.com/davidcortesortuno/paper-2019_nanoscale_skyrmions_target_states_confined_geometries,notebooks/Hexagons NEBM tgt-state-up skyrmion-down collapse.ipynb
https://github.com/davidcortesortuno/paper-2019_nanoscale_skyrmions_target_states_confined_geometries,notebooks/Hexagons PdPdFe energies_positive_fields.ipynb
https://github.com/davidcortesortuno/paper-2019_nanoscale_skyrmions_target_states_confined_geometries,notebooks/Hexagons_phase_diagram.ipynb
https://github.com/davidcortesortuno/paper-2019_nanoscale_skyrmions_target_states_confined_geometries,notebooks/Hexagons_phase_diagram_pinned_bs.ipynb
https://github.com/davidcortesortuno/paper-2019_nanoscale_skyrmions_target_states_confined_geometries,notebooks/image_rotated NEBM target state-skyrmion.ipynb
https://github.com/davidcortesortuno/paper-2019_nanoscale_skyrmions_target_states_confined_geometries,notebooks/image_rotated snapshots-positive_fields.ipynb
https://github.com/davidcortesortuno/paper-2019_nanoscale_skyrmions_target_states_confined_geometries,notebooks/image_rotated_energies_positive_fields.ipynb
https://github.com/davidcortesortuno/paper-2019_nanoscale_skyrmions_target_states_confined_geometries,notebooks/image_rotated_relaxed_from_image.ipynb
https://github.com/davidcortesortuno/paper-2019_nanoscale_skyrmions_target_states_confined_geometries,simulation_widget_nb.ipynb
https://github.com/davidcortesortuno/paper-2020_real-space_imaging_of_confined_magnetic_skyrmion_tubes,experimental/Figure_2/Figure_2.ipynb
https://github.com/davidcortesortuno/paper-2020_real-space_imaging_of_confined_magnetic_skyrmion_tubes,experimental/Figure_3/Figure_3.ipynb
https://github.com/davidcortesortuno/paper-2020_real-space_imaging_of_confined_magnetic_skyrmion_tubes,experimental/Figure_4/Figure_4.ipynb
https://github.com/davidcortesortuno/paper-2020_real-space_imaging_of_confined_magnetic_skyrmion_tubes,experimental/Figure_5/Figure_5.ipynb
https://github.com/davidcortesortuno/paper-2020_real-space_imaging_of_confined_magnetic_skyrmion_tubes,experimental/holography_reconstruction/FeGe_Notebook_Cone.ipynb
https://github.com/davidcortesortuno/paper-2020_real-space_imaging_of_confined_magnetic_skyrmion_tubes,experimental/holography_reconstruction/FeGe_Notebook_Helix.ipynb
https://github.com/davidcortesortuno/paper-2020_real-space_imaging_of_confined_magnetic_skyrmion_tubes,experimental/holography_reconstruction/FeGe_Notebook_Skyrmion.ipynb
https://github.com/davidcortesortuno/paper-2020_real-space_imaging_of_confined_magnetic_skyrmion_tubes,notebooks/conical.ipynb
https://github.com/davidcortesortuno/paper-2020_real-space_imaging_of_confined_magnetic_skyrmion_tubes,notebooks/mixed_phases.ipynb
https://github.com/davidcortesortuno/paper-2020_real-space_imaging_of_confined_magnetic_skyrmion_tubes,notebooks/random.ipynb
https://github.com/davidcortesortuno/paper-2020_real-space_imaging_of_confined_magnetic_skyrmion_tubes,notebooks/sk_lattice.ipynb
https://github.com/davidcortesortuno/paper-2020_real-space_imaging_of_confined_magnetic_skyrmion_tubes,notebooks/sk_tubes_field_sweep.ipynb
https://github.com/davidcortesortuno/paper-2020_real-space_imaging_of_confined_magnetic_skyrmion_tubes,notebooks/spirals_helices.ipynb
https://github.com/davidcortesortuno/paper-2021_bloch_point_mediated_skyrmion_annihilation_in_three_dimensions,notebooks/bobber_toron_energy_profiles.ipynb
https://github.com/davidcortesortuno/paper-2021_bloch_point_mediated_skyrmion_annihilation_in_three_dimensions,notebooks/eq_configuration_energies.ipynb
https://github.com/davidcortesortuno/paper-2021_bloch_point_mediated_skyrmion_annihilation_in_three_dimensions,notebooks/sk-helix_to_helix.ipynb
https://github.com/davidcortesortuno/paper-2021_bloch_point_mediated_skyrmion_annihilation_in_three_dimensions,notebooks/sk-transition_GNEBM.ipynb
https://github.com/davidcortesortuno/paper-2021_bloch_point_mediated_skyrmion_annihilation_in_three_dimensions,notebooks/sk-tube_init_states.ipynb
https://github.com/davidcortesortuno/paper_biskyrmions_bubbles,joommf_isolated_typeIIbubble.ipynb
https://github.com/davidcortesortuno/paper_biskyrmions_bubbles,notebooks/joommf.ipynb
https://github.com/davidcortesortuno/paper_biskyrmions_bubbles,notebooks/joommf_isolated_typeII_bubble_field-sweep-PLOTS.ipynb
https://github.com/davidcortesortuno/paper_biskyrmions_bubbles,notebooks/joommf_isolated_typeII_bubble_field-sweep.ipynb
https://github.com/davidcortesortuno/paper_biskyrmions_bubbles,notebooks/joommf_typeIIbubble_film.ipynb
https://github.com/davidcortesortuno/skyrmion_mapping,skyrmion_projection.ipynb
https://github.com/davidcortesortuno/skyrmion_model_widget,skyrmion_model_widget.ipynb
https://github.com/davidcortesortuno/test_binder_oommf_fidimag,notebooks/2d_problem.ipynb
https://github.com/galib360/BigData_Project,.ipynb_checkpoints/BigData_Project-checkpoint.ipynb
https://github.com/galib360/BigData_Project,.ipynb_checkpoints/final_code-checkpoint.ipynb
https://github.com/galib360/BigData_Project,BigData_Project.ipynb
https://github.com/galib360/BigData_Project,BigData_test.ipynb
https://github.com/galib360/BigData_Project,final_code.ipynb
https://github.com/galib360/CoronaViz,data/.ipynb_checkpoints/Time_Agg_DataProc-checkpoint.ipynb
https://github.com/galib360/CoronaViz,data/Time_Agg_DataProc.ipynb
https://github.com/galib360/Machine_Learning_practice,OCR_Classification_DeepNetworks/.ipynb_checkpoints/LAB3-checkpoint.ipynb
https://github.com/galib360/Machine_Learning_practice,OCR_Classification_DeepNetworks/LAB3.ipynb
https://github.com/galib360/Machine_Learning_practice,OCR_Classification_DeepNetworks/tensorflow-lab.ipynb
https://github.com/galib360/Machine_Learning_practice,SpamClassifier/ML_Lab2_Spam.ipynb
https://github.com/galib360/Media_Retrieval_SBIR,.ipynb_checkpoints/Retrieval-checkpoint.ipynb
https://github.com/galib360/Media_Retrieval_SBIR,Retrieval.ipynb
https://github.com/galib360/Media_Retrieval_SBIR,Train_model_history.ipynb
https://github.com/gbeckers/Birdwatcher,notebooks/.ipynb_checkpoints/videofile-checkpoint.ipynb
https://github.com/gbeckers/Birdwatcher,notebooks/bokeh_sandbox.ipynb
https://github.com/gbeckers/Birdwatcher,notebooks/movementdetection.ipynb
https://github.com/gbeckers/Birdwatcher,notebooks/movementdetection_detailed.ipynb
https://github.com/gbeckers/Birdwatcher,notebooks/videofile.ipynb
https://github.com/gjlbeckers-uu/aglcheck,stimulussets_analyzed/suppl_info_beckers_etal_2016_jneurobiorev_revision2.ipynb
https://github.com/gjlbeckers-uu/aglcheck,tutorials/basic_use.ipynb
https://github.com/ivasconcelosUU/IPils2019,demos/Deconvolution.ipynb
https://github.com/ivasconcelosUU/IPils2019,demos/MRI.ipynb
https://github.com/ivasconcelosUU/IPils2019,demos/Tomography.ipynb
https://github.com/ivasconcelosUU/IPils2019,exercises/week1/.ipynb_checkpoints/exercises-checkpoint.ipynb
https://github.com/ivasconcelosUU/IPils2019,exercises/week1/exercises.ipynb
https://github.com/ivasconcelosUU/IPils2019,exercises/week10/exercises.ipynb
https://github.com/ivasconcelosUU/IPils2019,exercises/week11/exercises.ipynb
https://github.com/ivasconcelosUU/IPils2019,exercises/week12/exercises.ipynb
https://github.com/ivasconcelosUU/IPils2019,exercises/week13/exercises.ipynb
https://github.com/ivasconcelosUU/IPils2019,exercises/week14/exercises.ipynb
https://github.com/ivasconcelosUU/IPils2019,exercises/week2/.ipynb_checkpoints/exercises-checkpoint.ipynb
https://github.com/ivasconcelosUU/IPils2019,exercises/week2/exercises.ipynb
https://github.com/ivasconcelosUU/IPils2019,exercises/week2/handin.ipynb
https://github.com/ivasconcelosUU/IPils2019,exercises/week3/.ipynb_checkpoints/exercises-checkpoint.ipynb
https://github.com/ivasconcelosUU/IPils2019,exercises/week3/exercises.ipynb
https://github.com/ivasconcelosUU/IPils2019,exercises/week4/exercises.ipynb
https://github.com/ivasconcelosUU/IPils2019,exercises/week5/exercises.ipynb
https://github.com/ivasconcelosUU/IPils2019,exercises/week6/exercises.ipynb
https://github.com/ivasconcelosUU/IPils2019,exercises/week7/exercises.ipynb
https://github.com/ivasconcelosUU/IPils2019,exercises/week8/exercises.ipynb
https://github.com/ivasconcelosUU/IPils2019,exercises/week9/exercises.ipynb
https://github.com/ivasconcelosUU/IPils2019,index.ipynb
https://github.com/ivasconcelosUU/IPils2019,tutorials/Functions and plotting.ipynb
https://github.com/ivasconcelosUU/IPils2019,tutorials/Image processing.ipynb
https://github.com/ivasconcelosUU/IPils2019,tutorials/Linear Algebra.ipynb
https://github.com/ivasconcelosUU/IPils2019,tutorials/Rootfinding and optimization.ipynb
https://github.com/J535D165/CoronaWatchNL,now-register-extraction.ipynb
https://github.com/J535D165/CoronaWatchNL,workflows/rivm_pdf/pdf_extract_map.ipynb
https://github.com/J535D165/Data-Science-Day,DataScienceDay2017-UtrechtUniversity-Python-notebook.ipynb
https://github.com/J535D165/Data-Science-Day,DataScienceDay2017-UtrechtUniversity-R-notebook.ipynb
https://github.com/J535D165/recordlinkage-notebooks,training_data.ipynb
https://github.com/J535D165/recordlinkage-performance,Full index performance.ipynb
https://github.com/J535D165/recordlinkage-performance,haversine.ipynb
https://github.com/J535D165/recordlinkage-performance,index_compare_performance.ipynb
https://github.com/J535D165/recordlinkage-performance,indexing_performance_tests.ipynb
https://github.com/JoostGadellaa/capita-selecta,bibliometric_topic_modeling.ipynb
https://github.com/JoostGadellaa/capita-selecta,exploration.ipynb
https://github.com/konstantinosKokos/presentations,LSD2021/LSD 2021.ipynb
https://github.com/konstantinosKokos/siamese-paraphrase-keras,showcase.ipynb
https://github.com/konstantinosKokos/verbs-as-maps-keras,Showcase.ipynb
https://github.com/konstantinosKokos/verbs-as-maps-keras,clustering.ipynb
https://github.com/lauralwd/lauras_phylogeny_wf,tree_building_workflow.ipynb
https://github.com/lauralwd/metagenomicspractical,m00-prepare_download_and_subset_reads.ipynb
https://github.com/lauralwd/metagenomicspractical,m01-introduction.ipynb
https://github.com/lauralwd/metagenomicspractical,m02-jupyter_and_bash_basics.ipynb
https://github.com/lauralwd/metagenomicspractical,m03-assess_raw_data.ipynb
https://github.com/lauralwd/metagenomicspractical,m04-plot_assembly_length.ipynb
https://github.com/lauralwd/metagenomicspractical,m05-backmapping.ipynb
https://github.com/lauralwd/metagenomicspractical,m06-sorting_bamfiles.ipynb
https://github.com/lauralwd/metagenomicspractical,m07-binning_part1.ipynb
https://github.com/lauralwd/metagenomicspractical,m08-binning-part2.ipynb
https://github.com/lauralwd/metagenomicspractical,m09-Bin_taxonomy.ipynb
https://github.com/lauralwd/metagenomicspractical,m10-QC_checkm.ipynb
https://github.com/lauralwd/metagenomicspractical,m11-annotation.ipynb
https://github.com/lauralwd/MIKC_tree,MIKC_tree_workflow-basalclades-v1.ipynb
https://github.com/lauralwd/MIKC_tree,MIKC_tree_workflow-basalclades-v2.ipynb
https://github.com/lauralwd/MIKC_tree,MIKC_tree_workflow-basalclades-v3.ipynb
https://github.com/lauralwd/MIKC_tree,MIKC_tree_workflow-basalclades-v4.ipynb
https://github.com/lauralwd/MIKC_tree,MIKC_tree_workflow-basalclades-v5.ipynb
https://github.com/lauralwd/MIKC_tree,MIKC_tree_workflow-basalclades-v6.ipynb
https://github.com/lauralwd/MIKC_tree,MIKC_tree_workflow-basalclades-v7.ipynb
https://github.com/lauralwd/MIKC_tree,MIKC_tree_workflow-basalclades-v8.ipynb
https://github.com/lauralwd/MIKC_tree,MIKC_tree_workflow-basalclades-v9.ipynb
https://github.com/lauralwd/MIKC_tree,MIKC_tree_workflow-v1.ipynb
https://github.com/lauralwd/MIKC_tree,MIKC_tree_workflow-v2.ipynb
https://github.com/lauralwd/MIKC_tree,algal_sequences.ipynb
https://github.com/lcreteig/website,content/post/jupyter/index.ipynb
https://github.com/lcreteig/website,themes/hugo-academic/exampleSite/content/post/jupyter/index.ipynb
https://github.com/leonardovida/decentralized-utrecht-university,courses/dss-course/1-lectures/Tutorials/Week 07 - Tutorial 6 - Answers and explanation.ipynb
https://github.com/leonardovida/decentralized-utrecht-university,courses/dss-course/1-lectures/Tutorials/Week 08 - Answers - Epidemiology with Spark Part 2.ipynb
https://github.com/leonardovida/decentralized-utrecht-university,courses/dss-course/1-lectures/Tutorials/tutorial_5_as_Spark_notebook.ipynb
https://github.com/leonardovida/decentralized-utrecht-university,courses/dss-course/2-assigments/additional_python_class.ipynb
https://github.com/leonardovida/decentralized-utrecht-university,courses/mlhvl/2-assignments/2-ass-2/.ipynb_checkpoints/Notes ml-language class-checkpoint.ipynb
https://github.com/leonardovida/decentralized-utrecht-university,courses/mlhvl/2-assignments/2-ass-2/.ipynb_checkpoints/Torch_Intro-checkpoint.ipynb
https://github.com/leonardovida/decentralized-utrecht-university,courses/mlhvl/2-assignments/2-ass-2/.ipynb_checkpoints/Torch_Intro_completed-checkpoint.ipynb
https://github.com/leonardovida/decentralized-utrecht-university,courses/mlhvl/2-assignments/2-ass-2/Notes ml-language class.ipynb
https://github.com/leonardovida/decentralized-utrecht-university,courses/mlhvl/2-assignments/2-ass-2/Torch_Intro.ipynb
https://github.com/leonardovida/decentralized-utrecht-university,courses/mlhvl/2-assignments/2-ass-2/Torch_Intro_completed.ipynb
https://github.com/leonardovida/decentralized-utrecht-university,courses/mlhvl/2-assignments/3-ass-3/.ipynb_checkpoints/Word_Vectors-checkpoint.ipynb
https://github.com/leonardovida/decentralized-utrecht-university,courses/mlhvl/2-assignments/3-ass-3/Word_Vectors.ipynb
https://github.com/leonardovida/decentralized-utrecht-university,courses/mlhvl/2-assignments/3-ass-3/Word_Vectors_completed_Leonardo_Vida_6557929.ipynb
https://github.com/leonardovida/decentralized-utrecht-university,courses/mlhvl/2-assignments/4-ass-4/.ipynb_checkpoints/POS_RNN-checkpoint.ipynb
https://github.com/leonardovida/decentralized-utrecht-university,courses/mlhvl/2-assignments/4-ass-4/.ipynb_checkpoints/Sequence_RNN-checkpoint.ipynb
https://github.com/leonardovida/decentralized-utrecht-university,courses/mlhvl/2-assignments/4-ass-4/.ipynb_checkpoints/Sequence_RNN_2-checkpoint.ipynb
https://github.com/leonardovida/decentralized-utrecht-university,courses/mlhvl/2-assignments/4-ass-4/.ipynb_checkpoints/Sequence_RNN_2_final-checkpoint.ipynb
https://github.com/leonardovida/decentralized-utrecht-university,courses/mlhvl/2-assignments/4-ass-4/Original.ipynb
https://github.com/leonardovida/decentralized-utrecht-university,courses/mlhvl/2-assignments/4-ass-4/Sequence_RNN.ipynb
https://github.com/leonardovida/decentralized-utrecht-university,courses/mlhvl/2-assignments/4-ass-4/Sequence_RNN_2.ipynb
https://github.com/leonardovida/decentralized-utrecht-university,courses/mlhvl/2-assignments/4-ass-4/Sequence_RNN_2_final.ipynb
https://github.com/leonardovida/vz-assignment,notebooks/1-ljv-VodafoneZiggo-exploration.ipynb
https://github.com/lukavdplas/CLIN30-presentation,analysis.ipynb
https://github.com/lukavdplas/crossword-maker,emptycrosswords2.ipynb
https://github.com/lukavdplas/dutch-verb-matrices,argv-correlation.ipynb
https://github.com/lukavdplas/dutch-verb-matrices,compare-phrases.ipynb
https://github.com/lukavdplas/dutch-verb-matrices,train-verbs-testing.ipynb
https://github.com/lukavdplas/historic-dutch-city-names,RNN.ipynb
https://github.com/MarcelRobeer/ContrastiveExplanation,Contrastive explanation - example usage.ipynb
https://github.com/MaxvanHaastrecht/StreetMap,python/Street Map Medium.ipynb
https://github.com/neurOnur/scLepr,Kakava_scLepr.ipynb
https://github.com/neurOnur/scLepr,analysis/Kakava_scLepr_analysis.ipynb
https://github.com/neurOnur/scLepr,analysis/Kakava_scLepr_analysis_neurons_nonneurons.ipynb
https://github.com/neurOnur/scLepr,figures/Kakava_figures_draft2.ipynb
https://github.com/neurOnur/scLepr,preprocess/Kakava_scLepr_preprocess.ipynb
https://github.com/neurOnur/scRNAseq_course,Seurat_forebrain-1.ipynb
https://github.com/nimota/quants-compl-degs,code/measures_analysis.ipynb
https://github.com/OceanParcels/AntarcticPeninsulaPlastic,plotparticles.ipynb
https://github.com/OceanParcels/bare-bones-parcels,find_cell_curvi_mesh/find_index.ipynb
https://github.com/OceanParcels/CoralDispersion,2D Analysis/.ipynb_checkpoints/Exploratory-checkpoint.ipynb
https://github.com/OceanParcels/CoralDispersion,2D Analysis/AnalysisAnimations.ipynb
https://github.com/OceanParcels/CoralDispersion,2D Analysis/AnalysisBeachingStrategy.ipynb
https://github.com/OceanParcels/CoralDispersion,2D Analysis/AnalysisDensity.ipynb
https://github.com/OceanParcels/CoralDispersion,2D Analysis/AnalysisFlow.ipynb
https://github.com/OceanParcels/CoralDispersion,2D Analysis/AnalysisFresh.ipynb
https://github.com/OceanParcels/CoralDispersion,2D Analysis/AnalysisRunComp.ipynb
https://github.com/OceanParcels/GalapagosBasinPlastic,fishingeffortmap.ipynb
https://github.com/OceanParcels/GalapagosBasinPlastic,galapagos_buoys.ipynb
https://github.com/OceanParcels/GalapagosBasinPlastic,galapagos_plotting.ipynb
https://github.com/OceanParcels/GalapagosBasinPlastic,galapagosrun_americas.ipynb
https://github.com/OceanParcels/GalapagosBasinPlastic,galapagosrun_bwd.ipynb
https://github.com/OceanParcels/GalapagosBasinPlastic,galapagosrun_china.ipynb
https://github.com/OceanParcels/GalapagosBasinPlastic,galapagosrun_fishing.ipynb
https://github.com/OceanParcels/kiel_summer_school_tutorials,exercises/exo1_creating_fieldset.ipynb
https://github.com/OceanParcels/kiel_summer_school_tutorials,exercises/exo2_particle_and_particleset.ipynb
https://github.com/OceanParcels/kiel_summer_school_tutorials,exercises/exo3_stommel_gyre_c_staggered_grid.ipynb
https://github.com/OceanParcels/kiel_summer_school_tutorials,exercises/exo4_arglo_floats.ipynb
https://github.com/OceanParcels/kiel_summer_school_tutorials,solutions/exo1_creating_fieldset.ipynb
https://github.com/OceanParcels/kiel_summer_school_tutorials,solutions/exo2_particle_and_particleset.ipynb
https://github.com/OceanParcels/kiel_summer_school_tutorials,solutions/exo3_stommel_gyre_c_staggered_grid.ipynb
https://github.com/OceanParcels/kiel_summer_school_tutorials,solutions/exo4_arglo_floats.ipynb
https://github.com/OceanParcels/MedForams_Daemmer,plotparticles.ipynb
https://github.com/OceanParcels/MedTurtles_Haywood,plotparticles.ipynb
https://github.com/OceanParcels/Microbes_EAC,plotparticles.ipynb
https://github.com/OceanParcels/parcels,parcels/examples/documentation_MPI.ipynb
https://github.com/OceanParcels/parcels,parcels/examples/documentation_homepage_animation.ipynb
https://github.com/OceanParcels/parcels,parcels/examples/documentation_indexing.ipynb
https://github.com/OceanParcels/parcels,parcels/examples/documentation_stuck_particles.ipynb
https://github.com/OceanParcels/parcels,parcels/examples/documentation_unstuck_Agrid.ipynb
https://github.com/OceanParcels/parcels,parcels/examples/parcels_tutorial.ipynb
https://github.com/OceanParcels/parcels,parcels/examples/tutorial_Agulhasparticles.ipynb
https://github.com/OceanParcels/parcels,parcels/examples/tutorial_Argofloats.ipynb
https://github.com/OceanParcels/parcels,parcels/examples/tutorial_NestedFields.ipynb
https://github.com/OceanParcels/parcels,parcels/examples/tutorial_SummedFields.ipynb
https://github.com/OceanParcels/parcels,parcels/examples/tutorial_analyticaladvection.ipynb
https://github.com/OceanParcels/parcels,parcels/examples/tutorial_delaystart.ipynb
https://github.com/OceanParcels/parcels,parcels/examples/tutorial_diffusion.ipynb
https://github.com/OceanParcels/parcels,parcels/examples/tutorial_interaction.ipynb
https://github.com/OceanParcels/parcels,parcels/examples/tutorial_interpolation.ipynb
https://github.com/OceanParcels/parcels,parcels/examples/tutorial_jit_vs_scipy.ipynb
https://github.com/OceanParcels/parcels,parcels/examples/tutorial_nemo_3D.ipynb
https://github.com/OceanParcels/parcels,parcels/examples/tutorial_nemo_curvilinear.ipynb
https://github.com/OceanParcels/parcels,parcels/examples/tutorial_output.ipynb
https://github.com/OceanParcels/parcels,parcels/examples/tutorial_parcels_structure.ipynb
https://github.com/OceanParcels/parcels,parcels/examples/tutorial_particle_field_interaction.ipynb
https://github.com/OceanParcels/parcels,parcels/examples/tutorial_periodic_boundaries.ipynb
https://github.com/OceanParcels/parcels,parcels/examples/tutorial_plotting.ipynb
https://github.com/OceanParcels/parcels,parcels/examples/tutorial_sampling.ipynb
https://github.com/OceanParcels/parcels,parcels/examples/tutorial_timestamps.ipynb
https://github.com/OceanParcels/parcels,parcels/examples/tutorial_timevaryingdepthdimensions.ipynb
https://github.com/OceanParcels/parcels,parcels/examples/tutorial_unitconverters.ipynb
https://github.com/OceanParcels/Parcelsv0.9Paper_Scripts,experiment_scripts/CorefootprintAnimation.ipynb
https://github.com/OceanParcels/parcels_efficiency,increasing_pset/stommel_npart_scaling.ipynb
https://github.com/OceanParcels/parcels_efficiency,stommel_mpi/stommel_mpi.ipynb
https://github.com/OceanParcels/Plastic_CyprusBeaches,plotparticles.ipynb
https://github.com/OceanParcels/PumiceEvent,pumiceevent_hindcast_plotting.ipynb
https://github.com/OceanParcels/Pumice_global,makeplots.ipynb
https://github.com/OceanParcels/Pumice_global,pumiceevent_aug2019.ipynb
https://github.com/OceanParcels/Sargassum_Drifters,SargassumDrifterAnalysis.ipynb
https://github.com/OceanParcels/Sargassum_Drifters,sargassum_parcels_simulation.ipynb
https://github.com/OceanParcels/SKIM_velocitynoise_floatinglitter,SKIM_velocitynoise_plasticaccumulation_plotting.ipynb
https://github.com/OceanParcels/SKIM_velocitynoise_floatinglitter,SKIM_velocitynoise_plasticaccumulation_running.ipynb
https://github.com/OceanParcels/SKIM_velocitynoise_floatinglitter,SKIMulator_plastic.ipynb
https://github.com/OceanParcels/SKIM_velocitynoise_floatinglitter,SKIMulator_plastic_plotting.ipynb
https://github.com/OceanParcels/Tides_GlobalOceanPlastic,Density/DensityComparison.ipynb
https://github.com/OceanParcels/Tides_GlobalOceanPlastic,Density/DensityDifferences.ipynb
https://github.com/OceanParcels/Tides_GlobalOceanPlastic,Distance/DistanceComparison.ipynb
https://github.com/OceanParcels/Tides_GlobalOceanPlastic,Distance/DistanceDifferences.ipynb
https://github.com/OceanParcels/Tides_GlobalOceanPlastic,Distance/HaversineComparison.ipynb
https://github.com/OceanParcels/Tides_GlobalOceanPlastic,Distance/HaversineDifferences.ipynb
https://github.com/OceanParcels/Tides_GlobalOceanPlastic,Separation/SeparationSpatial.ipynb
https://github.com/OceanParcels/Tides_GlobalOceanPlastic,Tracking/TrackingGC_Beaching_Effect.ipynb
https://github.com/OceanParcels/UtrechtTeam,scripts/Dask_vs_indices.ipynb
https://github.com/outfrenk/Dutch_GIC,notebooks/Class_GIC_notebook-work.ipynb
https://github.com/outfrenk/Dutch_GIC,notebooks/Class_GIC_notebook.ipynb
https://github.com/outfrenk/Dutch_GIC,notebooks/Usage class GIC.ipynb
https://github.com/outfrenk/Dutch_GIC,old_code/Class_GIC(old).ipynb
https://github.com/outfrenk/Dutch_GIC,old_code/Class_GIC-Copy1(old).ipynb
https://github.com/outfrenk/Dutch_GIC,partial_code/Calculating GICs+plot results-LP.ipynb
https://github.com/outfrenk/Dutch_GIC,partial_code/Calculating GICs+plot results.ipynb
https://github.com/outfrenk/Dutch_GIC,partial_code/Calculating GICs+plot results.ipynb.invalid
https://github.com/outfrenk/Dutch_GIC,partial_code/Download data.ipynb
https://github.com/outfrenk/Dutch_GIC,partial_code/GMT_script_overzichtskaart.ipynb
https://github.com/outfrenk/Dutch_GIC,partial_code/LP_method.ipynb
https://github.com/outfrenk/Dutch_GIC,partial_code/Magnetic_data_Observations_minus_model.ipynb
https://github.com/outfrenk/Dutch_GIC,partial_code/Percentages.ipynb
https://github.com/outfrenk/Dutch_GIC,partial_code/Witteveentest.ipynb
https://github.com/outfrenk/Dutch_GIC,partial_code/magnetic-electric_conversion-test.ipynb
https://github.com/outfrenk/Dutch_GIC,partial_code/magnetic-electric_conversion.ipynb
https://github.com/outfrenk/Dutch_GIC,partial_code/main_magnetic_script.ipynb
https://github.com/outfrenk/Dutch_GIC,partial_code/minsec_test.ipynb
https://github.com/outfrenk/Dutch_GIC,partial_code/noodvermogen.ipynb
https://github.com/outfrenk/Dutch_GIC,partial_code/old_GIC_code.ipynb
https://github.com/outfrenk/Dutch_GIC,partial_code/testing_script.ipynb
https://github.com/puregome/notebooks,202005.ipynb
https://github.com/puregome/notebooks,annotated-graphs.ipynb
https://github.com/puregome/notebooks,annotation-graph.ipynb
https://github.com/puregome/notebooks,annotation-results.ipynb
https://github.com/puregome/notebooks,annotation-select.ipynb
https://github.com/puregome/notebooks,antivac-data.ipynb
https://github.com/puregome/notebooks,chatting_users.ipynb
https://github.com/puregome/notebooks,corona-nl-totals.ipynb
https://github.com/puregome/notebooks,coverage.ipynb
https://github.com/puregome/notebooks,crawler-change.ipynb
https://github.com/puregome/notebooks,decrease-vector-file.ipynb
https://github.com/puregome/notebooks,distance.ipynb
https://github.com/puregome/notebooks,domain-adaptation.ipynb
https://github.com/puregome/notebooks,echo-chambers.ipynb
https://github.com/puregome/notebooks,fasttext.ipynb
https://github.com/puregome/notebooks,geo-analysis.ipynb
https://github.com/puregome/notebooks,geo-classification.ipynb
https://github.com/puregome/notebooks,hashtags.ipynb
https://github.com/puregome/notebooks,ieee.ipynb
https://github.com/puregome/notebooks,keyword-frequencies.ipynb
https://github.com/puregome/notebooks,keywords.ipynb
https://github.com/puregome/notebooks,language-identification.ipynb
https://github.com/puregome/notebooks,lda.ipynb
https://github.com/puregome/notebooks,maps.ipynb
https://github.com/puregome/notebooks,nunl-convert-data.ipynb
https://github.com/puregome/notebooks,nunl-counts.ipynb
https://github.com/puregome/notebooks,politics-bash.ipynb
https://github.com/puregome/notebooks,politics-python.ipynb
https://github.com/puregome/notebooks,rate-limit-checks.ipynb
https://github.com/puregome/notebooks,reddit.ipynb
https://github.com/puregome/notebooks,remove-line-feeds.ipynb
https://github.com/puregome/notebooks,report-202005.ipynb
https://github.com/puregome/notebooks,report-202007.ipynb
https://github.com/puregome/notebooks,retweets.ipynb
https://github.com/puregome/notebooks,sentiment-cbs.ipynb
https://github.com/puregome/notebooks,sentiment-pattern.ipynb
https://github.com/puregome/notebooks,sentiment-text.ipynb
https://github.com/puregome/notebooks,sentiment-twiqs.ipynb
https://github.com/puregome/notebooks,sentiment-verified.ipynb
https://github.com/puregome/notebooks,social-distancing-agregate.ipynb
https://github.com/puregome/notebooks,social-distancing-student.ipynb
https://github.com/puregome/notebooks,social-distancing.ipynb
https://github.com/puregome/notebooks,topic-analysis.ipynb
https://github.com/puregome/notebooks,topic-keywords.ipynb
https://github.com/puregome/notebooks,tweet-counts.ipynb
https://github.com/puregome/notebooks,tweet-text-duplicates.ipynb
https://github.com/puregome/notebooks,twitter-counts.ipynb
https://github.com/puregome/notebooks,user-analysis.ipynb
https://github.com/pvankranenburg/ismir2020,ismir2020.ipynb
https://github.com/pvankranenburg/ismir2020,ismir2020_Melisma_IDyOM_LBDM_Baseline.ipynb
https://github.com/pvankranenburg/ismir2020,ismir2020_extract_pgrams.ipynb
https://github.com/pvankranenburg/ismir2020,ismir2020_melisma_IDyOM_sel/.ipynb_checkpoints/shellcommands-checkpoint.txt
https://github.com/pvankranenburg/MTCExtractFeatures,src/AnnotateMeldoy.ipynb
https://github.com/pvankranenburg/MTCExtractFeatures,src/ExtractTextFeatures.ipynb
https://github.com/SanliFaez/MoreIsDifferent,Notebooks2018/Carrier_density_in_doped_semiconductors.ipynb
https://github.com/SanliFaez/MoreIsDifferent,Notebooks2018/Einstein_Debye_heat_capacity.ipynb
https://github.com/SanliFaez/MoreIsDifferent,Notebooks2018/Ising.ipynb
https://github.com/SanliFaez/MoreIsDifferent,Notebooks2018/Neel.ipynb
https://github.com/SanliFaez/MoreIsDifferent,Notebooks2018/Tight_binding_chain_with_disorder.ipynb
https://github.com/SanliFaez/MoreIsDifferent,Notebooks2018/Two_coupled_harmonic_oscillators.ipynb
https://github.com/sarbabi/AnalyzeHighSchoolData,NYShoolsSAT.ipynb
https://github.com/sarbabi/data-analysis-visualizations,Percent Bachelor Degrees Women/Untitled.ipynb
https://github.com/sarbabi/MIATools,dicom_folder_csv_inventory_creator.ipynb
https://github.com/sarbabi/MIATools,dicom_folder_processor.ipynb
https://github.com/sarbabi/MIATools,medical_image_registration_with_simple_elastix.ipynb
https://github.com/sarbabi/movie_ratings_evaluation2016,FandangoSuspicion.ipynb
https://github.com/sarbabi/movie_ratings_evaluation2016,analyzing_movie_reviews.ipynb
https://github.com/sarbabi/multimedia_course,multimedia_in_python.ipynb
https://github.com/ShNadi/OkCupid-project,docs/reports/report1_explore.ipynb
https://github.com/ShNadi/OkCupid-project,docs/reports/report2.ipynb
https://github.com/ShNadi/OkCupid-project,docs/reports/report3.ipynb
https://github.com/ShNadi/OkCupid-project,docs/reports/report4_LSTM.ipynb
https://github.com/ShNadi/OkCupid-project,docs/reports/report4_mege.ipynb
https://github.com/ShNadi/OkCupid-project,docs/reports/report5_metadata.ipynb
https://github.com/ShNadi/OkCupid-project,docs/reports/report6_liwc.ipynb
https://github.com/ShNadi/OkCupid-project,docs/reports/report7_lasso.ipynb
https://github.com/ShNadi/OkCupid-project,src/main.ipynb
https://github.com/ShNadi/review_ebay,review_ebay/src/plot.ipynb
https://github.com/ShNadi/sentinews,src/sentinews/filters_collapsed.ipynb
https://github.com/ShNadi/sentinews,src/sentinews/religion_filter.ipynb
https://github.com/ShNadi/study_motivation,src/.ipynb_checkpoints/motive-checkpoint.ipynb
https://github.com/ShNadi/study_motivation,src/experiment_02-report_03.ipynb
https://github.com/ShNadi/study_motivation,src/final_version_05112021.ipynb
https://github.com/ShNadi/study_motivation,src/logistic_bsa.ipynb
https://github.com/ShNadi/study_motivation,src/svm_bsa.ipynb
https://github.com/ShNadi/study_motivation,src/svm_reenrolled.ipynb
https://github.com/stefanoschmidt1995/LSN_Stefano_Schmidt,LSN_Stefano_Schmidt/ex_1/.ipynb_checkpoints/Ex 1 - Stefano Schmidt-checkpoint.ipynb
https://github.com/stefanoschmidt1995/LSN_Stefano_Schmidt,LSN_Stefano_Schmidt/ex_1/.ipynb_checkpoints/Ex_1-Stefano_Schmidt-checkpoint.ipynb
https://github.com/stefanoschmidt1995/LSN_Stefano_Schmidt,LSN_Stefano_Schmidt/ex_1/.ipynb_checkpoints/LSN_Exercises_01-checkpoint.ipynb
https://github.com/stefanoschmidt1995/LSN_Stefano_Schmidt,LSN_Stefano_Schmidt/ex_1/Ex_1-Stefano_Schmidt.ipynb
https://github.com/stefanoschmidt1995/LSN_Stefano_Schmidt,LSN_Stefano_Schmidt/ex_10/.ipynb_checkpoints/Ex 10 - Stefano Schmidt-checkpoint.ipynb
https://github.com/stefanoschmidt1995/LSN_Stefano_Schmidt,LSN_Stefano_Schmidt/ex_10/.ipynb_checkpoints/Ex_10-Stefano_Schmidt-checkpoint.ipynb
https://github.com/stefanoschmidt1995/LSN_Stefano_Schmidt,LSN_Stefano_Schmidt/ex_10/.ipynb_checkpoints/LSN_Exercises_10-checkpoint.ipynb
https://github.com/stefanoschmidt1995/LSN_Stefano_Schmidt,LSN_Stefano_Schmidt/ex_10/Ex_10-Stefano_Schmidt.ipynb
https://github.com/stefanoschmidt1995/LSN_Stefano_Schmidt,LSN_Stefano_Schmidt/ex_11/.ipynb_checkpoints/Ex 11 - Stefano Schmidt-checkpoint.ipynb
https://github.com/stefanoschmidt1995/LSN_Stefano_Schmidt,LSN_Stefano_Schmidt/ex_11/.ipynb_checkpoints/Ex_11-Stefano_Schmidt-checkpoint.ipynb
https://github.com/stefanoschmidt1995/LSN_Stefano_Schmidt,LSN_Stefano_Schmidt/ex_11/.ipynb_checkpoints/LSN_Exercises_11-checkpoint.ipynb
https://github.com/stefanoschmidt1995/LSN_Stefano_Schmidt,LSN_Stefano_Schmidt/ex_11/.ipynb_checkpoints/LSN_Python_Lecture_05-checkpoint.ipynb
https://github.com/stefanoschmidt1995/LSN_Stefano_Schmidt,LSN_Stefano_Schmidt/ex_11/Ex_11-Stefano_Schmidt.ipynb
https://github.com/stefanoschmidt1995/LSN_Stefano_Schmidt,LSN_Stefano_Schmidt/ex_12/.ipynb_checkpoints/Ex 12 - Stefano Schmidt-checkpoint.ipynb
https://github.com/stefanoschmidt1995/LSN_Stefano_Schmidt,LSN_Stefano_Schmidt/ex_12/.ipynb_checkpoints/Ex_12-Stefano_Schmidt-checkpoint.ipynb
https://github.com/stefanoschmidt1995/LSN_Stefano_Schmidt,LSN_Stefano_Schmidt/ex_12/.ipynb_checkpoints/LSN_Exercises_12-checkpoint.ipynb
https://github.com/stefanoschmidt1995/LSN_Stefano_Schmidt,LSN_Stefano_Schmidt/ex_12/Ex_12-Stefano_Schmidt.ipynb
https://github.com/stefanoschmidt1995/LSN_Stefano_Schmidt,LSN_Stefano_Schmidt/ex_2/.ipynb_checkpoints/Ex 2 - Stefano Schmidt-checkpoint.ipynb
https://github.com/stefanoschmidt1995/LSN_Stefano_Schmidt,LSN_Stefano_Schmidt/ex_2/.ipynb_checkpoints/Ex_2-Stefano_Schmidt-checkpoint.ipynb
https://github.com/stefanoschmidt1995/LSN_Stefano_Schmidt,LSN_Stefano_Schmidt/ex_2/.ipynb_checkpoints/LSN_Exercises_02-checkpoint.ipynb
https://github.com/stefanoschmidt1995/LSN_Stefano_Schmidt,LSN_Stefano_Schmidt/ex_2/Ex_2-Stefano_Schmidt.ipynb
https://github.com/stefanoschmidt1995/LSN_Stefano_Schmidt,LSN_Stefano_Schmidt/ex_3/.ipynb_checkpoints/Ex 3 - Stefano Schmidt-checkpoint.ipynb
https://github.com/stefanoschmidt1995/LSN_Stefano_Schmidt,LSN_Stefano_Schmidt/ex_3/.ipynb_checkpoints/Ex_3-Stefano_Schmidt-checkpoint.ipynb
https://github.com/stefanoschmidt1995/LSN_Stefano_Schmidt,LSN_Stefano_Schmidt/ex_3/.ipynb_checkpoints/LSN_Exercises_03-checkpoint.ipynb
https://github.com/stefanoschmidt1995/LSN_Stefano_Schmidt,LSN_Stefano_Schmidt/ex_3/Ex_3-Stefano_Schmidt.ipynb
https://github.com/stefanoschmidt1995/LSN_Stefano_Schmidt,LSN_Stefano_Schmidt/ex_4/.ipynb_checkpoints/Ex 4 - Stefano Schmidt-checkpoint.ipynb
https://github.com/stefanoschmidt1995/LSN_Stefano_Schmidt,LSN_Stefano_Schmidt/ex_4/.ipynb_checkpoints/Ex_4-Stefano_Schmidt-checkpoint.ipynb
https://github.com/stefanoschmidt1995/LSN_Stefano_Schmidt,LSN_Stefano_Schmidt/ex_4/.ipynb_checkpoints/LSN_Exercises_04-checkpoint.ipynb
https://github.com/stefanoschmidt1995/LSN_Stefano_Schmidt,LSN_Stefano_Schmidt/ex_4/Ex_4-Stefano_Schmidt.ipynb
https://github.com/stefanoschmidt1995/LSN_Stefano_Schmidt,LSN_Stefano_Schmidt/ex_5/.ipynb_checkpoints/Ex 5 - Stefano Schmidt-checkpoint.ipynb
https://github.com/stefanoschmidt1995/LSN_Stefano_Schmidt,LSN_Stefano_Schmidt/ex_5/.ipynb_checkpoints/Ex_5-Stefano_Schmidt-checkpoint.ipynb
https://github.com/stefanoschmidt1995/LSN_Stefano_Schmidt,LSN_Stefano_Schmidt/ex_5/.ipynb_checkpoints/LSN_Exercises_05-checkpoint.ipynb
https://github.com/stefanoschmidt1995/LSN_Stefano_Schmidt,LSN_Stefano_Schmidt/ex_5/Ex_5-Stefano_Schmidt.ipynb
https://github.com/stefanoschmidt1995/LSN_Stefano_Schmidt,LSN_Stefano_Schmidt/ex_6/.ipynb_checkpoints/Ex 6 - Stefano Schmidt-checkpoint.ipynb
https://github.com/stefanoschmidt1995/LSN_Stefano_Schmidt,LSN_Stefano_Schmidt/ex_6/.ipynb_checkpoints/Ex_6-Stefano_Schmidt-checkpoint.ipynb
https://github.com/stefanoschmidt1995/LSN_Stefano_Schmidt,LSN_Stefano_Schmidt/ex_6/.ipynb_checkpoints/LSN_Exercises_06-checkpoint.ipynb
https://github.com/stefanoschmidt1995/LSN_Stefano_Schmidt,LSN_Stefano_Schmidt/ex_6/Ex_6-Stefano_Schmidt.ipynb
https://github.com/stefanoschmidt1995/LSN_Stefano_Schmidt,LSN_Stefano_Schmidt/ex_7/.ipynb_checkpoints/Ex 7 - Stefano Schmidt-checkpoint.ipynb
https://github.com/stefanoschmidt1995/LSN_Stefano_Schmidt,LSN_Stefano_Schmidt/ex_7/.ipynb_checkpoints/Ex_7-Stefano_Schmidt-checkpoint.ipynb
https://github.com/stefanoschmidt1995/LSN_Stefano_Schmidt,LSN_Stefano_Schmidt/ex_7/.ipynb_checkpoints/LSN_Exercises_07-checkpoint.ipynb
https://github.com/stefanoschmidt1995/LSN_Stefano_Schmidt,LSN_Stefano_Schmidt/ex_7/Ex_7-Stefano_Schmidt.ipynb
https://github.com/stefanoschmidt1995/LSN_Stefano_Schmidt,LSN_Stefano_Schmidt/ex_8/.ipynb_checkpoints/Ex 8 - Stefano Schmidt-checkpoint.ipynb
https://github.com/stefanoschmidt1995/LSN_Stefano_Schmidt,LSN_Stefano_Schmidt/ex_8/.ipynb_checkpoints/Ex_8-Stefano_Schmidt-checkpoint.ipynb
https://github.com/stefanoschmidt1995/LSN_Stefano_Schmidt,LSN_Stefano_Schmidt/ex_8/.ipynb_checkpoints/LSN_Exercises_08-checkpoint.ipynb
https://github.com/stefanoschmidt1995/LSN_Stefano_Schmidt,LSN_Stefano_Schmidt/ex_8/Ex_8-Stefano_Schmidt.ipynb
https://github.com/stefanoschmidt1995/LSN_Stefano_Schmidt,LSN_Stefano_Schmidt/ex_9/.ipynb_checkpoints/Ex 9 - Stefano Schmidt-checkpoint.ipynb
https://github.com/stefanoschmidt1995/LSN_Stefano_Schmidt,LSN_Stefano_Schmidt/ex_9/.ipynb_checkpoints/Ex_9-Stefano_Schmidt-checkpoint.ipynb
https://github.com/stefanoschmidt1995/LSN_Stefano_Schmidt,LSN_Stefano_Schmidt/ex_9/.ipynb_checkpoints/LSN_Exercises_09-checkpoint.ipynb
https://github.com/stefanoschmidt1995/LSN_Stefano_Schmidt,LSN_Stefano_Schmidt/ex_9/Ex_9-Stefano_Schmidt.ipynb
https://github.com/stefanoschmidt1995/MLGW,tries_checks/checks/.ipynb_checkpoints/Untitled-checkpoint.ipynb
https://github.com/stefanoschmidt1995/MLGW,tries_checks/routines/old_definitive/Definitive_s_0_model.ipynb
https://github.com/stefanoschmidt1995/MLGW,tries_checks/tries/.ipynb_checkpoints/MoE_fit-checkpoint.ipynb
https://github.com/stefanoschmidt1995/MLGW,tries_checks/tries/.ipynb_checkpoints/PCA_components_discoveries-checkpoint.ipynb
https://github.com/stefanoschmidt1995/MLGW,tries_checks/tries/.ipynb_checkpoints/Test_MoE_model-checkpoint.ipynb
https://github.com/stefanoschmidt1995/MLGW,tries_checks/tries/.ipynb_checkpoints/check_PCA_and_dataset-checkpoint.ipynb
https://github.com/stefanoschmidt1995/MLGW,tries_checks/tries/.ipynb_checkpoints/check_PCA_and_dataset_amp-checkpoint.ipynb
https://github.com/stefanoschmidt1995/MLGW,tries_checks/tries/.ipynb_checkpoints/check_PC_correlation-checkpoint.ipynb
https://github.com/stefanoschmidt1995/MLGW,tries_checks/tries/.ipynb_checkpoints/explore_params-checkpoint.ipynb
https://github.com/stefanoschmidt1995/MLGW,tries_checks/tries/MoE_fit.ipynb
https://github.com/stefanoschmidt1995/MLGW,tries_checks/tries/PCA_components_discoveries.ipynb
https://github.com/stefanoschmidt1995/MLGW,tries_checks/tries/Test_MoE_model.ipynb
https://github.com/stefanoschmidt1995/MLGW,tries_checks/tries/check_PCA_and_dataset.ipynb
https://github.com/stefanoschmidt1995/MLGW,tries_checks/tries/check_PCA_and_dataset_amp.ipynb
https://github.com/stefanoschmidt1995/MLGW,tries_checks/tries/check_PC_correlation.ipynb
https://github.com/stefanoschmidt1995/MLGW,tries_checks/tries/explore_params.ipynb
https://github.com/stefvanbuuren/starter-academic,exampleSite/content/post/jupyter/index.ipynb
https://github.com/UtrechtUniversity/anonymouus,anonymouus/examples/try_testing.ipynb
https://github.com/UtrechtUniversity/datascienceday-2018,Python/DataScienceDay_2018_SideProgram_Python.ipynb
https://github.com/UtrechtUniversity/datascienceday-2018,R/DataScienceDay_2018_SideProgram_R.ipynb
https://github.com/UtrechtUniversity/GitMiller,example/test.ipynb
https://github.com/UtrechtUniversity/hist-aware,notebooks/backups-notebooks/0_text_selection_backup-prelist.ipynb
https://github.com/UtrechtUniversity/hist-aware,notebooks/backups-notebooks/1_text_selection_p_inverted.ipynb
https://github.com/UtrechtUniversity/hist-aware,notebooks/backups-notebooks/ocr_correction_gensim.ipynb
https://github.com/UtrechtUniversity/hist-aware,notebooks/backups-notebooks/ocr_correction_transformer.ipynb
https://github.com/UtrechtUniversity/hist-aware,notebooks/backups-notebooks/similarity_fasttext.ipynb
https://github.com/UtrechtUniversity/hist-aware,notebooks/backups-notebooks/similarity_nb_tfidf.ipynb
https://github.com/UtrechtUniversity/hist-aware,notebooks/backups-notebooks/topic_modeling.ipynb
https://github.com/UtrechtUniversity/hist-aware,notebooks/data-processing/DATA_analyses_lables.ipynb
https://github.com/UtrechtUniversity/hist-aware,notebooks/data-processing/DATA_merge_labeled_kappascoring.ipynb
https://github.com/UtrechtUniversity/hist-aware,notebooks/data-processing/DATA_process_labeled_data.ipynb
https://github.com/UtrechtUniversity/hist-aware,notebooks/data-processing/DATA_split_complete_labeled.ipynb
https://github.com/UtrechtUniversity/hist-aware,notebooks/data-processing/DATA_split_merged.ipynb
https://github.com/UtrechtUniversity/hist-aware,notebooks/data-processing/DATA_unite_divided_labeled.ipynb
https://github.com/UtrechtUniversity/hist-aware,notebooks/data-processing/words_frequency.ipynb
https://github.com/UtrechtUniversity/hist-aware,notebooks/models/bert-fine-tuning-existing/BERT_hf_finetuning.ipynb
https://github.com/UtrechtUniversity/hist-aware,notebooks/models/bert-fine-tuning-existing/BERT_hf_predict.ipynb
https://github.com/UtrechtUniversity/hist-aware,notebooks/models/bert-fine-tuning-existing/old/BERT_create_dataset_and_training.ipynb
https://github.com/UtrechtUniversity/hist-aware,notebooks/models/bert-fine-tuning-existing/old/BERT_finetuning_sentiment_analysis.ipynb
https://github.com/UtrechtUniversity/hist-aware,notebooks/models/bert-fine-tuning-existing/old/BERT_manual_training.ipynb
https://github.com/UtrechtUniversity/hist-aware,notebooks/models/bert-training-from-scratch/1_BERT_dataset_cleaning_test.ipynb
https://github.com/UtrechtUniversity/hist-aware,notebooks/models/bert-training-from-scratch/1_BERT_dataset_pre-processing.ipynb
https://github.com/UtrechtUniversity/hist-aware,notebooks/models/bert-training-from-scratch/2_BERT_tokenizer.ipynb
https://github.com/UtrechtUniversity/hist-aware,notebooks/models/bert-training-from-scratch/3_BERT_dataset_pre-training.ipynb
https://github.com/UtrechtUniversity/hist-aware,notebooks/models/bert-training-from-scratch/4_BERT_train.ipynb
https://github.com/UtrechtUniversity/hist-aware,notebooks/models/bert-training-from-scratch/old/old_BERT_data_preprocess_to_txt.ipynb
https://github.com/UtrechtUniversity/hist-aware,notebooks/models/cnn/predict_cnn.ipynb
https://github.com/UtrechtUniversity/hist-aware,notebooks/models/cnn/train_cnn_model.ipynb
https://github.com/UtrechtUniversity/hist-aware,notebooks/models/fasttext/FASTTEXT_training.ipynb
https://github.com/UtrechtUniversity/hist-aware,notebooks/models/tfidf-nb/Naive_bayes_SVC.ipynb
https://github.com/UtrechtUniversity/R-data-cafe,exercises/practiceTidyverse/notebookDataHandlinginR.ipynb
https://github.com/UtrechtUniversity/R-data-cafe,exercises/practiceTidyverse/notebookDataHandlinginRwithTidyverse.ipynb
https://github.com/UtrechtUniversity/workshop-computational-reproducibility,templates/Python/demo.ipynb
https://github.com/UU-Hydro/RiverScape,scripts/biodiversity_evaluation.ipynb
https://github.com/UU-Hydro/RiverScape,scripts/biosafe.ipynb
https://github.com/UU-Hydro/RiverScape,scripts/cost_evaluation.ipynb
https://github.com/UU-Hydro/RiverScape,scripts/intervention_planning.ipynb
https://github.com/UU-Hydro/RiverScape,scripts/landowner_evaluation.ipynb
https://github.com/UU-Hydro/RiverScape,scripts/measure_evaluation.ipynb
https://github.com/vmenger/cluster-ensembles,cluster_ensemble.ipynb
https://github.com/vmenger/violence-risk-assessment,1. train_paragraph2vec_model.ipynb
https://github.com/vmenger/violence-risk-assessment,2. integrate_dataset.ipynb
https://github.com/vmenger/violence-risk-assessment,3. exploratory_analysis.ipynb
https://github.com/vmenger/violence-risk-assessment,4. train_classification_model.ipynb
https://github.com/vmenger/violence-risk-assessment,5. evaluate_models.ipynb
