html_url_repository,topic,date
https://github.com/alexandrosstergiou/Bootstrap-for-polling,bootstrap,2021-12-04
https://github.com/alexandrosstergiou/Bootstrap-for-polling,data-analysis,2021-12-04
https://github.com/alexandrosstergiou/Bootstrap-for-polling,data-normalization,2021-12-04
https://github.com/alexandrosstergiou/Bootstrap-for-polling,data-science,2021-12-04
https://github.com/alexandrosstergiou/Bootstrap-for-polling,decision-making,2021-12-04
https://github.com/alexandrosstergiou/Bootstrap-for-polling,nearest-neighbor,2021-12-04
https://github.com/alexandrosstergiou/Bootstrap-for-polling,opinion-polls,2021-12-04
https://github.com/alexandrosstergiou/Bootstrap-for-polling,pandas-dataframe,2021-12-04
https://github.com/alexandrosstergiou/Class_Feature_Visualization_Pyramid,3d-cnn,2021-12-04
https://github.com/alexandrosstergiou/Class_Feature_Visualization_Pyramid,layer-wise-saliency,2021-12-04
https://github.com/alexandrosstergiou/Class_Feature_Visualization_Pyramid,pytorch,2021-12-04
https://github.com/alexandrosstergiou/Class_Feature_Visualization_Pyramid,saliency-tubes,2021-12-04
https://github.com/alexandrosstergiou/Class_Feature_Visualization_Pyramid,visual-explanations,2021-12-04
https://github.com/alexandrosstergiou/Inception_v3_TV_Human_Interactions,grad-cam,2021-12-04
https://github.com/alexandrosstergiou/Inception_v3_TV_Human_Interactions,keras-inception,2021-12-04
https://github.com/alexandrosstergiou/Inception_v3_TV_Human_Interactions,keras-tensorflow,2021-12-04
https://github.com/alexandrosstergiou/Inception_v3_TV_Human_Interactions,transfer-learning,2021-12-04
https://github.com/alexandrosstergiou/Inception_v3_TV_Human_Interactions,tv-human-interactions,2021-12-04
https://github.com/alexandrosstergiou/keras-DepthwiseConv3D,3d-convolutions,2021-12-04
https://github.com/alexandrosstergiou/keras-DepthwiseConv3D,depthwise-separable-convolutions,2021-12-04
https://github.com/alexandrosstergiou/keras-DepthwiseConv3D,keras-tensorflow,2021-12-04
https://github.com/alexandrosstergiou/keras-DepthwiseConv3D,separable-convolutions,2021-12-04
https://github.com/alexandrosstergiou/Saliency-Tubes-Visual-Explanations-for-Spatio-Temporal-Convolutions,3d-cnn,2021-12-04
https://github.com/alexandrosstergiou/Saliency-Tubes-Visual-Explanations-for-Spatio-Temporal-Convolutions,3d-convolutional-network,2021-12-04
https://github.com/alexandrosstergiou/Saliency-Tubes-Visual-Explanations-for-Spatio-Temporal-Convolutions,keras,2021-12-04
https://github.com/alexandrosstergiou/Saliency-Tubes-Visual-Explanations-for-Spatio-Temporal-Convolutions,pytorch,2021-12-04
https://github.com/alexandrosstergiou/Saliency-Tubes-Visual-Explanations-for-Spatio-Temporal-Convolutions,saliency-tubes,2021-12-04
https://github.com/alexandrosstergiou/Saliency-Tubes-Visual-Explanations-for-Spatio-Temporal-Convolutions,visualisations,2021-12-04
https://github.com/alexandrosstergiou/Squeeze-and-Recursion-Temporal-Gates,3d-cnn,2021-12-04
https://github.com/alexandrosstergiou/Squeeze-and-Recursion-Temporal-Gates,action-recognition,2021-12-04
https://github.com/alexandrosstergiou/Squeeze-and-Recursion-Temporal-Gates,activity-recognition,2021-12-04
https://github.com/alexandrosstergiou/Squeeze-and-Recursion-Temporal-Gates,hacs,2021-12-04
https://github.com/alexandrosstergiou/Squeeze-and-Recursion-Temporal-Gates,kinetics-datasets,2021-12-04
https://github.com/alexandrosstergiou/Squeeze-and-Recursion-Temporal-Gates,moments-in-time,2021-12-04
https://github.com/alexandrosstergiou/Squeeze-and-Recursion-Temporal-Gates,pytorch,2021-12-04
https://github.com/alexandrosstergiou/Squeeze-and-Recursion-Temporal-Gates,recursion-temporal-gates,2021-12-04
https://github.com/alexandrosstergiou/Squeeze-and-Recursion-Temporal-Gates,spatio-temporal-modeling,2021-12-04
https://github.com/alexandrosstergiou/TensorflowPlayground,deep-learning,2021-12-04
https://github.com/alexandrosstergiou/TensorflowPlayground,keras,2021-12-04
https://github.com/alexandrosstergiou/TensorflowPlayground,keras-neural-networks,2021-12-04
https://github.com/alexandrosstergiou/TensorflowPlayground,mnist-dataset,2021-12-04
https://github.com/alexandrosstergiou/TensorflowPlayground,neural-networks,2021-12-04
https://github.com/alexandrosstergiou/TensorflowPlayground,python,2021-12-04
https://github.com/alexandrosstergiou/TensorflowPlayground,tensorflow,2021-12-04
https://github.com/alexandrosstergiou/Traffic-Sign-Recognition-basd-on-Synthesised-Training-Data,automated,2021-12-04
https://github.com/alexandrosstergiou/Traffic-Sign-Recognition-basd-on-Synthesised-Training-Data,computer-vision,2021-12-04
https://github.com/alexandrosstergiou/Traffic-Sign-Recognition-basd-on-Synthesised-Training-Data,convolutional-neural-networks,2021-12-04
https://github.com/alexandrosstergiou/Traffic-Sign-Recognition-basd-on-Synthesised-Training-Data,data-generation,2021-12-04
https://github.com/alexandrosstergiou/Traffic-Sign-Recognition-basd-on-Synthesised-Training-Data,deep-learning,2021-12-04
https://github.com/alexandrosstergiou/Traffic-Sign-Recognition-basd-on-Synthesised-Training-Data,driver-assistant,2021-12-04
https://github.com/alexandrosstergiou/Traffic-Sign-Recognition-basd-on-Synthesised-Training-Data,image-manipulation,2021-12-04
https://github.com/alexandrosstergiou/Traffic-Sign-Recognition-basd-on-Synthesised-Training-Data,image-processing,2021-12-04
https://github.com/alexandrosstergiou/Traffic-Sign-Recognition-basd-on-Synthesised-Training-Data,keras,2021-12-04
https://github.com/alexandrosstergiou/Traffic-Sign-Recognition-basd-on-Synthesised-Training-Data,keras-neural-networks,2021-12-04
https://github.com/alexandrosstergiou/Traffic-Sign-Recognition-basd-on-Synthesised-Training-Data,machine-learning,2021-12-04
https://github.com/alexandrosstergiou/Traffic-Sign-Recognition-basd-on-Synthesised-Training-Data,synthetic-data,2021-12-04
https://github.com/alexandrosstergiou/Traffic-Sign-Recognition-basd-on-Synthesised-Training-Data,synthetic-images,2021-12-04
https://github.com/alexandrosstergiou/Traffic-Sign-Recognition-basd-on-Synthesised-Training-Data,traffic-sign-classification,2021-12-04
https://github.com/alexandrosstergiou/video2spectrogram,audio-extractor,2021-12-04
https://github.com/alexandrosstergiou/video2spectrogram,audio-processing,2021-12-04
https://github.com/alexandrosstergiou/video2spectrogram,spectrogram,2021-12-04
https://github.com/alexandrosstergiou/video2spectrogram,wav,2021-12-04
https://github.com/amices/dsMice,chained-equations,2021-12-04
https://github.com/amices/dsMice,datashield,2021-12-04
https://github.com/amices/dsMice,imputation,2021-12-04
https://github.com/amices/dsMice,mice,2021-12-04
https://github.com/amices/dsMiceClient,chained-equations,2021-12-04
https://github.com/amices/dsMiceClient,datashield,2021-12-04
https://github.com/amices/dsMiceClient,imputation,2021-12-04
https://github.com/amices/dsMiceClient,mice,2021-12-04
https://github.com/amices/mice,chained-equations,2021-12-04
https://github.com/amices/mice,fcs,2021-12-04
https://github.com/amices/mice,imputation,2021-12-04
https://github.com/amices/mice,mice,2021-12-04
https://github.com/amices/mice,missing-data,2021-12-04
https://github.com/amices/mice,missing-values,2021-12-04
https://github.com/amices/mice,multiple-imputation,2021-12-04
https://github.com/amices/mice,multivariate-data,2021-12-04
https://github.com/arnobastenhof/oberon,compilers,2021-12-04
https://github.com/arnobastenhof/oberon,oberon,2021-12-04
https://github.com/arnobastenhof/oberon,risc,2021-12-04
https://github.com/aromanowski/group-website,jekyll-site,2021-12-04
https://github.com/aromanowski/group-website,websites,2021-12-04
https://github.com/asreview/asreview,active-learning,2021-12-04
https://github.com/asreview/asreview,asreview,2021-12-04
https://github.com/asreview/asreview,covid-19,2021-12-04
https://github.com/asreview/asreview,deep-learning,2021-12-04
https://github.com/asreview/asreview,learning-algorithms,2021-12-04
https://github.com/asreview/asreview,literature,2021-12-04
https://github.com/asreview/asreview,research,2021-12-04
https://github.com/asreview/asreview,systematic-literature-reviews,2021-12-04
https://github.com/asreview/asreview,systematic-reviews,2021-12-04
https://github.com/asreview/asreview,utrecht-university,2021-12-04
https://github.com/asreview/asreview-artwork,asreview,2021-12-04
https://github.com/asreview/asreview-artwork,logo,2021-12-04
https://github.com/asreview/asreview-artwork,systematic-literature-reviews,2021-12-04
https://github.com/asreview/asreview-artwork,systematic-reviews,2021-12-04
https://github.com/asreview/asreview-covid19,asreview,2021-12-04
https://github.com/asreview/asreview-covid19,cord-19,2021-12-04
https://github.com/asreview/asreview-covid19,cord-19-dataset,2021-12-04
https://github.com/asreview/asreview-covid19,coronavirus,2021-12-04
https://github.com/asreview/asreview-covid19,covid-19,2021-12-04
https://github.com/asreview/asreview-covid19,covid19-data,2021-12-04
https://github.com/asreview/asreview-covid19,dataset,2021-12-04
https://github.com/asreview/asreview-covid19,learning-algorithms,2021-12-04
https://github.com/asreview/asreview-covid19,machine-learning,2021-12-04
https://github.com/asreview/asreview-covid19,papers,2021-12-04
https://github.com/asreview/asreview-covid19,plugin,2021-12-04
https://github.com/asreview/asreview-covid19,preprints,2021-12-04
https://github.com/asreview/asreview-covid19,python,2021-12-04
https://github.com/asreview/asreview-covid19,systematic-reviews,2021-12-04
https://github.com/asreview/asreview-covid19,utrecht-university,2021-12-04
https://github.com/asreview/asreview-extension-vocab-extractor,asreview,2021-12-04
https://github.com/asreview/asreview-hyperopt,asreview,2021-12-04
https://github.com/asreview/asreview-hyperopt,balance-strategy,2021-12-04
https://github.com/asreview/asreview-hyperopt,feature-extraction,2021-12-04
https://github.com/asreview/asreview-hyperopt,hyper-parameters,2021-12-04
https://github.com/asreview/asreview-hyperopt,hyperopt,2021-12-04
https://github.com/asreview/asreview-hyperopt,optimization,2021-12-04
https://github.com/asreview/asreview-hyperopt,utrecht-university,2021-12-04
https://github.com/asreview/asreview-multilingual-feature-extractor,asreview,2021-12-04
https://github.com/asreview/asreview-multilingual-feature-extractor,feature-extraction,2021-12-04
https://github.com/asreview/asreview-multilingual-feature-extractor,multilingual,2021-12-04
https://github.com/asreview/asreview-multilingual-feature-extractor,sentence-transformers,2021-12-04
https://github.com/asreview/asreview-project-files-testing,asreview,2021-12-04
https://github.com/asreview/asreview-ranking-stability,asreview,2021-12-04
https://github.com/asreview/asreview-simulation-time,asreview,2021-12-04
https://github.com/asreview/asreview-statistics,asreview,2021-12-04
https://github.com/asreview/asreview-statistics,plugin,2021-12-04
https://github.com/asreview/asreview-statistics,systematic-literature-reviews,2021-12-04
https://github.com/asreview/asreview-statistics,systematic-reviews,2021-12-04
https://github.com/asreview/asreview-visualization,active-learning,2021-12-04
https://github.com/asreview/asreview-visualization,asreview,2021-12-04
https://github.com/asreview/asreview-visualization,discovery,2021-12-04
https://github.com/asreview/asreview-visualization,plot,2021-12-04
https://github.com/asreview/asreview-visualization,utrecht-university,2021-12-04
https://github.com/asreview/asreview-visualization,visualization,2021-12-04
https://github.com/asreview/asreview-wordcloud,asreview,2021-12-04
https://github.com/asreview/asreview-wordcloud,systematic-literature-reviews,2021-12-04
https://github.com/asreview/asreview-wordcloud,systematic-reviews,2021-12-04
https://github.com/asreview/asreview-wordcloud,utrecht-university,2021-12-04
https://github.com/asreview/asreview-wordcloud,wordcloud,2021-12-04
https://github.com/asreview/automated-systematic-review-simulations,active-learning,2021-12-04
https://github.com/asreview/automated-systematic-review-simulations,deep-learning,2021-12-04
https://github.com/asreview/automated-systematic-review-simulations,research,2021-12-04
https://github.com/asreview/automated-systematic-review-simulations,systematic-literature-reviews,2021-12-04
https://github.com/asreview/automated-systematic-review-simulations,systematic-reviews,2021-12-04
https://github.com/asreview/paper-asreview,asreview,2021-12-04
https://github.com/asreview/paper-asreview,paper-asreview,2021-12-04
https://github.com/asreview/paper-depression-brouwer-simulation-ATD,active-learning,2021-12-04
https://github.com/asreview/paper-depression-brouwer-simulation-ATD,asreview,2021-12-04
https://github.com/asreview/paper-depression-brouwer-simulation-ATD,machine-learning,2021-12-04
https://github.com/asreview/paper-depression-brouwer-simulation-ATD,mega-meta,2021-12-04
https://github.com/asreview/paper-guidelines-KIFMS,asreview,2021-12-04
https://github.com/asreview/paper-guidelines-KIFMS,medical,2021-12-04
https://github.com/asreview/paper-guidelines-KIFMS,medical-guidelines,2021-12-04
https://github.com/asreview/paper-guidelines-KIFMS,python,2021-12-04
https://github.com/asreview/paper-guidelines-KIFMS,systematic-reviews,2021-12-04
https://github.com/asreview/paper-guidelines-KIFMS,systematic-reviews-datasets,2021-12-04
https://github.com/asreview/paper-guidelines-KIFMS,utrecht-university,2021-12-04
https://github.com/asreview/paper-megameta-hyperparameter-training,active-learning,2021-12-04
https://github.com/asreview/paper-megameta-hyperparameter-training,asreview,2021-12-04
https://github.com/asreview/paper-megameta-hyperparameter-training,hyperparameter-optimization,2021-12-04
https://github.com/asreview/paper-megameta-hyperparameter-training,machine-learning,2021-12-04
https://github.com/asreview/paper-megameta-hyperparameter-training,mega-meta,2021-12-04
https://github.com/asreview/paper-megameta-postprocessing-screeningresults,asreview,2021-12-04
https://github.com/asreview/paper-megameta-postprocessing-screeningresults,deduplication,2021-12-04
https://github.com/asreview/paper-megameta-postprocessing-screeningresults,mega-meta,2021-12-04
https://github.com/asreview/paper-megameta-postprocessing-screeningresults,systematic-review,2021-12-04
https://github.com/asreview/paper-simulating-risk-analysis-documents-KNMP,asreview,2021-12-04
https://github.com/asreview/paper-simulating-risk-analysis-documents-KNMP,knmp,2021-12-04
https://github.com/asreview/paper-simulating-risk-analysis-documents-KNMP,risk-analysis-document,2021-12-04
https://github.com/asreview/paper-simulating-risk-analysis-documents-KNMP,simulation,2021-12-04
https://github.com/asreview/semantic-clusters,asreview,2021-12-04
https://github.com/asreview/semantic-clusters,clustering,2021-12-04
https://github.com/asreview/semantic-clusters,systematic-reviews,2021-12-04
https://github.com/asreview/systematic-review-datasets,asreview,2021-12-04
https://github.com/asreview/systematic-review-datasets,csv-files,2021-12-04
https://github.com/asreview/systematic-review-datasets,datasets,2021-12-04
https://github.com/asreview/systematic-review-datasets,ris,2021-12-04
https://github.com/asreview/systematic-review-datasets,ris-files,2021-12-04
https://github.com/asreview/systematic-review-datasets,systematic-reviews-datasets,2021-12-04
https://github.com/asreview/systematic-review-datasets,utrecht-university,2021-12-04
https://github.com/asreview/template-extension-new-dataset,asreview,2021-12-04
https://github.com/asreview/template-extension-new-model,asreview,2021-12-04
https://github.com/basm92/hdng,hdng,2021-12-04
https://github.com/basm92/hdng,r,2021-12-04
https://github.com/basm92/hdng,rpackage,2021-12-04
https://github.com/basm92/hdng,rstats-package,2021-12-04
https://github.com/bozso/clapplot,plot,2021-12-04
https://github.com/bozso/clapplot,plotter,2021-12-04
https://github.com/bozso/clapplot,plotting,2021-12-04
https://github.com/bozso/clapplot,rust,2021-12-04
https://github.com/bozso/clapplot,rust-lang,2021-12-04
https://github.com/bozso/clapplot,rust-library,2021-12-04
https://github.com/bozso/clapplot,rustlang,2021-12-04
https://github.com/bozso/clapplot,terminal,2021-12-04
https://github.com/bozso/clapplot,terminal-app,2021-12-04
https://github.com/bozso/clapplot,terminal-based,2021-12-04
https://github.com/bozso/dotfiles,bash,2021-12-04
https://github.com/bozso/dotfiles,bash-alias,2021-12-04
https://github.com/bozso/dotfiles,bash-script,2021-12-04
https://github.com/bozso/dotfiles,bash-scripting,2021-12-04
https://github.com/bozso/dotfiles,bashrc,2021-12-04
https://github.com/bozso/dotfiles,config,2021-12-04
https://github.com/bozso/dotfiles,configs,2021-12-04
https://github.com/bozso/dotfiles,configuration,2021-12-04
https://github.com/bozso/dotfiles,dotfiles,2021-12-04
https://github.com/bozso/dotfiles,shell,2021-12-04
https://github.com/bozso/dotfiles,shell-script,2021-12-04
https://github.com/bozso/dotfiles,shell-scripting,2021-12-04
https://github.com/bozso/dotfiles,shell-scripts,2021-12-04
https://github.com/bozso/dotfiles,shellscript,2021-12-04
https://github.com/bozso/gomma,go,2021-12-04
https://github.com/bozso/gomma,golang,2021-12-04
https://github.com/bozso/gomma,golang-application,2021-12-04
https://github.com/bozso/gomma,golang-library,2021-12-04
https://github.com/bozso/gomma,golang-package,2021-12-04
https://github.com/bozso/gomma,golang-wrapper,2021-12-04
https://github.com/bozso/gomma,insar,2021-12-04
https://github.com/bozso/gomma,remote-sensing,2021-12-04
https://github.com/bozso/gomma,sar,2021-12-04
https://github.com/bozso/gotoolbox,go,2021-12-04
https://github.com/bozso/gotoolbox,go-lang,2021-12-04
https://github.com/bozso/gotoolbox,go-library,2021-12-04
https://github.com/bozso/gotoolbox,go-package,2021-12-04
https://github.com/bozso/gotoolbox,golang,2021-12-04
https://github.com/bozso/gotoolbox,golang-application,2021-12-04
https://github.com/bozso/gotoolbox,golang-library,2021-12-04
https://github.com/bozso/gotoolbox,golang-module,2021-12-04
https://github.com/bozso/gotoolbox,golang-package,2021-12-04
https://github.com/bozso/gotoolbox,golang-tools,2021-12-04
https://github.com/bozso/gotoolbox,toolbox,2021-12-04
https://github.com/bozso/gotoolbox,tools,2021-12-04
https://github.com/bozso/gotoolbox,util,2021-12-04
https://github.com/bozso/gotoolbox,utilities,2021-12-04
https://github.com/bozso/gotoolbox,utility,2021-12-04
https://github.com/bozso/gotoolbox,utility-library,2021-12-04
https://github.com/bozso/gotoolbox,utils,2021-12-04
https://github.com/bozso/insar_meteo,c,2021-12-04
https://github.com/bozso/insar_meteo,cpp,2021-12-04
https://github.com/bozso/insar_meteo,cpp11,2021-12-04
https://github.com/bozso/insar_meteo,daisy,2021-12-04
https://github.com/bozso/insar_meteo,insar,2021-12-04
https://github.com/bozso/insar_meteo,interferometric-processing,2021-12-04
https://github.com/bozso/insar_meteo,interferometry,2021-12-04
https://github.com/bozso/insar_meteo,matlab,2021-12-04
https://github.com/bozso/insar_meteo,python,2021-12-04
https://github.com/bozso/insar_meteo,python3,2021-12-04
https://github.com/bozso/insar_meteo,sar,2021-12-04
https://github.com/bozso/insar_meteo,sar-images,2021-12-04
https://github.com/bozso/pygomma,insar,2021-12-04
https://github.com/bozso/pygomma,python,2021-12-04
https://github.com/bozso/pygomma,python-library,2021-12-04
https://github.com/bozso/pygomma,python-script,2021-12-04
https://github.com/bozso/pygomma,python3,2021-12-04
https://github.com/bozso/pygomma,remote-sensing,2021-12-04
https://github.com/bozso/pygomma,sar,2021-12-04
https://github.com/bozso/pygomma,script,2021-12-04
https://github.com/bozso/pygomma,scripting,2021-12-04
https://github.com/bozso/pygomma,scripts,2021-12-04
https://github.com/bozso/pygomma,wrapper,2021-12-04
https://github.com/bozso/pygomma,wrapper-library,2021-12-04
https://github.com/bozso/pygomma,wrapper-script,2021-12-04
https://github.com/bozso/rstoolbox,rust,2021-12-04
https://github.com/bozso/rstoolbox,rust-crate,2021-12-04
https://github.com/bozso/rstoolbox,rust-lang,2021-12-04
https://github.com/bozso/rstoolbox,rust-library,2021-12-04
https://github.com/bozso/rstoolbox,rustlang,2021-12-04
https://github.com/bozso/rstoolbox,tool,2021-12-04
https://github.com/bozso/rstoolbox,toolbox,2021-12-04
https://github.com/bozso/rstoolbox,tools,2021-12-04
https://github.com/bozso/rstoolbox,util,2021-12-04
https://github.com/bozso/rstoolbox,utilities,2021-12-04
https://github.com/bozso/rstoolbox,utility,2021-12-04
https://github.com/bozso/rstoolbox,utility-library,2021-12-04
https://github.com/bozso/templates,bootstrap-theme,2021-12-04
https://github.com/bozso/templates,bootstrap4,2021-12-04
https://github.com/bozso/templates,go,2021-12-04
https://github.com/bozso/templates,go-lang,2021-12-04
https://github.com/bozso/templates,go-template,2021-12-04
https://github.com/bozso/templates,golang,2021-12-04
https://github.com/bozso/templates,html,2021-12-04
https://github.com/bozso/templates,html-css,2021-12-04
https://github.com/bozso/templates,html-template,2021-12-04
https://github.com/bozso/templates,html5,2021-12-04
https://github.com/bozso/templates,template,2021-12-04
https://github.com/bozso/templates,template-engine,2021-12-04
https://github.com/bozso/templates,template-repository,2021-12-04
https://github.com/bozso/templates,templates,2021-12-04
https://github.com/bozso/texfiles,latex,2021-12-04
https://github.com/bozso/texfiles,latex-beamer,2021-12-04
https://github.com/bozso/utils,gnuplot,2021-12-04
https://github.com/bozso/utils,python,2021-12-04
https://github.com/bozso/utils,python27,2021-12-04
https://github.com/bozso/utils,python3,2021-12-04
https://github.com/bozso/utils,utilities,2021-12-04
https://github.com/bozso/utils,utility,2021-12-04
https://github.com/bozso/utils,utils,2021-12-04
https://github.com/bozso/utils,wrapper,2021-12-04
https://github.com/brentp/bigly,bioinformatics,2021-12-04
https://github.com/brentp/bigly,genomics,2021-12-04
https://github.com/brentp/bigwig-nim,bigbed,2021-12-04
https://github.com/brentp/bigwig-nim,bigwig,2021-12-04
https://github.com/brentp/bigwig-nim,genomics,2021-12-04
https://github.com/brentp/bigwig-nim,high-throughput-sequencing,2021-12-04
https://github.com/brentp/bigwig-nim,nim,2021-12-04
https://github.com/brentp/bigwig-nim,nim-lang,2021-12-04
https://github.com/brentp/bpbio,bam,2021-12-04
https://github.com/brentp/bpbio,cram,2021-12-04
https://github.com/brentp/bpbio,genomics,2021-12-04
https://github.com/brentp/bpbio,genomics-visualization,2021-12-04
https://github.com/brentp/bpbio,high-throughput-sequencing,2021-12-04
https://github.com/brentp/bpbio,structural-variation,2021-12-04
https://github.com/brentp/crampex,bioinformatics,2021-12-04
https://github.com/brentp/crampex,genomics,2021-12-04
https://github.com/brentp/cyvcf2,bioinformatics,2021-12-04
https://github.com/brentp/cyvcf2,cython,2021-12-04
https://github.com/brentp/cyvcf2,genomics,2021-12-04
https://github.com/brentp/cyvcf2,htslib,2021-12-04
https://github.com/brentp/cyvcf2,vcf,2021-12-04
https://github.com/brentp/d4-nim,bioinformatics,2021-12-04
https://github.com/brentp/d4-nim,genomics,2021-12-04
https://github.com/brentp/d4-nim,high-throughput-sequencing,2021-12-04
https://github.com/brentp/duphold,genomics,2021-12-04
https://github.com/brentp/duphold,insanity,2021-12-04
https://github.com/brentp/duphold,structural-variation,2021-12-04
https://github.com/brentp/excord,genomics,2021-12-04
https://github.com/brentp/excord,structural-variation,2021-12-04
https://github.com/brentp/falas,assembly,2021-12-04
https://github.com/brentp/falas,dna,2021-12-04
https://github.com/brentp/falas,genomics,2021-12-04
https://github.com/brentp/falas,structural-variation,2021-12-04
https://github.com/brentp/genoiser,bioinformatics,2021-12-04
https://github.com/brentp/genoiser,genomics,2021-12-04
https://github.com/brentp/genoiser,high-throughput-sequencing,2021-12-04
https://github.com/brentp/genoiser,nim,2021-12-04
https://github.com/brentp/genoiser,nim-lang,2021-12-04
https://github.com/brentp/go-chartjs,chart,2021-12-04
https://github.com/brentp/go-chartjs,chartjs,2021-12-04
https://github.com/brentp/go-chartjs,golang,2021-12-04
https://github.com/brentp/go-chartjs,plot,2021-12-04
https://github.com/brentp/go-chartjs,plotting,2021-12-04
https://github.com/brentp/goleft,bioinformatics,2021-12-04
https://github.com/brentp/goleft,coverage,2021-12-04
https://github.com/brentp/goleft,depth,2021-12-04
https://github.com/brentp/goleft,genomics,2021-12-04
https://github.com/brentp/goleft,golang,2021-12-04
https://github.com/cjvanlissa/COVID19_metadata,coronavirus,2021-12-04
https://github.com/cjvanlissa/COVID19_metadata,covid,2021-12-04
https://github.com/cjvanlissa/COVID19_metadata,ncov,2021-12-04
https://github.com/cjvanlissa/COVID19_metadata,sars-cov-2,2021-12-04
https://github.com/CLARIAH/awesome-humanities-ontologies,digital-humanities,2021-12-04
https://github.com/CLARIAH/awesome-humanities-ontologies,humanities,2021-12-04
https://github.com/CLARIAH/awesome-humanities-ontologies,linked-data,2021-12-04
https://github.com/CLARIAH/awesome-humanities-ontologies,ontologies,2021-12-04
https://github.com/CLARIAH/awesome-humanities-ontologies,semantic-web,2021-12-04
https://github.com/CLARIAH/COW,converters,2021-12-04
https://github.com/CLARIAH/COW,csv2rdf,2021-12-04
https://github.com/CLARIAH/COW,linked-data,2021-12-04
https://github.com/CLARIAH/COW,rdf,2021-12-04
https://github.com/CLARIAH/COW,semantic-web,2021-12-04
https://github.com/CLARIAH/grlc,api,2021-12-04
https://github.com/CLARIAH/grlc,linked-data,2021-12-04
https://github.com/CLARIAH/grlc,linked-data-api,2021-12-04
https://github.com/CLARIAH/grlc,open-api,2021-12-04
https://github.com/CLARIAH/grlc,semantic-web,2021-12-04
https://github.com/CLARIAH/grlc,sparql,2021-12-04
https://github.com/CLARIAH/grlc,swagger-ui,2021-12-04
https://github.com/CLARIAH/hhucap,advertisements,2021-12-04
https://github.com/CLARIAH/hhucap,biographies,2021-12-04
https://github.com/CLARIAH/hhucap,biographynet,2021-12-04
https://github.com/CLARIAH/hhucap,career-mobility,2021-12-04
https://github.com/CLARIAH/hhucap,clariah,2021-12-04
https://github.com/CLARIAH/hhucap,newspaper,2021-12-04
https://github.com/CLARIAH/hhucap,nlp,2021-12-04
https://github.com/CLARIAH/ruminator,cattle,2021-12-04
https://github.com/CLARIAH/ruminator,cow,2021-12-04
https://github.com/CLARIAH/ruminator,csvw,2021-12-04
https://github.com/CLARIAH/ruminator,rdf,2021-12-04
https://github.com/CLARIAH/software-quality-guidelines,quality-guidelines,2021-12-04
https://github.com/CLARIAH/software-quality-guidelines,software-quality,2021-12-04
https://github.com/CLARIAH/software-quality-guidelines,sustainability,2021-12-04
https://github.com/computationalgeography/lue,amt,2021-12-04
https://github.com/computationalgeography/lue,asynchronous-tasks,2021-12-04
https://github.com/computationalgeography/lue,cartographic-modelling,2021-12-04
https://github.com/computationalgeography/lue,computational-geography,2021-12-04
https://github.com/computationalgeography/lue,distributed-computing,2021-12-04
https://github.com/computationalgeography/lue,environmental-modelling,2021-12-04
https://github.com/computationalgeography/lue,hpc,2021-12-04
https://github.com/computationalgeography/lue,lue,2021-12-04
https://github.com/computationalgeography/lue,parallel-computing,2021-12-04
https://github.com/computationalgeography/lue,scientific-database,2021-12-04
https://github.com/D-score/childdevdata,child-development,2021-12-04
https://github.com/D-score/childdevdata,d-score,2021-12-04
https://github.com/D-score/childdevdata,dataset,2021-12-04
https://github.com/D-score/dbook1,child-development,2021-12-04
https://github.com/D-score/dscore,child-development,2021-12-04
https://github.com/D-score/dscore,d-score,2021-12-04
https://github.com/D-score/dscore,daz,2021-12-04
https://github.com/D-score/dscore,developmental-trajectories,2021-12-04
https://github.com/D-score/dscore,growth-charts,2021-12-04
https://github.com/D-score/dscore,rasch-model,2021-12-04
https://github.com/davidcortesortuno/paper-2018-chiral_magnonic_crystals,dzyaloshinskii-moriya,2021-12-04
https://github.com/davidcortesortuno/paper-2018-chiral_magnonic_crystals,magnetism,2021-12-04
https://github.com/davidcortesortuno/paper-2018-chiral_magnonic_crystals,magnonics,2021-12-04
https://github.com/davidcortesortuno/paper-2018-chiral_magnonic_crystals,micromagnetics,2021-12-04
https://github.com/davidcortesortuno/paper-2018-chiral_magnonic_crystals,oommf,2021-12-04
https://github.com/davidcortesortuno/paper-2018-chiral_magnonic_crystals,spin,2021-12-04
https://github.com/davidcortesortuno/sundials_examples,cvode,2021-12-04
https://github.com/davidcortesortuno/sundials_examples,sundials,2021-12-04
https://github.com/DorienHuijser/MRIsharingguide,brain,2021-12-04
https://github.com/DorienHuijser/MRIsharingguide,data-sharing,2021-12-04
https://github.com/DorienHuijser/MRIsharingguide,mri-data,2021-12-04
https://github.com/DorienHuijser/MRIsharingguide,netherlands,2021-12-04
https://github.com/DorienHuijser/MRIsharingguide,open-science,2021-12-04
https://github.com/ekatrukha/ComDet,detection,2021-12-04
https://github.com/ekatrukha/ComDet,dots,2021-12-04
https://github.com/ekatrukha/ComDet,fiji-plugin,2021-12-04
https://github.com/ekatrukha/ComDet,imagej-plugins,2021-12-04
https://github.com/ekatrukha/ComDet,java,2021-12-04
https://github.com/ekatrukha/ComDet,microscopy,2021-12-04
https://github.com/ekatrukha/ComDet,particles,2021-12-04
https://github.com/ekatrukha/ComDet,utrecht-university,2021-12-04
https://github.com/ekatrukha/ComDet,vesicles,2021-12-04
https://github.com/ekatrukha/ContourLines,contour-lines,2021-12-04
https://github.com/ekatrukha/ContourLines,fiji,2021-12-04
https://github.com/ekatrukha/ContourLines,image,2021-12-04
https://github.com/ekatrukha/ContourLines,imagej,2021-12-04
https://github.com/ekatrukha/Correlescence,cross-correlation,2021-12-04
https://github.com/ekatrukha/Correlescence,fiji,2021-12-04
https://github.com/ekatrukha/Correlescence,fiji-plugin,2021-12-04
https://github.com/ekatrukha/Correlescence,imagej,2021-12-04
https://github.com/ekatrukha/Correlescence,imagej-plugin,2021-12-04
https://github.com/ekatrukha/Correlescence,microscopy,2021-12-04
https://github.com/ekatrukha/Correlescence,stacks,2021-12-04
https://github.com/ekatrukha/CurveTrace,curve-tracing,2021-12-04
https://github.com/ekatrukha/CurveTrace,fiji-plugin,2021-12-04
https://github.com/ekatrukha/CurveTrace,imagej-plugins,2021-12-04
https://github.com/ekatrukha/CurveTrace,microscopy,2021-12-04
https://github.com/ekatrukha/DoM_Utrecht,fiji-plugin,2021-12-04
https://github.com/ekatrukha/DoM_Utrecht,imagej,2021-12-04
https://github.com/ekatrukha/DoM_Utrecht,imagej-plugins,2021-12-04
https://github.com/ekatrukha/DoM_Utrecht,java,2021-12-04
https://github.com/ekatrukha/DoM_Utrecht,single-molecule,2021-12-04
https://github.com/ekatrukha/DoM_Utrecht,utrecht-university,2021-12-04
https://github.com/ekatrukha/KymoResliceWide,fiji-plugin,2021-12-04
https://github.com/ekatrukha/KymoResliceWide,imagej-plugins,2021-12-04
https://github.com/ekatrukha/KymoResliceWide,java,2021-12-04
https://github.com/ekatrukha/KymoResliceWide,stacks,2021-12-04
https://github.com/ekatrukha/PTU_Reader,converter,2021-12-04
https://github.com/ekatrukha/PTU_Reader,fiji-plugin,2021-12-04
https://github.com/ekatrukha/PTU_Reader,imagej,2021-12-04
https://github.com/ekatrukha/PTU_Reader,imagej-plugins,2021-12-04
https://github.com/ekatrukha/PTU_Reader,lifetime,2021-12-04
https://github.com/ekatrukha/PTU_Reader,picoquant,2021-12-04
https://github.com/ekatrukha/PTU_Reader,pt3,2021-12-04
https://github.com/ekatrukha/PTU_Reader,stack,2021-12-04
https://github.com/ekatrukha/PTU_Reader,utrecht-university,2021-12-04
https://github.com/ekatrukha/radialitymap,imagej-macro,2021-12-04
https://github.com/ekatrukha/rods-detection-in-noisy-images,detection,2021-12-04
https://github.com/ekatrukha/rods-detection-in-noisy-images,fluorescence-microscopy-imaging,2021-12-04
https://github.com/ekatrukha/rods-detection-in-noisy-images,imagej-macro,2021-12-04
https://github.com/ekatrukha/rods-detection-in-noisy-images,matlab-script,2021-12-04
https://github.com/ekatrukha/rods-detection-in-noisy-images,tracking,2021-12-04
https://github.com/ekatrukha/ZstackDepthColorCode,colorcode,2021-12-04
https://github.com/ekatrukha/ZstackDepthColorCode,fiji,2021-12-04
https://github.com/ekatrukha/ZstackDepthColorCode,fiji-plugin,2021-12-04
https://github.com/ekatrukha/ZstackDepthColorCode,imagej,2021-12-04
https://github.com/ekatrukha/ZstackDepthColorCode,imagej-plugin,2021-12-04
https://github.com/ekatrukha/ZstackDepthColorCode,microscopy,2021-12-04
https://github.com/ellenhamaker/RI-CLPM,lavaan,2021-12-04
https://github.com/ellenhamaker/RI-CLPM,longitudinal-data,2021-12-04
https://github.com/ellenhamaker/RI-CLPM,mplus,2021-12-04
https://github.com/ellenhamaker/RI-CLPM,panel-data,2021-12-04
https://github.com/ellenhamaker/RI-CLPM,ri-clpm,2021-12-04
https://github.com/galib360/3DCGA,graphics-programming,2021-12-04
https://github.com/galib360/3DCGA,opengl,2021-12-04
https://github.com/galib360/3DCGA,rendering-3d-graphics,2021-12-04
https://github.com/galib360/3DCGA_Project,animation,2021-12-04
https://github.com/galib360/3DCGA_Project,computergraphics,2021-12-04
https://github.com/galib360/3DCGA_Project,cpp,2021-12-04
https://github.com/galib360/3DCGA_Project,game-engine,2021-12-04
https://github.com/galib360/3DCGA_Project,glsl,2021-12-04
https://github.com/galib360/3DCGA_Project,graphics-programming,2021-12-04
https://github.com/galib360/3DCGA_Project,opengl,2021-12-04
https://github.com/galib360/BigData_Project,big-data-analytics,2021-12-04
https://github.com/galib360/BigData_Project,pyspark-notebook,2021-12-04
https://github.com/galib360/CheckerAnalysis,calibration,2021-12-04
https://github.com/galib360/CheckerAnalysis,camera-calibration,2021-12-04
https://github.com/galib360/CheckerAnalysis,opencv,2021-12-04
https://github.com/galib360/CloudAlignmentAnalysis,opencv,2021-12-04
https://github.com/galib360/CloudAlignmentAnalysis,point-cloud,2021-12-04
https://github.com/galib360/CloudAlignmentAnalysis,slam-algorithms,2021-12-04
https://github.com/galib360/GeometricModeling,geometric-modeling,2021-12-04
https://github.com/galib360/GeometricModeling,graphics-programming,2021-12-04
https://github.com/galib360/GeometricModeling,java,2021-12-04
https://github.com/galib360/Machine_Learning_practice,hugin,2021-12-04
https://github.com/galib360/Machine_Learning_practice,machine-learning-algorithms,2021-12-04
https://github.com/galib360/Machine_Learning_practice,scikit-learn,2021-12-04
https://github.com/galib360/Machine_Learning_practice,tensorflow,2021-12-04
https://github.com/galib360/Media_Retrieval_SBIR,bing-api,2021-12-04
https://github.com/galib360/Media_Retrieval_SBIR,deep-neural-networks,2021-12-04
https://github.com/galib360/Media_Retrieval_SBIR,image-retrieval,2021-12-04
https://github.com/galib360/Media_Retrieval_SBIR,keras-tensorflow,2021-12-04
https://github.com/galib360/Media_Retrieval_SBIR,pythonapi,2021-12-04
https://github.com/galib360/Media_Retrieval_SBIR,sbir,2021-12-04
https://github.com/galib360/Media_Retrieval_SBIR,tensorflow,2021-12-04
https://github.com/galib360/VolVis,java,2021-12-04
https://github.com/galib360/VolVis,medical-imaging,2021-12-04
https://github.com/galib360/VolVis,visualization,2021-12-04
https://github.com/galib360/VolVis,volume-rendering,2021-12-04
https://github.com/gbeckers/Darr,array,2021-12-04
https://github.com/gbeckers/Darr,bsd-3-clause,2021-12-04
https://github.com/gbeckers/Darr,data-science,2021-12-04
https://github.com/gbeckers/Darr,data-sharing,2021-12-04
https://github.com/gbeckers/Darr,data-storage,2021-12-04
https://github.com/gbeckers/Darr,interoperability,2021-12-04
https://github.com/gbeckers/Darr,numeric,2021-12-04
https://github.com/gbeckers/Darr,python,2021-12-04
https://github.com/gbeckers/Darr,ragged-array,2021-12-04
https://github.com/gbeckers/Darr,science,2021-12-04
https://github.com/gbeckers/jadeR,blind-source-separation,2021-12-04
https://github.com/gbeckers/jadeR,independent-component-analysis,2021-12-04
https://github.com/georkap/hand_track_classification,3d-convnet,2021-12-04
https://github.com/georkap/hand_track_classification,classification,2021-12-04
https://github.com/georkap/hand_track_classification,lstm,2021-12-04
https://github.com/georkap/hand_track_classification,resnet,2021-12-04
https://github.com/Gionimo/InteractiveNarrator,at,2021-12-04
https://github.com/Gionimo/InteractiveNarrator,university,2021-12-04
https://github.com/Gionimo/InteractiveNarrator,utrecht,2021-12-04
https://github.com/growthcharts/bdsreader,basisdataset-jgz,2021-12-04
https://github.com/growthcharts/bdsreader,james-server,2021-12-04
https://github.com/growthcharts/bdsreader,json,2021-12-04
https://github.com/growthcharts/brokenstick,b-spline,2021-12-04
https://github.com/growthcharts/brokenstick,growth-curves,2021-12-04
https://github.com/growthcharts/brokenstick,linear-mixed-models,2021-12-04
https://github.com/growthcharts/brokenstick,longitudinal-data,2021-12-04
https://github.com/growthcharts/centile,box-cox,2021-12-04
https://github.com/growthcharts/centile,centile,2021-12-04
https://github.com/growthcharts/centile,james-server,2021-12-04
https://github.com/growthcharts/centile,rif,2021-12-04
https://github.com/growthcharts/chartbox,anthropometry,2021-12-04
https://github.com/growthcharts/chartbox,dutch,2021-12-04
https://github.com/growthcharts/chartbox,growth-charts,2021-12-04
https://github.com/growthcharts/chartbox,growth-curves,2021-12-04
https://github.com/growthcharts/chartbox,growth-standards,2021-12-04
https://github.com/growthcharts/chartbox,james-server,2021-12-04
https://github.com/growthcharts/chartcatalog,anthropometry,2021-12-04
https://github.com/growthcharts/chartcatalog,growth-charts,2021-12-04
https://github.com/growthcharts/chartcatalog,growth-curves,2021-12-04
https://github.com/growthcharts/chartcatalog,james-server,2021-12-04
https://github.com/growthcharts/chartplotter,dutch,2021-12-04
https://github.com/growthcharts/chartplotter,growth-charts,2021-12-04
https://github.com/growthcharts/chartplotter,growth-curves,2021-12-04
https://github.com/growthcharts/chartplotter,james-server,2021-12-04
https://github.com/growthcharts/curvematching,james-server,2021-12-04
https://github.com/growthcharts/growthscreener,growth-charts,2021-12-04
https://github.com/growthcharts/growthscreener,growth-curves,2021-12-04
https://github.com/growthcharts/growthscreener,growth-standards,2021-12-04
https://github.com/growthcharts/growthscreener,james-server,2021-12-04
https://github.com/growthcharts/growthscreener,referral,2021-12-04
https://github.com/growthcharts/james,bds,2021-12-04
https://github.com/growthcharts/james,dutch,2021-12-04
https://github.com/growthcharts/james,growth-curves,2021-12-04
https://github.com/growthcharts/james,james-server,2021-12-04
https://github.com/growthcharts/james,restful-api,2021-12-04
https://github.com/growthcharts/jamesclient,anthropometry,2021-12-04
https://github.com/growthcharts/jamesclient,growth-charts,2021-12-04
https://github.com/growthcharts/jamesclient,growth-curves,2021-12-04
https://github.com/growthcharts/jamesclient,james-server,2021-12-04
https://github.com/growthcharts/jamesclient,restful-api,2021-12-04
https://github.com/growthcharts/jamesdemo,anthropometry,2021-12-04
https://github.com/growthcharts/jamesdemo,growth-charts,2021-12-04
https://github.com/growthcharts/jamesdemo,growth-curves,2021-12-04
https://github.com/growthcharts/jamesdemo,james-server,2021-12-04
https://github.com/growthcharts/jamesdemo,shiny,2021-12-04
https://github.com/growthcharts/nlreferences,growth-curves,2021-12-04
https://github.com/growthcharts/nlreferences,netherlands,2021-12-04
https://github.com/growthcharts/nlreferences,rif-format,2021-12-04
https://github.com/haddocking/pdb-tools,bioinformatics,2021-12-04
https://github.com/haddocking/pdb-tools,pdb,2021-12-04
https://github.com/haddocking/pdb-tools,protein,2021-12-04
https://github.com/haddocking/pdb-tools,python,2021-12-04
https://github.com/haddocking/pdb-tools,rcsb,2021-12-04
https://github.com/haddocking/pdb-tools,structural-bioinformatics,2021-12-04
https://github.com/haddocking/pdb-tools,structural-biology,2021-12-04
https://github.com/haddocking/powerfit,cryo-em,2021-12-04
https://github.com/haddocking/powerfit,gpu,2021-12-04
https://github.com/haddocking/powerfit,python,2021-12-04
https://github.com/hugoquene/KMS-NL,dutch,2021-12-04
https://github.com/hugoquene/KMS-NL,kwantitatieve-methoden,2021-12-04
https://github.com/hugoquene/KMS-NL,nederlandstalig,2021-12-04
https://github.com/hugoquene/KMS-NL,quantitative-methods,2021-12-04
https://github.com/hugoquene/KMS-NL,statistics,2021-12-04
https://github.com/hugoquene/KMS-NL,statistics-course,2021-12-04
https://github.com/hugoquene/KMS-NL,statistics-learning,2021-12-04
https://github.com/hugoquene/KMS-NL,statistiek,2021-12-04
https://github.com/hugoquene/KMS-NL,utrecht-university,2021-12-04
https://github.com/hugoquene/QMS-EN,quantitative-methods,2021-12-04
https://github.com/hugoquene/QMS-EN,statistics,2021-12-04
https://github.com/hugoquene/QMS-EN,statistics-course,2021-12-04
https://github.com/hugoquene/QMS-EN,statistics-learning,2021-12-04
https://github.com/hugoquene/QMS-EN,textbook,2021-12-04
https://github.com/hugoquene/QMS-EN,utrecht-university,2021-12-04
https://github.com/iv4xr-project/aplib,agent-dsl,2021-12-04
https://github.com/iv4xr-project/aplib,agent-programming-framework,2021-12-04
https://github.com/iv4xr-project/aplib,agents,2021-12-04
https://github.com/iv4xr-project/aplib,automated-testing,2021-12-04
https://github.com/iv4xr-project/aplib,bdiagency,2021-12-04
https://github.com/iv4xr-project/aplib,multiagent,2021-12-04
https://github.com/iv4xr-project/aplib,testing-framework,2021-12-04
https://github.com/J535D165/cbsodata,census-api,2021-12-04
https://github.com/J535D165/cbsodata,census-data,2021-12-04
https://github.com/J535D165/cbsodata,data,2021-12-04
https://github.com/J535D165/cbsodata,national-statistics,2021-12-04
https://github.com/J535D165/cbsodata,netherlands,2021-12-04
https://github.com/J535D165/cbsodata,open-data,2021-12-04
https://github.com/J535D165/cbsodata,python-library,2021-12-04
https://github.com/J535D165/CoronaWatchNL,coronavirus,2021-12-04
https://github.com/J535D165/CoronaWatchNL,coronavirus-globaloutbreak,2021-12-04
https://github.com/J535D165/CoronaWatchNL,coronavirus-real-time,2021-12-04
https://github.com/J535D165/CoronaWatchNL,coronavirus-tracking,2021-12-04
https://github.com/J535D165/CoronaWatchNL,covid-19,2021-12-04
https://github.com/J535D165/CoronaWatchNL,covid19-data,2021-12-04
https://github.com/J535D165/CoronaWatchNL,covid19-dataset,2021-12-04
https://github.com/J535D165/CoronaWatchNL,dataset,2021-12-04
https://github.com/J535D165/CoronaWatchNL,json-api,2021-12-04
https://github.com/J535D165/CoronaWatchNL,netherlands,2021-12-04
https://github.com/J535D165/CoronaWatchNL,rivm,2021-12-04
https://github.com/J535D165/CoronaWatchNL,utrecht-university,2021-12-04
https://github.com/J535D165/data-matching-software,data-matching,2021-12-04
https://github.com/J535D165/data-matching-software,deduplication,2021-12-04
https://github.com/J535D165/data-matching-software,entity-resolution,2021-12-04
https://github.com/J535D165/data-matching-software,fuzzy-matching,2021-12-04
https://github.com/J535D165/data-matching-software,record-linkage,2021-12-04
https://github.com/J535D165/data-matching-software,software,2021-12-04
https://github.com/J535D165/FEBRL-fork-v0.4.2,deduplication,2021-12-04
https://github.com/J535D165/FEBRL-fork-v0.4.2,entity-resolution,2021-12-04
https://github.com/J535D165/FEBRL-fork-v0.4.2,matching,2021-12-04
https://github.com/J535D165/FEBRL-fork-v0.4.2,python-library,2021-12-04
https://github.com/J535D165/FEBRL-fork-v0.4.2,record-linkage,2021-12-04
https://github.com/J535D165/PublicSectorNL,awesome-list,2021-12-04
https://github.com/J535D165/PublicSectorNL,dataset,2021-12-04
https://github.com/J535D165/PublicSectorNL,government,2021-12-04
https://github.com/J535D165/PublicSectorNL,netherlands,2021-12-04
https://github.com/J535D165/PublicSectorNL,open-data,2021-12-04
https://github.com/J535D165/PublicSectorNL,open-government,2021-12-04
https://github.com/J535D165/PublicSectorNL,open-science,2021-12-04
https://github.com/J535D165/PublicSectorNL,open-source,2021-12-04
https://github.com/J535D165/PublicSectorNL,open-state,2021-12-04
https://github.com/J535D165/PublicSectorNL,public-sector,2021-12-04
https://github.com/J535D165/PublicSectorNL,universities,2021-12-04
https://github.com/J535D165/recordlinkage,data-matching,2021-12-04
https://github.com/J535D165/recordlinkage,dedupe,2021-12-04
https://github.com/J535D165/recordlinkage,deduplication,2021-12-04
https://github.com/J535D165/recordlinkage,entity-resolution,2021-12-04
https://github.com/J535D165/recordlinkage,machine-learning,2021-12-04
https://github.com/J535D165/recordlinkage,privacy,2021-12-04
https://github.com/J535D165/recordlinkage,python,2021-12-04
https://github.com/J535D165/recordlinkage,python-library,2021-12-04
https://github.com/J535D165/recordlinkage,record-linkage,2021-12-04
https://github.com/J535D165/recordlinkage,similarity,2021-12-04
https://github.com/J535D165/recordlinkage,string-distance,2021-12-04
https://github.com/J535D165/recordlinkage-annotator,annotation-tool,2021-12-04
https://github.com/J535D165/recordlinkage-annotator,data-matching,2021-12-04
https://github.com/J535D165/recordlinkage-annotator,deduplication,2021-12-04
https://github.com/J535D165/recordlinkage-annotator,entity-resolution,2021-12-04
https://github.com/J535D165/recordlinkage-annotator,labeling-tool,2021-12-04
https://github.com/J535D165/recordlinkage-annotator,machine-learning,2021-12-04
https://github.com/J535D165/recordlinkage-annotator,record-linkage,2021-12-04
https://github.com/japhir/2020-02_paleontology,emacs,2021-12-04
https://github.com/japhir/2020-02_paleontology,ess,2021-12-04
https://github.com/japhir/2020-02_paleontology,org-mode,2021-12-04
https://github.com/japhir/2020-02_paleontology,palaeontology,2021-12-04
https://github.com/japhir/2020-02_paleontology,paleontology,2021-12-04
https://github.com/japhir/2020-02_paleontology,r,2021-12-04
https://github.com/japhir/2020-02_paleontology,tidyverse,2021-12-04
https://github.com/japhir/ArchConfigs,arch,2021-12-04
https://github.com/japhir/ArchConfigs,arch-linux,2021-12-04
https://github.com/japhir/ArchConfigs,dotfiles,2021-12-04
https://github.com/japhir/ArchConfigs,emacs-configuration,2021-12-04
https://github.com/japhir/ArchConfigs,mbsync,2021-12-04
https://github.com/japhir/ArchConfigs,mu4e,2021-12-04
https://github.com/japhir/ArchConfigs,sway,2021-12-04
https://github.com/japhir/ArchConfigs,swaywm,2021-12-04
https://github.com/japhir/ArchConfigs,waybar,2021-12-04
https://github.com/japhir/corepics,core,2021-12-04
https://github.com/japhir/corepics,data-science,2021-12-04
https://github.com/japhir/corepics,drill,2021-12-04
https://github.com/japhir/corepics,geology,2021-12-04
https://github.com/japhir/corepics,ggplot2,2021-12-04
https://github.com/japhir/corepics,iodp,2021-12-04
https://github.com/japhir/corepics,magick,2021-12-04
https://github.com/japhir/corepics,palaeoclimate,2021-12-04
https://github.com/japhir/corepics,palaeontology,2021-12-04
https://github.com/japhir/corepics,paleoclimate,2021-12-04
https://github.com/japhir/corepics,paleontology,2021-12-04
https://github.com/japhir/corepics,photo,2021-12-04
https://github.com/japhir/corepics,plotting,2021-12-04
https://github.com/japhir/corepics,r,2021-12-04
https://github.com/japhir/DnDRaces,dice,2021-12-04
https://github.com/japhir/DnDRaces,dplyr,2021-12-04
https://github.com/japhir/DnDRaces,emacs,2021-12-04
https://github.com/japhir/DnDRaces,ggplot2,2021-12-04
https://github.com/japhir/DnDRaces,org-mode,2021-12-04
https://github.com/japhir/DnDRaces,purrr,2021-12-04
https://github.com/japhir/DnDRaces,r,2021-12-04
https://github.com/japhir/DnDRaces,simulation,2021-12-04
https://github.com/japhir/GeologicTimeScale,geology,2021-12-04
https://github.com/japhir/GeologicTimeScale,ggplot2,2021-12-04
https://github.com/japhir/GeologicTimeScale,r,2021-12-04
https://github.com/japhir/GeologicTimeScale,time,2021-12-04
https://github.com/japhir/GeologicTimeScale,timescale,2021-12-04
https://github.com/japhir/geosurvey,literate-programming,2021-12-04
https://github.com/japhir/geosurvey,org-mode,2021-12-04
https://github.com/japhir/geosurvey,r,2021-12-04
https://github.com/japhir/geosurvey,report,2021-12-04
https://github.com/japhir/geosurvey,survey,2021-12-04
https://github.com/japhir/rpackagesetup,emacs,2021-12-04
https://github.com/japhir/rpackagesetup,org-babel,2021-12-04
https://github.com/japhir/rpackagesetup,org-mode,2021-12-04
https://github.com/japhir/rpackagesetup,package,2021-12-04
https://github.com/japhir/rpackagesetup,r,2021-12-04
https://github.com/japhir/stratPlot,age,2021-12-04
https://github.com/japhir/stratPlot,data-frame,2021-12-04
https://github.com/japhir/stratPlot,depth,2021-12-04
https://github.com/japhir/stratPlot,drilling,2021-12-04
https://github.com/japhir/stratPlot,geology,2021-12-04
https://github.com/japhir/stratPlot,oceanography,2021-12-04
https://github.com/japhir/stratPlot,palynology,2021-12-04
https://github.com/japhir/stratPlot,plotting,2021-12-04
https://github.com/japhir/stratPlot,r,2021-12-04
https://github.com/japhir/stratPlot,stratigraphy,2021-12-04
https://github.com/jbikker/lighthouse2,cuda,2021-12-04
https://github.com/jbikker/lighthouse2,cuda-opengl,2021-12-04
https://github.com/jbikker/lighthouse2,denoising,2021-12-04
https://github.com/jbikker/lighthouse2,game-engine,2021-12-04
https://github.com/jbikker/lighthouse2,gamedev,2021-12-04
https://github.com/jbikker/lighthouse2,glfw,2021-12-04
https://github.com/jbikker/lighthouse2,gltf,2021-12-04
https://github.com/jbikker/lighthouse2,gltf-viewer,2021-12-04
https://github.com/jbikker/lighthouse2,gpu,2021-12-04
https://github.com/jbikker/lighthouse2,opengl,2021-12-04
https://github.com/jbikker/lighthouse2,optix,2021-12-04
https://github.com/jbikker/lighthouse2,path-tracing,2021-12-04
https://github.com/jbikker/lighthouse2,raytracer,2021-12-04
https://github.com/jbikker/lighthouse2,real-time,2021-12-04
https://github.com/jbikker/lighthouse2,render,2021-12-04
https://github.com/jbikker/lighthouse2,rendering,2021-12-04
https://github.com/jbikker/lighthouse2,rendering-engine,2021-12-04
https://github.com/jbikker/lighthouse2,rendersystem,2021-12-04
https://github.com/jbikker/lighthouse2,rtx,2021-12-04
https://github.com/jbikker/lighthouse2,svgf,2021-12-04
https://github.com/jelletreep/patch-dispersal,dispsersal,2021-12-04
https://github.com/jelletreep/patch-dispersal,ecological-models,2021-12-04
https://github.com/jelletreep/patch-dispersal,ecology,2021-12-04
https://github.com/jelletreep/patch-dispersal,simulation,2021-12-04
https://github.com/jelletreep/patch-dispersal,utrecht-university,2021-12-04
https://github.com/JeroenDMulder/RI-CLPM,lavaan,2021-12-04
https://github.com/JeroenDMulder/RI-CLPM,longitudinal-data,2021-12-04
https://github.com/JeroenDMulder/RI-CLPM,mplus,2021-12-04
https://github.com/JeroenDMulder/RI-CLPM,panel-data,2021-12-04
https://github.com/JeroenDMulder/RI-CLPM,ri-clpm,2021-12-04
https://github.com/jhnienhuis/SubsidenceDelft3D,delft3d,2021-12-04
https://github.com/jhnienhuis/SubsidenceDelft3D,delta,2021-12-04
https://github.com/jhnienhuis/SubsidenceDelft3D,geomorphology,2021-12-04
https://github.com/jhnienhuis/SubsidenceDelft3D,matlab,2021-12-04
https://github.com/jhnienhuis/SubsidenceDelft3D,river,2021-12-04
https://github.com/jkorb/cv,cv,2021-12-04
https://github.com/jkorb/KI1V13001-Inleiding-Logica,artifical-intelligence,2021-12-04
https://github.com/jkorb/KI1V13001-Inleiding-Logica,course-materials,2021-12-04
https://github.com/jkorb/KI1V13001-Inleiding-Logica,education,2021-12-04
https://github.com/jkorb/KI1V13001-Inleiding-Logica,latex,2021-12-04
https://github.com/jkorb/KI1V13001-Inleiding-Logica,logic,2021-12-04
https://github.com/jkorb/KI1V13001-Inleiding-Logica,utrecht-university,2021-12-04
https://github.com/jkorb/KI1V14005-Tutoraat-KI-Basis,university-project,2021-12-04
https://github.com/jkorb/KI1V14005-Tutoraat-KI-Basis,utrecht-university,2021-12-04
https://github.com/jkorb/mypubs,bibliography,2021-12-04
https://github.com/joaomcteixeira/dropped_TaurenMD,molecular-dynamics,2021-12-04
https://github.com/joaomcteixeira/dropped_TaurenMD,molecular-dynamics-simulation,2021-12-04
https://github.com/joaomcteixeira/dropped_TaurenMD,python,2021-12-04
https://github.com/joaomcteixeira/dropped_TaurenMD,structural-biology,2021-12-04
https://github.com/joaomcteixeira/HyperSimpleDocstring2Md,docstring,2021-12-04
https://github.com/joaomcteixeira/HyperSimpleDocstring2Md,docstring-documentation,2021-12-04
https://github.com/joaomcteixeira/HyperSimpleDocstring2Md,docstring-markdown,2021-12-04
https://github.com/joaomcteixeira/HyperSimpleDocstring2Md,documentation,2021-12-04
https://github.com/joaomcteixeira/HyperSimpleDocstring2Md,documentation-generator,2021-12-04
https://github.com/joaomcteixeira/HyperSimpleDocstring2Md,markdown,2021-12-04
https://github.com/joaomcteixeira/HyperSimpleDocstring2Md,pydoc,2021-12-04
https://github.com/joaomcteixeira/HyperSimpleDocstring2Md,python,2021-12-04
https://github.com/joaomcteixeira/HyperSimpleDocstring2Md,python3,2021-12-04
https://github.com/joaomcteixeira/python-project-skeleton,ci,2021-12-04
https://github.com/joaomcteixeira/python-project-skeleton,continuous-integration,2021-12-04
https://github.com/joaomcteixeira/python-project-skeleton,project-skeleton,2021-12-04
https://github.com/joaomcteixeira/python-project-skeleton,project-structure,2021-12-04
https://github.com/joaomcteixeira/python-project-skeleton,python,2021-12-04
https://github.com/joaomcteixeira/python-project-skeleton,python-library,2021-12-04
https://github.com/joaomcteixeira/python-project-skeleton,python3,2021-12-04
https://github.com/joaomcteixeira/python-project-skeleton,readthedocs,2021-12-04
https://github.com/joaomcteixeira/Tree-of-Life,installer,2021-12-04
https://github.com/joaomcteixeira/Tree-of-Life,multiplatform,2021-12-04
https://github.com/joaomcteixeira/Tree-of-Life,python,2021-12-04
https://github.com/joaomcteixeira/Tree-of-Life,scientific-software,2021-12-04
https://github.com/joaomcteixeira/Tree-of-Life,stand-alone,2021-12-04
https://github.com/joaomcteixeira/Tree-of-Life,user-oriented,2021-12-04
https://github.com/Jollyfant/bottle-response-api,amplitude,2021-12-04
https://github.com/Jollyfant/bottle-response-api,api,2021-12-04
https://github.com/Jollyfant/bottle-response-api,bottle,2021-12-04
https://github.com/Jollyfant/bottle-response-api,frequency,2021-12-04
https://github.com/Jollyfant/bottle-response-api,http,2021-12-04
https://github.com/Jollyfant/bottle-response-api,instrument,2021-12-04
https://github.com/Jollyfant/bottle-response-api,phase,2021-12-04
https://github.com/Jollyfant/bottle-response-api,response,2021-12-04
https://github.com/Jollyfant/EIDA-Federator-II,data,2021-12-04
https://github.com/Jollyfant/EIDA-Federator-II,dataselect,2021-12-04
https://github.com/Jollyfant/EIDA-Federator-II,eida,2021-12-04
https://github.com/Jollyfant/EIDA-Federator-II,federation,2021-12-04
https://github.com/Jollyfant/EIDA-Federator-II,federator,2021-12-04
https://github.com/Jollyfant/EIDA-Federator-II,seismology,2021-12-04
https://github.com/Jollyfant/EIDA-Federator-II,station,2021-12-04
https://github.com/Jollyfant/EIDA-Federator-II,streaming,2021-12-04
https://github.com/Jollyfant/EIDA_MANAGER,eida,2021-12-04
https://github.com/Jollyfant/EIDA_MANAGER,fair,2021-12-04
https://github.com/Jollyfant/EIDA_MANAGER,management,2021-12-04
https://github.com/Jollyfant/EIDA_MANAGER,metadata,2021-12-04
https://github.com/Jollyfant/EIDA_MANAGER,network,2021-12-04
https://github.com/Jollyfant/EIDA_MANAGER,seismic,2021-12-04
https://github.com/Jollyfant/EIDA_MANAGER,stationxml,2021-12-04
https://github.com/Jollyfant/EPOS-TURTLE,epos,2021-12-04
https://github.com/Jollyfant/EPOS-TURTLE,ics,2021-12-04
https://github.com/Jollyfant/EPOS-TURTLE,library,2021-12-04
https://github.com/Jollyfant/EPOS-TURTLE,mapping,2021-12-04
https://github.com/Jollyfant/EPOS-TURTLE,python,2021-12-04
https://github.com/Jollyfant/EPOS-TURTLE,tcs,2021-12-04
https://github.com/Jollyfant/Hades,earth,2021-12-04
https://github.com/Jollyfant/Hades,knmi,2021-12-04
https://github.com/Jollyfant/Hades,mantle,2021-12-04
https://github.com/Jollyfant/Hades,mitp08,2021-12-04
https://github.com/Jollyfant/Hades,seismic-tomography,2021-12-04
https://github.com/Jollyfant/Hades,tomography,2021-12-04
https://github.com/Jollyfant/Hades,utrecht-university,2021-12-04
https://github.com/Jollyfant/Hades,uup07,2021-12-04
https://github.com/Jollyfant/node-seedlink-data-proxy,html5,2021-12-04
https://github.com/Jollyfant/node-seedlink-data-proxy,mseed,2021-12-04
https://github.com/Jollyfant/node-seedlink-data-proxy,nodejs,2021-12-04
https://github.com/Jollyfant/node-seedlink-data-proxy,realtime,2021-12-04
https://github.com/Jollyfant/node-seedlink-data-proxy,seedlink,2021-12-04
https://github.com/Jollyfant/node-seedlink-data-proxy,seismology,2021-12-04
https://github.com/Jollyfant/node-seedlink-data-proxy,waveform,2021-12-04
https://github.com/Jollyfant/nodejs-doi-webservice,doi,2021-12-04
https://github.com/Jollyfant/nodejs-doi-webservice,eida,2021-12-04
https://github.com/Jollyfant/nodejs-doi-webservice,network,2021-12-04
https://github.com/Jollyfant/nodejs-doi-webservice,nodejs,2021-12-04
https://github.com/Jollyfant/nodejs-doi-webservice,seismology,2021-12-04
https://github.com/Jollyfant/nodejs-doi-webservice,webservice,2021-12-04
https://github.com/Jollyfant/NodeJS-Federator,dataselect,2021-12-04
https://github.com/Jollyfant/NodeJS-Federator,eida,2021-12-04
https://github.com/Jollyfant/NodeJS-Federator,fdsn,2021-12-04
https://github.com/Jollyfant/NodeJS-Federator,federator,2021-12-04
https://github.com/Jollyfant/NodeJS-Federator,nodejs,2021-12-04
https://github.com/Jollyfant/NodeJS-Federator,routing,2021-12-04
https://github.com/Jollyfant/NodeJS-Federator,station,2021-12-04
https://github.com/Jollyfant/NodeJS-Federator,wfcatalog,2021-12-04
https://github.com/Jollyfant/NodeJS-RRSM,eida,2021-12-04
https://github.com/Jollyfant/NodeJS-RRSM,emsc,2021-12-04
https://github.com/Jollyfant/NodeJS-RRSM,nodejs,2021-12-04
https://github.com/Jollyfant/NodeJS-RRSM,quakeml,2021-12-04
https://github.com/Jollyfant/NodeJS-RRSM,rrsm,2021-12-04
https://github.com/Jollyfant/NodeJS-RRSM,webservice,2021-12-04
https://github.com/Jollyfant/nodejs-seedlink-latencies-proxy,latency,2021-12-04
https://github.com/Jollyfant/nodejs-seedlink-latencies-proxy,nodejs,2021-12-04
https://github.com/Jollyfant/nodejs-seedlink-latencies-proxy,seedlink,2021-12-04
https://github.com/Jollyfant/nodejs-seedlink-latencies-proxy,seismology,2021-12-04
https://github.com/Jollyfant/nodejs-seedlink-latencies-proxy,stations,2021-12-04
https://github.com/Jollyfant/PMAG2,2,2021-12-04
https://github.com/Jollyfant/PMAG2,analysis,2021-12-04
https://github.com/Jollyfant/PMAG2,fisher,2021-12-04
https://github.com/Jollyfant/PMAG2,interpretation,2021-12-04
https://github.com/Jollyfant/PMAG2,paleomagnetism,2021-12-04
https://github.com/Jollyfant/PMAG2,statistics,2021-12-04
https://github.com/Jollyfant/PMAG2,zijderveld,2021-12-04
https://github.com/konstantinosKokos/aethel,categorial-grammar,2021-12-04
https://github.com/konstantinosKokos/aethel,dataset,2021-12-04
https://github.com/konstantinosKokos/aethel,dutch,2021-12-04
https://github.com/konstantinosKokos/aethel,lambda-calculus,2021-12-04
https://github.com/konstantinosKokos/aethel,lassy,2021-12-04
https://github.com/konstantinosKokos/aethel,linear-logic,2021-12-04
https://github.com/konstantinosKokos/aethel,natural-deduction,2021-12-04
https://github.com/konstantinosKokos/aethel,proof-net,2021-12-04
https://github.com/konstantinosKokos/aethel,sequent-calculus,2021-12-04
https://github.com/konstantinosKokos/aethel,type-logical-grammar,2021-12-04
https://github.com/konstantinosKokos/lambda-layer-pytorch,attention,2021-12-04
https://github.com/konstantinosKokos/lambda-layer-pytorch,lambda-layer,2021-12-04
https://github.com/konstantinosKokos/lambda-layer-pytorch,lambda-networks,2021-12-04
https://github.com/konstantinosKokos/lassy-tlg-extraction,categorial-grammar,2021-12-04
https://github.com/konstantinosKokos/lassy-tlg-extraction,corpus-processing,2021-12-04
https://github.com/konstantinosKokos/lassy-tlg-extraction,dutch,2021-12-04
https://github.com/konstantinosKokos/lassy-tlg-extraction,lambda-calculus,2021-12-04
https://github.com/konstantinosKokos/lassy-tlg-extraction,lassy,2021-12-04
https://github.com/konstantinosKokos/lassy-tlg-extraction,linear-logic,2021-12-04
https://github.com/konstantinosKokos/lassy-tlg-extraction,type-logical-grammar,2021-12-04
https://github.com/konstantinosKokos/Lassy-TLG-Supertagging,seq2seq,2021-12-04
https://github.com/konstantinosKokos/Lassy-TLG-Supertagging,sequence-labeling,2021-12-04
https://github.com/konstantinosKokos/Lassy-TLG-Supertagging,tagging,2021-12-04
https://github.com/konstantinosKokos/neural-proof-nets,lassy,2021-12-04
https://github.com/konstantinosKokos/neural-proof-nets,linear-logic,2021-12-04
https://github.com/konstantinosKokos/neural-proof-nets,nlp,2021-12-04
https://github.com/konstantinosKokos/neural-proof-nets,parser,2021-12-04
https://github.com/konstantinosKokos/neural-proof-nets,proof-net,2021-12-04
https://github.com/konstantinosKokos/neural-proof-nets,prover,2021-12-04
https://github.com/konstantinosKokos/neural-proof-nets,sinkhorn,2021-12-04
https://github.com/konstantinosKokos/neural-proof-nets,type-logical,2021-12-04
https://github.com/konstantinosKokos/Transformers,pytorch,2021-12-04
https://github.com/konstantinosKokos/Transformers,seq2seq,2021-12-04
https://github.com/konstantinosKokos/Transformers,transformer,2021-12-04
https://github.com/lauralwd/Azolla_genus_metagenome,azolla,2021-12-04
https://github.com/lauralwd/Azolla_genus_metagenome,bioconda,2021-12-04
https://github.com/lauralwd/Azolla_genus_metagenome,bioinformatics,2021-12-04
https://github.com/lauralwd/Azolla_genus_metagenome,bioinformatics-pipeline,2021-12-04
https://github.com/lauralwd/Azolla_genus_metagenome,biological-data-analysis,2021-12-04
https://github.com/lauralwd/Azolla_genus_metagenome,conda,2021-12-04
https://github.com/lauralwd/Azolla_genus_metagenome,endophytes,2021-12-04
https://github.com/lauralwd/Azolla_genus_metagenome,fair-data,2021-12-04
https://github.com/lauralwd/Azolla_genus_metagenome,metagenome-assembly,2021-12-04
https://github.com/lauralwd/Azolla_genus_metagenome,metagenomes,2021-12-04
https://github.com/lauralwd/Azolla_genus_metagenome,metagenomic-pipeline,2021-12-04
https://github.com/lauralwd/Azolla_genus_metagenome,metagenomics,2021-12-04
https://github.com/lauralwd/Azolla_genus_metagenome,plant,2021-12-04
https://github.com/lauralwd/Azolla_genus_metagenome,snakemake,2021-12-04
https://github.com/lauralwd/Azolla_genus_metagenome,symbiont,2021-12-04
https://github.com/lauralwd/Azolla_genus_metagenome,symbiosis,2021-12-04
https://github.com/lauralwd/azolla_MYBs,biology,2021-12-04
https://github.com/lauralwd/azolla_MYBs,open-data,2021-12-04
https://github.com/lauralwd/azolla_MYBs,open-notebook,2021-12-04
https://github.com/lauralwd/azolla_MYBs,open-science,2021-12-04
https://github.com/lauralwd/azolla_MYBs,phylogeny,2021-12-04
https://github.com/lauralwd/azolla_MYBs,plant-genetic-resources,2021-12-04
https://github.com/lauralwd/azolla_MYBs,plant-genomics,2021-12-04
https://github.com/lauralwd/azolla_MYBs,protein-evolution,2021-12-04
https://github.com/lauralwd/azolla_MYBs,science-research,2021-12-04
https://github.com/lauralwd/azolla_MYBs,transcription-factors,2021-12-04
https://github.com/lauralwd/LAR_phylogeny_gungor-et-al-2020,biology,2021-12-04
https://github.com/lauralwd/LAR_phylogeny_gungor-et-al-2020,open-data,2021-12-04
https://github.com/lauralwd/LAR_phylogeny_gungor-et-al-2020,open-notebook,2021-12-04
https://github.com/lauralwd/LAR_phylogeny_gungor-et-al-2020,open-science,2021-12-04
https://github.com/lauralwd/LAR_phylogeny_gungor-et-al-2020,orthologues,2021-12-04
https://github.com/lauralwd/LAR_phylogeny_gungor-et-al-2020,phylogeny,2021-12-04
https://github.com/lauralwd/LAR_phylogeny_gungor-et-al-2020,plant-genetic-resources,2021-12-04
https://github.com/lauralwd/LAR_phylogeny_gungor-et-al-2020,plant-genomics,2021-12-04
https://github.com/lauralwd/LAR_phylogeny_gungor-et-al-2020,protein-evolution,2021-12-04
https://github.com/lauralwd/LAR_phylogeny_gungor-et-al-2020,science-research,2021-12-04
https://github.com/MarcelRobeer/ContrastiveExplanation,contrastive-explanations,2021-12-04
https://github.com/MarcelRobeer/ContrastiveExplanation,explainable-ai,2021-12-04
https://github.com/MarcelRobeer/ContrastiveExplanation,foil,2021-12-04
https://github.com/MarcelRobeer/ContrastiveExplanation,interpretability,2021-12-04
https://github.com/MarcelRobeer/ContrastiveExplanation,machine-learning,2021-12-04
https://github.com/MarcelRobeer/ContrastiveExplanation,model-agnostic,2021-12-04
https://github.com/MarcelRobeer/VisualNarrator,conceptual-models,2021-12-04
https://github.com/MarcelRobeer/VisualNarrator,prolog,2021-12-04
https://github.com/MarcelRobeer/VisualNarrator,requirements-engineering,2021-12-04
https://github.com/MarcelRobeer/VisualNarrator,requirements-quality-analysis,2021-12-04
https://github.com/MarcelRobeer/VisualNarrator,user-story,2021-12-04
https://github.com/nanoepics/CETgraph,microscopy,2021-12-04
https://github.com/nanoepics/CETgraph,nano,2021-12-04
https://github.com/nanoepics/CETgraph,particles,2021-12-04
https://github.com/nanoepics/CETgraph,tracking,2021-12-04
https://github.com/OceanParcels/parcels,lagrangian-ocean-modelling,2021-12-04
https://github.com/OceanParcels/parcels,ocean-circulation-models,2021-12-04
https://github.com/OceanParcels/parcels,particles,2021-12-04
https://github.com/outfrenk/Dutch_GIC,gic,2021-12-04
https://github.com/outfrenk/Dutch_GIC,netherlands,2021-12-04
https://github.com/outfrenk/Dutch_GIC,powergrid,2021-12-04
https://github.com/patrickfinke/mecs,architectural-patterns,2021-12-04
https://github.com/patrickfinke/mecs,ecs,2021-12-04
https://github.com/patrickfinke/mecs,ecs-architecture,2021-12-04
https://github.com/patrickfinke/mecs,ecs-framework,2021-12-04
https://github.com/patrickfinke/mecs,entity-component-system,2021-12-04
https://github.com/patrickfinke/mecs,game-development,2021-12-04
https://github.com/patrickfinke/mecs,game-programming,2021-12-04
https://github.com/patrickfinke/mecs,gamedev,2021-12-04
https://github.com/pcraster/paper_2019_physical_data_model,agent-based,2021-12-04
https://github.com/pcraster/paper_2019_physical_data_model,data-model,2021-12-04
https://github.com/pcraster/paper_2019_physical_data_model,field-based,2021-12-04
https://github.com/pcraster/paper_2019_physical_data_model,hdf5,2021-12-04
https://github.com/pcraster/paper_2019_physical_data_model,modeling,2021-12-04
https://github.com/pcraster/paper_2019_physical_data_model,paper,2021-12-04
https://github.com/pcraster/paper_2019_physical_data_model,research,2021-12-04
https://github.com/pcraster/paper_2019_physical_data_model,simulation,2021-12-04
https://github.com/pcraster/pcraster,cpp,2021-12-04
https://github.com/pcraster/pcraster,earth-science,2021-12-04
https://github.com/pcraster/pcraster,hydrology,2021-12-04
https://github.com/pcraster/pcraster,modflow,2021-12-04
https://github.com/pcraster/pcraster,python,2021-12-04
https://github.com/pcraster/pcraster,simulation,2021-12-04
https://github.com/pcraster/pcraster,spatio-temporal-modeling,2021-12-04
https://github.com/pcraster/rasterformat,fileformat,2021-12-04
https://github.com/pcraster/rasterformat,pcraster,2021-12-04
https://github.com/pcraster/rasterformat,raster,2021-12-04
https://github.com/SanliFaez/labphew,automation,2021-12-04
https://github.com/SanliFaez/labphew,experiment-design,2021-12-04
https://github.com/SanliFaez/labphew,instrumentation,2021-12-04
https://github.com/SanliFaez/labphew,laboratory-automation,2021-12-04
https://github.com/SanliFaez/labphew,python,2021-12-04
https://github.com/SanliFaez/MoreIsDifferent,condensed-matter-physics,2021-12-04
https://github.com/SanliFaez/MoreIsDifferent,educational-materials,2021-12-04
https://github.com/SanliFaez/MoreIsDifferent,solid-state-physics,2021-12-04
https://github.com/sarbabi/AnalyzeHighSchoolData,basemap,2021-12-04
https://github.com/sarbabi/AnalyzeHighSchoolData,matplotlib,2021-12-04
https://github.com/sarbabi/AnalyzeHighSchoolData,numpy,2021-12-04
https://github.com/sarbabi/AnalyzeHighSchoolData,pandas,2021-12-04
https://github.com/sarbabi/AnalyzeHighSchoolData,pyplot,2021-12-04
https://github.com/sarbabi/AnalyzeHighSchoolData,python,2021-12-04
https://github.com/sarbabi/BitBot,binance,2021-12-04
https://github.com/sarbabi/BitBot,binance-api,2021-12-04
https://github.com/sarbabi/BitBot,bitcoin,2021-12-04
https://github.com/sarbabi/BitBot,cryptocurrency,2021-12-04
https://github.com/sarbabi/BitBot,telegram-bot-python,2021-12-04
https://github.com/sarbabi/BitBot,trader-bot,2021-12-04
https://github.com/sarbabi/BitBot,trading-bot,2021-12-04
https://github.com/sarbabi/SolveIt,crowdsourcing,2021-12-04
https://github.com/sarbabi/SolveIt,d3js,2021-12-04
https://github.com/sarbabi/SolveIt,game-development,2021-12-04
https://github.com/sarbabi/WebSSM,scala,2021-12-04
https://github.com/sarbabi/WebSSM,scalismo,2021-12-04
https://github.com/sarbabi/WebSSM,statistical-shape-models,2021-12-04
https://github.com/sarbabi/WebSSM,visualization,2021-12-04
https://github.com/sarbabi/WebSSM,vtkjs,2021-12-04
https://github.com/sodascience/awesome-citizen-science-nl,awesome-list,2021-12-04
https://github.com/sodascience/awesome-citizen-science-nl,citizen-science,2021-12-04
https://github.com/sodascience/awesome-citizen-science-nl,netherlands,2021-12-04
https://github.com/sodascience/awesome-citizen-science-nl,odissei,2021-12-04
https://github.com/sodascience/awesome-citizen-science-nl,science-research,2021-12-04
https://github.com/sodascience/awesome-citizen-science-nl,utrecht-university,2021-12-04
https://github.com/sodascience/osmenrich,geospatial,2021-12-04
https://github.com/sodascience/osmenrich,geospatial-data,2021-12-04
https://github.com/sodascience/osmenrich,odissei,2021-12-04
https://github.com/sodascience/osmenrich,osm,2021-12-04
https://github.com/sodascience/osmenrich,sf,2021-12-04
https://github.com/sodascience/osmenrich,utrecht-university,2021-12-04
https://github.com/sodascience/osmenrich_docker,docker,2021-12-04
https://github.com/sodascience/osmenrich_docker,osrm,2021-12-04
https://github.com/sodascience/osmenrich_docker,overpass-api,2021-12-04
https://github.com/sodascience/osmenrich_docker,soda-science-team,2021-12-04
https://github.com/sodascience/osmenrich_docker,utrecht-university,2021-12-04
https://github.com/sodascience/presentation-osmenrich-sig,data-science,2021-12-04
https://github.com/sodascience/presentation-osmenrich-sig,geospatial,2021-12-04
https://github.com/sodascience/presentation-osmenrich-sig,software,2021-12-04
https://github.com/stefanoschmidt1995/cppinterp,interpolation,2021-12-04
https://github.com/stefanoschmidt1995/cppinterp,linear-interpolation,2021-12-04
https://github.com/stefanoschmidt1995/cppinterp,python,2021-12-04
https://github.com/stefanoschmidt1995/MLGW,datanalysis,2021-12-04
https://github.com/stefanoschmidt1995/MLGW,gravitational-waves,2021-12-04
https://github.com/stefanoschmidt1995/MLGW,machine-learning,2021-12-04
https://github.com/stefanoschmidt1995/ML_ODE,cosmology,2021-12-04
https://github.com/stefanoschmidt1995/ML_ODE,machine-learning,2021-12-04
https://github.com/stefanoschmidt1995/ML_ODE,neural-network,2021-12-04
https://github.com/stefanoschmidt1995/ML_ODE,ode,2021-12-04
https://github.com/stefvanbuuren/190409_utrecht,fcs,2021-12-04
https://github.com/stefvanbuuren/190409_utrecht,imputation,2021-12-04
https://github.com/stefvanbuuren/190409_utrecht,mice,2021-12-04
https://github.com/stefvanbuuren/190409_utrecht,multilevel,2021-12-04
https://github.com/stefvanbuuren/AGD,anthropometry,2021-12-04
https://github.com/stefvanbuuren/AGD,cdc,2021-12-04
https://github.com/stefvanbuuren/AGD,dutch,2021-12-04
https://github.com/stefvanbuuren/AGD,growth,2021-12-04
https://github.com/stefvanbuuren/AGD,growth-charts,2021-12-04
https://github.com/stefvanbuuren/AGD,lms,2021-12-04
https://github.com/stefvanbuuren/AGD,who,2021-12-04
https://github.com/stefvanbuuren/AGD,z-score,2021-12-04
https://github.com/stefvanbuuren/bdsschema,bds,2021-12-04
https://github.com/stefvanbuuren/bdsschema,james-server,2021-12-04
https://github.com/stefvanbuuren/fimd,bookdown,2021-12-04
https://github.com/stefvanbuuren/fimdbook,bookdown,2021-12-04
https://github.com/stefvanbuuren/fimdbook,mice,2021-12-04
https://github.com/stefvanbuuren/fimdbook,missing-data,2021-12-04
https://github.com/stefvanbuuren/fimdbook,multiple-imputation,2021-12-04
https://github.com/stefvanbuuren/minihealth,anthropometry,2021-12-04
https://github.com/stefvanbuuren/minihealth,growth-curves,2021-12-04
https://github.com/stefvanbuuren/minihealth,growth-standards,2021-12-04
https://github.com/stefvanbuuren/minihealth,james-server,2021-12-04
https://github.com/UiL-OTS-labs/babylab-admin,codeigniter,2021-12-04
https://github.com/UiL-OTS-labs/babylab-admin,php,2021-12-04
https://github.com/UiL-OTS-labs/django-shared-core,django,2021-12-04
https://github.com/UiL-OTS-labs/django-shared-core,python,2021-12-04
https://github.com/UiL-OTS-labs/ethics,django,2021-12-04
https://github.com/UtrechtRiversEstuaries/riverbifurcation1D,bifurcation,2021-12-04
https://github.com/UtrechtRiversEstuaries/riverbifurcation1D,earth-surf,2021-12-04
https://github.com/UtrechtRiversEstuaries/riverbifurcation1D,river-bifurcations,2021-12-04
https://github.com/UtrechtUniversity/anonymouus,de-identification,2021-12-04
https://github.com/UtrechtUniversity/anonymouus,python,2021-12-04
https://github.com/UtrechtUniversity/anonymouus,text,2021-12-04
https://github.com/UtrechtUniversity/awesome-utrecht-university,awesome-list,2021-12-04
https://github.com/UtrechtUniversity/awesome-utrecht-university,documentation,2021-12-04
https://github.com/UtrechtUniversity/awesome-utrecht-university,open-data,2021-12-04
https://github.com/UtrechtUniversity/awesome-utrecht-university,open-science,2021-12-04
https://github.com/UtrechtUniversity/awesome-utrecht-university,research,2021-12-04
https://github.com/UtrechtUniversity/awesome-utrecht-university,university,2021-12-04
https://github.com/UtrechtUniversity/awesome-utrecht-university,utrecht-university,2021-12-04
https://github.com/UtrechtUniversity/best-practices,documentation,2021-12-04
https://github.com/UtrechtUniversity/best-practices,git,2021-12-04
https://github.com/UtrechtUniversity/best-practices,research,2021-12-04
https://github.com/UtrechtUniversity/best-practices,utrecht-university,2021-12-04
https://github.com/UtrechtUniversity/dataprivacyhandbook,gdpr,2021-12-04
https://github.com/UtrechtUniversity/dataprivacyhandbook,open-science,2021-12-04
https://github.com/UtrechtUniversity/dataprivacyhandbook,privacy,2021-12-04
https://github.com/UtrechtUniversity/dataprivacyhandbook,rdm,2021-12-04
https://github.com/UtrechtUniversity/dataprivacyhandbook,research,2021-12-04
https://github.com/UtrechtUniversity/dataprivacyhandbook,research-data-management,2021-12-04
https://github.com/UtrechtUniversity/dataprivacyproject,data,2021-12-04
https://github.com/UtrechtUniversity/dataprivacyproject,gdpr,2021-12-04
https://github.com/UtrechtUniversity/dataprivacyproject,open-science,2021-12-04
https://github.com/UtrechtUniversity/dataprivacyproject,privacy,2021-12-04
https://github.com/UtrechtUniversity/dataprivacyproject,rdm,2021-12-04
https://github.com/UtrechtUniversity/dataprivacyproject,research,2021-12-04
https://github.com/UtrechtUniversity/dataprivacyproject,research-data-management,2021-12-04
https://github.com/UtrechtUniversity/davrods,davrods,2021-12-04
https://github.com/UtrechtUniversity/davrods,irods,2021-12-04
https://github.com/UtrechtUniversity/davrods,webdav,2021-12-04
https://github.com/UtrechtUniversity/davrods,yoda,2021-12-04
https://github.com/UtrechtUniversity/dokuwiki-ansible,ansible,2021-12-04
https://github.com/UtrechtUniversity/dokuwiki-ansible,dokuwiki,2021-12-04
https://github.com/UtrechtUniversity/epos-msl,ansible,2021-12-04
https://github.com/UtrechtUniversity/epos-msl,apache2,2021-12-04
https://github.com/UtrechtUniversity/epos-msl,ckan,2021-12-04
https://github.com/UtrechtUniversity/epos-msl,epos,2021-12-04
https://github.com/UtrechtUniversity/epos-msl,postgresql,2021-12-04
https://github.com/UtrechtUniversity/epos-msl,redis,2021-12-04
https://github.com/UtrechtUniversity/epos-msl,solr,2021-12-04
https://github.com/UtrechtUniversity/epos-msl-theme,ckan,2021-12-04
https://github.com/UtrechtUniversity/epos-msl-theme,epos,2021-12-04
https://github.com/UtrechtUniversity/epos-msl-theme,theme,2021-12-04
https://github.com/UtrechtUniversity/getOldTweets-Airflow,airflow,2021-12-04
https://github.com/UtrechtUniversity/getOldTweets-Airflow,getoldtweets,2021-12-04
https://github.com/UtrechtUniversity/getOldTweets-Airflow,historical-data,2021-12-04
https://github.com/UtrechtUniversity/getOldTweets-Airflow,tweepy,2021-12-04
https://github.com/UtrechtUniversity/getOldTweets-Airflow,twitter,2021-12-04
https://github.com/UtrechtUniversity/getOldTweets-Airflow,twitter-search,2021-12-04
https://github.com/UtrechtUniversity/getOldTweets-Airflow,utrecht-university,2021-12-04
https://github.com/UtrechtUniversity/getting-started,documentation,2021-12-04
https://github.com/UtrechtUniversity/getting-started,getting-started,2021-12-04
https://github.com/UtrechtUniversity/getting-started,github,2021-12-04
https://github.com/UtrechtUniversity/getting-started,utrecht-university,2021-12-04
https://github.com/UtrechtUniversity/icat-database-checker,irods,2021-12-04
https://github.com/UtrechtUniversity/ii,irods,2021-12-04
https://github.com/UtrechtUniversity/ii,irods-client,2021-12-04
https://github.com/UtrechtUniversity/ilab-catalog,ansible,2021-12-04
https://github.com/UtrechtUniversity/ilab-catalog,apache2,2021-12-04
https://github.com/UtrechtUniversity/ilab-catalog,ckan,2021-12-04
https://github.com/UtrechtUniversity/ilab-catalog,postgresql,2021-12-04
https://github.com/UtrechtUniversity/ilab-catalog,redis,2021-12-04
https://github.com/UtrechtUniversity/ilab-catalog,solr,2021-12-04
https://github.com/UtrechtUniversity/ilab-catalog-theme,ckan,2021-12-04
https://github.com/UtrechtUniversity/ilab-catalog-theme,theme,2021-12-04
https://github.com/UtrechtUniversity/irods-consistency-check,checksum,2021-12-04
https://github.com/UtrechtUniversity/irods-consistency-check,irods,2021-12-04
https://github.com/UtrechtUniversity/irods-offline-install,irods,2021-12-04
https://github.com/UtrechtUniversity/irods-ruleset-research,irods,2021-12-04
https://github.com/UtrechtUniversity/irods-ruleset-research,yoda,2021-12-04
https://github.com/UtrechtUniversity/irods-ruleset-uu,irods,2021-12-04
https://github.com/UtrechtUniversity/irods-ruleset-uu,python,2021-12-04
https://github.com/UtrechtUniversity/irods-ruleset-uu,yoda,2021-12-04
https://github.com/UtrechtUniversity/irods-sudo-microservices,irods,2021-12-04
https://github.com/UtrechtUniversity/irods-sudo-microservices,microservices,2021-12-04
https://github.com/UtrechtUniversity/irods-sudo-microservices,policies,2021-12-04
https://github.com/UtrechtUniversity/irods-sudo-microservices,yoda,2021-12-04
https://github.com/UtrechtUniversity/irods-uu-microservices,irods,2021-12-04
https://github.com/UtrechtUniversity/irods-uu-microservices,yoda,2021-12-04
https://github.com/UtrechtUniversity/iswitch,icommands,2021-12-04
https://github.com/UtrechtUniversity/iswitch,irods,2021-12-04
https://github.com/UtrechtUniversity/microbiome,cli,2021-12-04
https://github.com/UtrechtUniversity/microbiome,typer,2021-12-04
https://github.com/UtrechtUniversity/microbiome,utrecht-university,2021-12-04
https://github.com/UtrechtUniversity/Qualtrics-Peer-Reports,assessment,2021-12-04
https://github.com/UtrechtUniversity/Qualtrics-Peer-Reports,nominations,2021-12-04
https://github.com/UtrechtUniversity/Qualtrics-Peer-Reports,peer,2021-12-04
https://github.com/UtrechtUniversity/Qualtrics-Peer-Reports,peers,2021-12-04
https://github.com/UtrechtUniversity/Qualtrics-Peer-Reports,qualtrics,2021-12-04
https://github.com/UtrechtUniversity/R-data-cafe,meetup,2021-12-04
https://github.com/UtrechtUniversity/R-data-cafe,programming,2021-12-04
https://github.com/UtrechtUniversity/R-data-cafe,r-code,2021-12-04
https://github.com/UtrechtUniversity/R-data-cafe,utrecht-university,2021-12-04
https://github.com/UtrechtUniversity/remindo-api,api-wrapper,2021-12-04
https://github.com/UtrechtUniversity/remindo-api,digital-test,2021-12-04
https://github.com/UtrechtUniversity/remindo-api,remindo,2021-12-04
https://github.com/UtrechtUniversity/remindo-api,utrecht-university,2021-12-04
https://github.com/UtrechtUniversity/researchcloud-items,ansible-role,2021-12-04
https://github.com/UtrechtUniversity/researchcloud-items,research-cloud,2021-12-04
https://github.com/UtrechtUniversity/SCCA,correspondence-analysis,2021-12-04
https://github.com/UtrechtUniversity/SCCA,spectral-clustering,2021-12-04
https://github.com/UtrechtUniversity/SCCA,utrecht-university,2021-12-04
https://github.com/UtrechtUniversity/SWORDS-UU,fair,2021-12-04
https://github.com/UtrechtUniversity/SWORDS-UU,open-science,2021-12-04
https://github.com/UtrechtUniversity/SWORDS-UU,research-software,2021-12-04
https://github.com/UtrechtUniversity/SWORDS-UU,swords,2021-12-04
https://github.com/UtrechtUniversity/SWORDS-UU,utrecht-university,2021-12-04
https://github.com/UtrechtUniversity/uu-jekyll-theme,jekyll,2021-12-04
https://github.com/UtrechtUniversity/uucls,latex,2021-12-04
https://github.com/UtrechtUniversity/uucls,latex-class,2021-12-04
https://github.com/UtrechtUniversity/uucls,utrecht-university,2021-12-04
https://github.com/UtrechtUniversity/uupeeps,utrecht-university,2021-12-04
https://github.com/UtrechtUniversity/vagrant-irods,irods,2021-12-04
https://github.com/UtrechtUniversity/vagrant-irods,vagrant,2021-12-04
https://github.com/UtrechtUniversity/yoda,ansible,2021-12-04
https://github.com/UtrechtUniversity/yoda,automated-deployment,2021-12-04
https://github.com/UtrechtUniversity/yoda,data,2021-12-04
https://github.com/UtrechtUniversity/yoda,irods,2021-12-04
https://github.com/UtrechtUniversity/yoda,research,2021-12-04
https://github.com/UtrechtUniversity/yoda,yoda,2021-12-04
https://github.com/UtrechtUniversity/yoda-clienttools,yoda,2021-12-04
https://github.com/UtrechtUniversity/yoda-external-user-service,php,2021-12-04
https://github.com/UtrechtUniversity/yoda-external-user-service,yoda,2021-12-04
https://github.com/UtrechtUniversity/yoda-portal,flask,2021-12-04
https://github.com/UtrechtUniversity/yoda-portal,irods,2021-12-04
https://github.com/UtrechtUniversity/yoda-portal,python,2021-12-04
https://github.com/UtrechtUniversity/yoda-portal,yoda,2021-12-04
https://github.com/UtrechtUniversity/yoda-portal-datarequest,codeigniter,2021-12-04
https://github.com/UtrechtUniversity/yoda-portal-datarequest,php,2021-12-04
https://github.com/UtrechtUniversity/yoda-portal-datarequest,yoda,2021-12-04
https://github.com/UtrechtUniversity/yoda-portal-group-manager,codeigniter,2021-12-04
https://github.com/UtrechtUniversity/yoda-portal-group-manager,php,2021-12-04
https://github.com/UtrechtUniversity/yoda-portal-group-manager,yoda,2021-12-04
https://github.com/UtrechtUniversity/yoda-portal-intake,codeigniter,2021-12-04
https://github.com/UtrechtUniversity/yoda-portal-intake,php,2021-12-04
https://github.com/UtrechtUniversity/yoda-portal-intake,yoda,2021-12-04
https://github.com/UtrechtUniversity/yoda-portal-research,codeigniter,2021-12-04
https://github.com/UtrechtUniversity/yoda-portal-research,php,2021-12-04
https://github.com/UtrechtUniversity/yoda-portal-research,yoda,2021-12-04
https://github.com/UtrechtUniversity/yoda-portal-statistics,codeigniter,2021-12-04
https://github.com/UtrechtUniversity/yoda-portal-statistics,php,2021-12-04
https://github.com/UtrechtUniversity/yoda-portal-statistics,yoda,2021-12-04
https://github.com/UtrechtUniversity/yoda-portal-vault,codeigniter,2021-12-04
https://github.com/UtrechtUniversity/yoda-portal-vault,php,2021-12-04
https://github.com/UtrechtUniversity/yoda-portal-vault,yoda,2021-12-04
https://github.com/UtrechtUniversity/yoda-zabbix,yoda,2021-12-04
https://github.com/UtrechtUniversity/yoda-zabbix,zabbix,2021-12-04
https://github.com/UtrechtUniversity/yoda-zabbix,zabbix-agentd,2021-12-04
https://github.com/UUDigitalHumanitieslab/cfh-lectures,wordpress-child-theme,2021-12-04
https://github.com/UUDigitalHumanitieslab/perfectextractor,extraction,2021-12-04
https://github.com/UUDigitalHumanitieslab/perfectextractor,parallel-corpus,2021-12-04
https://github.com/UUDigitalHumanitieslab/perfectextractor,xpath,2021-12-04
https://github.com/UUDigitalHumanitieslab/texcavator,django,2021-12-04
https://github.com/UUDigitalHumanitieslab/texcavator,dojo,2021-12-04
https://github.com/UUDigitalHumanitieslab/texcavator,elasticsearch,2021-12-04
https://github.com/UUDigitalHumanitieslab/texcavator,python,2021-12-04
https://github.com/UUDigitalHumanitieslab/theaterdramaturgiebank,php,2021-12-04
https://github.com/UUDigitalHumanitieslab/theaterdramaturgiebank,wordpress-child-theme,2021-12-04
https://github.com/UUDigitalHumanitieslab/timealign,annotation,2021-12-04
https://github.com/UUDigitalHumanitieslab/timealign,django-application,2021-12-04
https://github.com/UUDigitalHumanitieslab/timealign,parallel-corpus,2021-12-04
https://github.com/UUDigitalHumanitieslab/timealign,visualization,2021-12-04
https://github.com/vankesteren/blog,blog,2021-12-04
https://github.com/vankesteren/blog,r,2021-12-04
https://github.com/vankesteren/blog,statistics,2021-12-04
https://github.com/vankesteren/blog,website,2021-12-04
https://github.com/vankesteren/streetcompare,gis,2021-12-04
https://github.com/vankesteren/streetcompare,mapping,2021-12-04
https://github.com/vankesteren/streetcompare,rstats,2021-12-04
https://github.com/vankesteren/streetcompare,spatial,2021-12-04
https://github.com/vankesteren/tensorsem,computation-graph,2021-12-04
https://github.com/vankesteren/tensorsem,lavaan,2021-12-04
https://github.com/vankesteren/tensorsem,sem,2021-12-04
https://github.com/vankesteren/tensorsem,torch,2021-12-04
https://github.com/vitality-data-center/environmental_factors,environment-variables,2021-12-04
https://github.com/vmenger/deduce,deidentification,2021-12-04
https://github.com/vmenger/deduce,dutch,2021-12-04
https://github.com/vmenger/deduce,dutch-clinical-nlp,2021-12-04
https://github.com/vmenger/deduce,information-extraction,2021-12-04
https://github.com/vmenger/deduce,nlp,2021-12-04
https://github.com/vmenger/deduce,python,2021-12-04
https://github.com/vmenger/deduce,python-library,2021-12-04
https://github.com/vmenger/deduce,text-mining,2021-12-04
https://github.com/vmenger/deduce,text-processing,2021-12-04
https://github.com/vmenger/psynlp,dutch-clinical-nlp,2021-12-04
https://github.com/vmenger/violence-risk-assessment,dutch-clinical-nlp,2021-12-04
