html_url_repository,topic
https://github.com/alexandrosstergiou/Bootstrap-for-polling,bootstrap
https://github.com/alexandrosstergiou/Bootstrap-for-polling,data-analysis
https://github.com/alexandrosstergiou/Bootstrap-for-polling,data-normalization
https://github.com/alexandrosstergiou/Bootstrap-for-polling,data-science
https://github.com/alexandrosstergiou/Bootstrap-for-polling,decision-making
https://github.com/alexandrosstergiou/Bootstrap-for-polling,nearest-neighbor
https://github.com/alexandrosstergiou/Bootstrap-for-polling,opinion-polls
https://github.com/alexandrosstergiou/Bootstrap-for-polling,pandas-dataframe
https://github.com/alexandrosstergiou/Class_Feature_Visualization_Pyramid,3d-cnn
https://github.com/alexandrosstergiou/Class_Feature_Visualization_Pyramid,layer-wise-saliency
https://github.com/alexandrosstergiou/Class_Feature_Visualization_Pyramid,pytorch
https://github.com/alexandrosstergiou/Class_Feature_Visualization_Pyramid,saliency-tubes
https://github.com/alexandrosstergiou/Class_Feature_Visualization_Pyramid,visual-explanations
https://github.com/alexandrosstergiou/Inception_v3_TV_Human_Interactions,grad-cam
https://github.com/alexandrosstergiou/Inception_v3_TV_Human_Interactions,keras-inception
https://github.com/alexandrosstergiou/Inception_v3_TV_Human_Interactions,keras-tensorflow
https://github.com/alexandrosstergiou/Inception_v3_TV_Human_Interactions,transfer-learning
https://github.com/alexandrosstergiou/Inception_v3_TV_Human_Interactions,tv-human-interactions
https://github.com/alexandrosstergiou/keras-DepthwiseConv3D,3d-convolutions
https://github.com/alexandrosstergiou/keras-DepthwiseConv3D,depthwise-separable-convolutions
https://github.com/alexandrosstergiou/keras-DepthwiseConv3D,keras-tensorflow
https://github.com/alexandrosstergiou/keras-DepthwiseConv3D,separable-convolutions
https://github.com/alexandrosstergiou/Saliency-Tubes-Visual-Explanations-for-Spatio-Temporal-Convolutions,3d-cnn
https://github.com/alexandrosstergiou/Saliency-Tubes-Visual-Explanations-for-Spatio-Temporal-Convolutions,3d-convolutional-network
https://github.com/alexandrosstergiou/Saliency-Tubes-Visual-Explanations-for-Spatio-Temporal-Convolutions,keras
https://github.com/alexandrosstergiou/Saliency-Tubes-Visual-Explanations-for-Spatio-Temporal-Convolutions,pytorch
https://github.com/alexandrosstergiou/Saliency-Tubes-Visual-Explanations-for-Spatio-Temporal-Convolutions,saliency-tubes
https://github.com/alexandrosstergiou/Saliency-Tubes-Visual-Explanations-for-Spatio-Temporal-Convolutions,visualisations
https://github.com/alexandrosstergiou/Squeeze-and-Recursion-Temporal-Gates,3d-cnn
https://github.com/alexandrosstergiou/Squeeze-and-Recursion-Temporal-Gates,action-recognition
https://github.com/alexandrosstergiou/Squeeze-and-Recursion-Temporal-Gates,activity-recognition
https://github.com/alexandrosstergiou/Squeeze-and-Recursion-Temporal-Gates,hacs
https://github.com/alexandrosstergiou/Squeeze-and-Recursion-Temporal-Gates,kinetics-datasets
https://github.com/alexandrosstergiou/Squeeze-and-Recursion-Temporal-Gates,moments-in-time
https://github.com/alexandrosstergiou/Squeeze-and-Recursion-Temporal-Gates,pytorch
https://github.com/alexandrosstergiou/Squeeze-and-Recursion-Temporal-Gates,recursion-temporal-gates
https://github.com/alexandrosstergiou/Squeeze-and-Recursion-Temporal-Gates,spatio-temporal-modeling
https://github.com/alexandrosstergiou/TensorflowPlayground,deep-learning
https://github.com/alexandrosstergiou/TensorflowPlayground,keras
https://github.com/alexandrosstergiou/TensorflowPlayground,keras-neural-networks
https://github.com/alexandrosstergiou/TensorflowPlayground,mnist-dataset
https://github.com/alexandrosstergiou/TensorflowPlayground,neural-networks
https://github.com/alexandrosstergiou/TensorflowPlayground,python
https://github.com/alexandrosstergiou/TensorflowPlayground,tensorflow
https://github.com/alexandrosstergiou/Traffic-Sign-Recognition-basd-on-Synthesised-Training-Data,automated
https://github.com/alexandrosstergiou/Traffic-Sign-Recognition-basd-on-Synthesised-Training-Data,computer-vision
https://github.com/alexandrosstergiou/Traffic-Sign-Recognition-basd-on-Synthesised-Training-Data,convolutional-neural-networks
https://github.com/alexandrosstergiou/Traffic-Sign-Recognition-basd-on-Synthesised-Training-Data,data-generation
https://github.com/alexandrosstergiou/Traffic-Sign-Recognition-basd-on-Synthesised-Training-Data,deep-learning
https://github.com/alexandrosstergiou/Traffic-Sign-Recognition-basd-on-Synthesised-Training-Data,driver-assistant
https://github.com/alexandrosstergiou/Traffic-Sign-Recognition-basd-on-Synthesised-Training-Data,image-manipulation
https://github.com/alexandrosstergiou/Traffic-Sign-Recognition-basd-on-Synthesised-Training-Data,image-processing
https://github.com/alexandrosstergiou/Traffic-Sign-Recognition-basd-on-Synthesised-Training-Data,keras
https://github.com/alexandrosstergiou/Traffic-Sign-Recognition-basd-on-Synthesised-Training-Data,keras-neural-networks
https://github.com/alexandrosstergiou/Traffic-Sign-Recognition-basd-on-Synthesised-Training-Data,machine-learning
https://github.com/alexandrosstergiou/Traffic-Sign-Recognition-basd-on-Synthesised-Training-Data,synthetic-data
https://github.com/alexandrosstergiou/Traffic-Sign-Recognition-basd-on-Synthesised-Training-Data,synthetic-images
https://github.com/alexandrosstergiou/Traffic-Sign-Recognition-basd-on-Synthesised-Training-Data,traffic-sign-classification
https://github.com/alexandrosstergiou/video2spectrogram,audio-extractor
https://github.com/alexandrosstergiou/video2spectrogram,audio-processing
https://github.com/alexandrosstergiou/video2spectrogram,spectrogram
https://github.com/alexandrosstergiou/video2spectrogram,wav
https://github.com/amices/dsMice,chained-equations
https://github.com/amices/dsMice,datashield
https://github.com/amices/dsMice,imputation
https://github.com/amices/dsMice,mice
https://github.com/amices/dsMiceClient,chained-equations
https://github.com/amices/dsMiceClient,datashield
https://github.com/amices/dsMiceClient,imputation
https://github.com/amices/dsMiceClient,mice
https://github.com/amices/mice,chained-equations
https://github.com/amices/mice,fcs
https://github.com/amices/mice,imputation
https://github.com/amices/mice,mice
https://github.com/amices/mice,missing-data
https://github.com/amices/mice,missing-values
https://github.com/amices/mice,multiple-imputation
https://github.com/amices/mice,multivariate-data
https://github.com/arnobastenhof/oberon,compilers
https://github.com/arnobastenhof/oberon,oberon
https://github.com/arnobastenhof/oberon,risc
https://github.com/aromanowski/group-website,jekyll-site
https://github.com/aromanowski/group-website,websites
https://github.com/asreview/asreview,active-learning
https://github.com/asreview/asreview,asreview
https://github.com/asreview/asreview,covid-19
https://github.com/asreview/asreview,deep-learning
https://github.com/asreview/asreview,learning-algorithms
https://github.com/asreview/asreview,literature
https://github.com/asreview/asreview,research
https://github.com/asreview/asreview,systematic-literature-reviews
https://github.com/asreview/asreview,systematic-reviews
https://github.com/asreview/asreview,utrecht-university
https://github.com/asreview/asreview-artwork,asreview
https://github.com/asreview/asreview-artwork,logo
https://github.com/asreview/asreview-artwork,systematic-literature-reviews
https://github.com/asreview/asreview-artwork,systematic-reviews
https://github.com/asreview/asreview-covid19,asreview
https://github.com/asreview/asreview-covid19,cord-19
https://github.com/asreview/asreview-covid19,cord-19-dataset
https://github.com/asreview/asreview-covid19,coronavirus
https://github.com/asreview/asreview-covid19,covid-19
https://github.com/asreview/asreview-covid19,covid19-data
https://github.com/asreview/asreview-covid19,dataset
https://github.com/asreview/asreview-covid19,learning-algorithms
https://github.com/asreview/asreview-covid19,machine-learning
https://github.com/asreview/asreview-covid19,papers
https://github.com/asreview/asreview-covid19,plugin
https://github.com/asreview/asreview-covid19,preprints
https://github.com/asreview/asreview-covid19,python
https://github.com/asreview/asreview-covid19,systematic-reviews
https://github.com/asreview/asreview-covid19,utrecht-university
https://github.com/asreview/asreview-extension-vocab-extractor,asreview
https://github.com/asreview/asreview-hyperopt,asreview
https://github.com/asreview/asreview-hyperopt,balance-strategy
https://github.com/asreview/asreview-hyperopt,feature-extraction
https://github.com/asreview/asreview-hyperopt,hyper-parameters
https://github.com/asreview/asreview-hyperopt,hyperopt
https://github.com/asreview/asreview-hyperopt,optimization
https://github.com/asreview/asreview-hyperopt,utrecht-university
https://github.com/asreview/asreview-multilingual-feature-extractor,asreview
https://github.com/asreview/asreview-multilingual-feature-extractor,feature-extraction
https://github.com/asreview/asreview-multilingual-feature-extractor,multilingual
https://github.com/asreview/asreview-multilingual-feature-extractor,sentence-transformers
https://github.com/asreview/asreview-project-files-testing,asreview
https://github.com/asreview/asreview-ranking-stability,asreview
https://github.com/asreview/asreview-simulation-time,asreview
https://github.com/asreview/asreview-statistics,asreview
https://github.com/asreview/asreview-statistics,plugin
https://github.com/asreview/asreview-statistics,systematic-literature-reviews
https://github.com/asreview/asreview-statistics,systematic-reviews
https://github.com/asreview/asreview-visualization,active-learning
https://github.com/asreview/asreview-visualization,asreview
https://github.com/asreview/asreview-visualization,discovery
https://github.com/asreview/asreview-visualization,plot
https://github.com/asreview/asreview-visualization,utrecht-university
https://github.com/asreview/asreview-visualization,visualization
https://github.com/asreview/asreview-wordcloud,asreview
https://github.com/asreview/asreview-wordcloud,systematic-literature-reviews
https://github.com/asreview/asreview-wordcloud,systematic-reviews
https://github.com/asreview/asreview-wordcloud,utrecht-university
https://github.com/asreview/asreview-wordcloud,wordcloud
https://github.com/asreview/automated-systematic-review-simulations,active-learning
https://github.com/asreview/automated-systematic-review-simulations,deep-learning
https://github.com/asreview/automated-systematic-review-simulations,research
https://github.com/asreview/automated-systematic-review-simulations,systematic-literature-reviews
https://github.com/asreview/automated-systematic-review-simulations,systematic-reviews
https://github.com/asreview/paper-asreview,asreview
https://github.com/asreview/paper-asreview,paper-asreview
https://github.com/asreview/paper-guidelines-KIFMS,asreview
https://github.com/asreview/paper-guidelines-KIFMS,medical
https://github.com/asreview/paper-guidelines-KIFMS,medical-guidelines
https://github.com/asreview/paper-guidelines-KIFMS,python
https://github.com/asreview/paper-guidelines-KIFMS,systematic-reviews
https://github.com/asreview/paper-guidelines-KIFMS,systematic-reviews-datasets
https://github.com/asreview/paper-guidelines-KIFMS,utrecht-university
https://github.com/asreview/paper-simulating-risk-analysis-documents-KNMP,asreview
https://github.com/asreview/paper-simulating-risk-analysis-documents-KNMP,knmp
https://github.com/asreview/paper-simulating-risk-analysis-documents-KNMP,risk-analysis-document
https://github.com/asreview/paper-simulating-risk-analysis-documents-KNMP,simulation
https://github.com/asreview/semantic-clusters,asreview
https://github.com/asreview/semantic-clusters,clustering
https://github.com/asreview/semantic-clusters,systematic-reviews
https://github.com/asreview/systematic-review-datasets,asreview
https://github.com/asreview/systematic-review-datasets,csv-files
https://github.com/asreview/systematic-review-datasets,datasets
https://github.com/asreview/systematic-review-datasets,ris
https://github.com/asreview/systematic-review-datasets,ris-files
https://github.com/asreview/systematic-review-datasets,systematic-reviews-datasets
https://github.com/asreview/systematic-review-datasets,utrecht-university
https://github.com/asreview/template-extension-new-dataset,asreview
https://github.com/asreview/template-extension-new-model,asreview
https://github.com/basm92/hdng,hdng
https://github.com/basm92/hdng,r
https://github.com/basm92/hdng,rpackage
https://github.com/basm92/hdng,rstats-package
https://github.com/bozso/clapplot,plot
https://github.com/bozso/clapplot,plotter
https://github.com/bozso/clapplot,plotting
https://github.com/bozso/clapplot,rust
https://github.com/bozso/clapplot,rust-lang
https://github.com/bozso/clapplot,rust-library
https://github.com/bozso/clapplot,rustlang
https://github.com/bozso/clapplot,terminal
https://github.com/bozso/clapplot,terminal-app
https://github.com/bozso/clapplot,terminal-based
https://github.com/bozso/dotfiles,bash
https://github.com/bozso/dotfiles,bash-alias
https://github.com/bozso/dotfiles,bash-script
https://github.com/bozso/dotfiles,bash-scripting
https://github.com/bozso/dotfiles,bashrc
https://github.com/bozso/dotfiles,config
https://github.com/bozso/dotfiles,configs
https://github.com/bozso/dotfiles,configuration
https://github.com/bozso/dotfiles,dotfiles
https://github.com/bozso/dotfiles,shell
https://github.com/bozso/dotfiles,shell-script
https://github.com/bozso/dotfiles,shell-scripting
https://github.com/bozso/dotfiles,shell-scripts
https://github.com/bozso/dotfiles,shellscript
https://github.com/bozso/gomma,go
https://github.com/bozso/gomma,golang
https://github.com/bozso/gomma,golang-application
https://github.com/bozso/gomma,golang-library
https://github.com/bozso/gomma,golang-package
https://github.com/bozso/gomma,golang-wrapper
https://github.com/bozso/gomma,insar
https://github.com/bozso/gomma,remote-sensing
https://github.com/bozso/gomma,sar
https://github.com/bozso/gotoolbox,go
https://github.com/bozso/gotoolbox,go-lang
https://github.com/bozso/gotoolbox,go-library
https://github.com/bozso/gotoolbox,go-package
https://github.com/bozso/gotoolbox,golang
https://github.com/bozso/gotoolbox,golang-application
https://github.com/bozso/gotoolbox,golang-library
https://github.com/bozso/gotoolbox,golang-module
https://github.com/bozso/gotoolbox,golang-package
https://github.com/bozso/gotoolbox,golang-tools
https://github.com/bozso/gotoolbox,toolbox
https://github.com/bozso/gotoolbox,tools
https://github.com/bozso/gotoolbox,util
https://github.com/bozso/gotoolbox,utilities
https://github.com/bozso/gotoolbox,utility
https://github.com/bozso/gotoolbox,utility-library
https://github.com/bozso/gotoolbox,utils
https://github.com/bozso/insar_meteo,c
https://github.com/bozso/insar_meteo,cpp
https://github.com/bozso/insar_meteo,cpp11
https://github.com/bozso/insar_meteo,daisy
https://github.com/bozso/insar_meteo,insar
https://github.com/bozso/insar_meteo,interferometric-processing
https://github.com/bozso/insar_meteo,interferometry
https://github.com/bozso/insar_meteo,matlab
https://github.com/bozso/insar_meteo,python
https://github.com/bozso/insar_meteo,python3
https://github.com/bozso/insar_meteo,sar
https://github.com/bozso/insar_meteo,sar-images
https://github.com/bozso/pygomma,insar
https://github.com/bozso/pygomma,python
https://github.com/bozso/pygomma,python-library
https://github.com/bozso/pygomma,python-script
https://github.com/bozso/pygomma,python3
https://github.com/bozso/pygomma,remote-sensing
https://github.com/bozso/pygomma,sar
https://github.com/bozso/pygomma,script
https://github.com/bozso/pygomma,scripting
https://github.com/bozso/pygomma,scripts
https://github.com/bozso/pygomma,wrapper
https://github.com/bozso/pygomma,wrapper-library
https://github.com/bozso/pygomma,wrapper-script
https://github.com/bozso/rstoolbox,rust
https://github.com/bozso/rstoolbox,rust-crate
https://github.com/bozso/rstoolbox,rust-lang
https://github.com/bozso/rstoolbox,rust-library
https://github.com/bozso/rstoolbox,rustlang
https://github.com/bozso/rstoolbox,tool
https://github.com/bozso/rstoolbox,toolbox
https://github.com/bozso/rstoolbox,tools
https://github.com/bozso/rstoolbox,util
https://github.com/bozso/rstoolbox,utilities
https://github.com/bozso/rstoolbox,utility
https://github.com/bozso/rstoolbox,utility-library
https://github.com/bozso/templates,bootstrap-theme
https://github.com/bozso/templates,bootstrap4
https://github.com/bozso/templates,go
https://github.com/bozso/templates,go-lang
https://github.com/bozso/templates,go-template
https://github.com/bozso/templates,golang
https://github.com/bozso/templates,html
https://github.com/bozso/templates,html-css
https://github.com/bozso/templates,html-template
https://github.com/bozso/templates,html5
https://github.com/bozso/templates,template
https://github.com/bozso/templates,template-engine
https://github.com/bozso/templates,template-repository
https://github.com/bozso/templates,templates
https://github.com/bozso/texfiles,latex
https://github.com/bozso/texfiles,latex-beamer
https://github.com/bozso/utils,gnuplot
https://github.com/bozso/utils,python
https://github.com/bozso/utils,python27
https://github.com/bozso/utils,python3
https://github.com/bozso/utils,utilities
https://github.com/bozso/utils,utility
https://github.com/bozso/utils,utils
https://github.com/bozso/utils,wrapper
https://github.com/brentp/bigly,bioinformatics
https://github.com/brentp/bigly,genomics
https://github.com/brentp/bigwig-nim,bigbed
https://github.com/brentp/bigwig-nim,bigwig
https://github.com/brentp/bigwig-nim,genomics
https://github.com/brentp/bigwig-nim,high-throughput-sequencing
https://github.com/brentp/bigwig-nim,nim
https://github.com/brentp/bigwig-nim,nim-lang
https://github.com/brentp/bpbio,bam
https://github.com/brentp/bpbio,cram
https://github.com/brentp/bpbio,genomics
https://github.com/brentp/bpbio,genomics-visualization
https://github.com/brentp/bpbio,high-throughput-sequencing
https://github.com/brentp/bpbio,structural-variation
https://github.com/brentp/crampex,bioinformatics
https://github.com/brentp/crampex,genomics
https://github.com/brentp/cyvcf2,bioinformatics
https://github.com/brentp/cyvcf2,cython
https://github.com/brentp/cyvcf2,genomics
https://github.com/brentp/cyvcf2,htslib
https://github.com/brentp/cyvcf2,vcf
https://github.com/brentp/d4-nim,bioinformatics
https://github.com/brentp/d4-nim,genomics
https://github.com/brentp/d4-nim,high-throughput-sequencing
https://github.com/brentp/duphold,genomics
https://github.com/brentp/duphold,insanity
https://github.com/brentp/duphold,structural-variation
https://github.com/brentp/excord,genomics
https://github.com/brentp/excord,structural-variation
https://github.com/brentp/falas,assembly
https://github.com/brentp/falas,dna
https://github.com/brentp/falas,genomics
https://github.com/brentp/falas,structural-variation
https://github.com/brentp/genoiser,bioinformatics
https://github.com/brentp/genoiser,genomics
https://github.com/brentp/genoiser,high-throughput-sequencing
https://github.com/brentp/genoiser,nim
https://github.com/brentp/genoiser,nim-lang
https://github.com/brentp/go-chartjs,chart
https://github.com/brentp/go-chartjs,chartjs
https://github.com/brentp/go-chartjs,golang
https://github.com/brentp/go-chartjs,plot
https://github.com/brentp/go-chartjs,plotting
https://github.com/brentp/goleft,bioinformatics
https://github.com/brentp/goleft,coverage
https://github.com/brentp/goleft,depth
https://github.com/brentp/goleft,genomics
https://github.com/brentp/goleft,golang
https://github.com/cjvanlissa/COVID19_metadata,coronavirus
https://github.com/cjvanlissa/COVID19_metadata,covid
https://github.com/cjvanlissa/COVID19_metadata,ncov
https://github.com/cjvanlissa/COVID19_metadata,sars-cov-2
https://github.com/CLARIAH/awesome-humanities-ontologies,digital-humanities
https://github.com/CLARIAH/awesome-humanities-ontologies,humanities
https://github.com/CLARIAH/awesome-humanities-ontologies,linked-data
https://github.com/CLARIAH/awesome-humanities-ontologies,ontologies
https://github.com/CLARIAH/awesome-humanities-ontologies,semantic-web
https://github.com/CLARIAH/COW,converters
https://github.com/CLARIAH/COW,csv2rdf
https://github.com/CLARIAH/COW,linked-data
https://github.com/CLARIAH/COW,rdf
https://github.com/CLARIAH/COW,semantic-web
https://github.com/CLARIAH/grlc,api
https://github.com/CLARIAH/grlc,linked-data
https://github.com/CLARIAH/grlc,linked-data-api
https://github.com/CLARIAH/grlc,open-api
https://github.com/CLARIAH/grlc,semantic-web
https://github.com/CLARIAH/grlc,sparql
https://github.com/CLARIAH/grlc,swagger-ui
https://github.com/CLARIAH/hhucap,advertisements
https://github.com/CLARIAH/hhucap,biographies
https://github.com/CLARIAH/hhucap,biographynet
https://github.com/CLARIAH/hhucap,career-mobility
https://github.com/CLARIAH/hhucap,clariah
https://github.com/CLARIAH/hhucap,newspaper
https://github.com/CLARIAH/hhucap,nlp
https://github.com/CLARIAH/ruminator,cattle
https://github.com/CLARIAH/ruminator,cow
https://github.com/CLARIAH/ruminator,csvw
https://github.com/CLARIAH/ruminator,rdf
https://github.com/CLARIAH/software-quality-guidelines,quality-guidelines
https://github.com/CLARIAH/software-quality-guidelines,software-quality
https://github.com/CLARIAH/software-quality-guidelines,sustainability
https://github.com/computationalgeography/lue,amt
https://github.com/computationalgeography/lue,asynchronous-tasks
https://github.com/computationalgeography/lue,cartographic-modelling
https://github.com/computationalgeography/lue,computational-geography
https://github.com/computationalgeography/lue,distributed-computing
https://github.com/computationalgeography/lue,environmental-modelling
https://github.com/computationalgeography/lue,hpc
https://github.com/computationalgeography/lue,lue
https://github.com/computationalgeography/lue,parallel-computing
https://github.com/computationalgeography/lue,scientific-database
https://github.com/D-score/childdevdata,child-development
https://github.com/D-score/childdevdata,d-score
https://github.com/D-score/childdevdata,dataset
https://github.com/D-score/dbook1,child-development
https://github.com/D-score/dscore,child-development
https://github.com/D-score/dscore,d-score
https://github.com/D-score/dscore,daz
https://github.com/D-score/dscore,developmental-trajectories
https://github.com/D-score/dscore,growth-charts
https://github.com/D-score/dscore,rasch-model
https://github.com/davidcortesortuno/paper-2018-chiral_magnonic_crystals,dzyaloshinskii-moriya
https://github.com/davidcortesortuno/paper-2018-chiral_magnonic_crystals,magnetism
https://github.com/davidcortesortuno/paper-2018-chiral_magnonic_crystals,magnonics
https://github.com/davidcortesortuno/paper-2018-chiral_magnonic_crystals,micromagnetics
https://github.com/davidcortesortuno/paper-2018-chiral_magnonic_crystals,oommf
https://github.com/davidcortesortuno/paper-2018-chiral_magnonic_crystals,spin
https://github.com/davidcortesortuno/sundials_examples,cvode
https://github.com/davidcortesortuno/sundials_examples,sundials
https://github.com/DorienHuijser/MRIsharingguide,brain
https://github.com/DorienHuijser/MRIsharingguide,data-sharing
https://github.com/DorienHuijser/MRIsharingguide,mri-data
https://github.com/DorienHuijser/MRIsharingguide,netherlands
https://github.com/DorienHuijser/MRIsharingguide,open-science
https://github.com/ekatrukha/ComDet,detection
https://github.com/ekatrukha/ComDet,dots
https://github.com/ekatrukha/ComDet,fiji-plugin
https://github.com/ekatrukha/ComDet,imagej-plugins
https://github.com/ekatrukha/ComDet,java
https://github.com/ekatrukha/ComDet,microscopy
https://github.com/ekatrukha/ComDet,particles
https://github.com/ekatrukha/ComDet,utrecht-university
https://github.com/ekatrukha/ComDet,vesicles
https://github.com/ekatrukha/ContourLines,contour-lines
https://github.com/ekatrukha/ContourLines,fiji
https://github.com/ekatrukha/ContourLines,image
https://github.com/ekatrukha/ContourLines,imagej
https://github.com/ekatrukha/Correlescence,cross-correlation
https://github.com/ekatrukha/Correlescence,fiji
https://github.com/ekatrukha/Correlescence,fiji-plugin
https://github.com/ekatrukha/Correlescence,imagej
https://github.com/ekatrukha/Correlescence,imagej-plugin
https://github.com/ekatrukha/Correlescence,microscopy
https://github.com/ekatrukha/Correlescence,stacks
https://github.com/ekatrukha/CurveTrace,curve-tracing
https://github.com/ekatrukha/CurveTrace,fiji-plugin
https://github.com/ekatrukha/CurveTrace,imagej-plugins
https://github.com/ekatrukha/CurveTrace,microscopy
https://github.com/ekatrukha/DoM_Utrecht,fiji-plugin
https://github.com/ekatrukha/DoM_Utrecht,imagej
https://github.com/ekatrukha/DoM_Utrecht,imagej-plugins
https://github.com/ekatrukha/DoM_Utrecht,java
https://github.com/ekatrukha/DoM_Utrecht,single-molecule
https://github.com/ekatrukha/DoM_Utrecht,utrecht-university
https://github.com/ekatrukha/KymoResliceWide,fiji-plugin
https://github.com/ekatrukha/KymoResliceWide,imagej-plugins
https://github.com/ekatrukha/KymoResliceWide,java
https://github.com/ekatrukha/KymoResliceWide,stacks
https://github.com/ekatrukha/PTU_Reader,converter
https://github.com/ekatrukha/PTU_Reader,fiji-plugin
https://github.com/ekatrukha/PTU_Reader,imagej
https://github.com/ekatrukha/PTU_Reader,imagej-plugins
https://github.com/ekatrukha/PTU_Reader,lifetime
https://github.com/ekatrukha/PTU_Reader,picoquant
https://github.com/ekatrukha/PTU_Reader,pt3
https://github.com/ekatrukha/PTU_Reader,stack
https://github.com/ekatrukha/PTU_Reader,utrecht-university
https://github.com/ekatrukha/radialitymap,imagej-macro
https://github.com/ekatrukha/rods-detection-in-noisy-images,detection
https://github.com/ekatrukha/rods-detection-in-noisy-images,fluorescence-microscopy-imaging
https://github.com/ekatrukha/rods-detection-in-noisy-images,imagej-macro
https://github.com/ekatrukha/rods-detection-in-noisy-images,matlab-script
https://github.com/ekatrukha/rods-detection-in-noisy-images,tracking
https://github.com/ekatrukha/ZstackDepthColorCode,colorcode
https://github.com/ekatrukha/ZstackDepthColorCode,fiji
https://github.com/ekatrukha/ZstackDepthColorCode,fiji-plugin
https://github.com/ekatrukha/ZstackDepthColorCode,imagej
https://github.com/ekatrukha/ZstackDepthColorCode,imagej-plugin
https://github.com/ekatrukha/ZstackDepthColorCode,microscopy
https://github.com/ellenhamaker/RI-CLPM,lavaan
https://github.com/ellenhamaker/RI-CLPM,longitudinal-data
https://github.com/ellenhamaker/RI-CLPM,mplus
https://github.com/ellenhamaker/RI-CLPM,panel-data
https://github.com/ellenhamaker/RI-CLPM,ri-clpm
https://github.com/galib360/3DCGA,graphics-programming
https://github.com/galib360/3DCGA,opengl
https://github.com/galib360/3DCGA,rendering-3d-graphics
https://github.com/galib360/3DCGA_Project,animation
https://github.com/galib360/3DCGA_Project,computergraphics
https://github.com/galib360/3DCGA_Project,cpp
https://github.com/galib360/3DCGA_Project,game-engine
https://github.com/galib360/3DCGA_Project,glsl
https://github.com/galib360/3DCGA_Project,graphics-programming
https://github.com/galib360/3DCGA_Project,opengl
https://github.com/galib360/BigData_Project,big-data-analytics
https://github.com/galib360/BigData_Project,pyspark-notebook
https://github.com/galib360/CheckerAnalysis,calibration
https://github.com/galib360/CheckerAnalysis,camera-calibration
https://github.com/galib360/CheckerAnalysis,opencv
https://github.com/galib360/CloudAlignmentAnalysis,opencv
https://github.com/galib360/CloudAlignmentAnalysis,point-cloud
https://github.com/galib360/CloudAlignmentAnalysis,slam-algorithms
https://github.com/galib360/GeometricModeling,geometric-modeling
https://github.com/galib360/GeometricModeling,graphics-programming
https://github.com/galib360/GeometricModeling,java
https://github.com/galib360/Machine_Learning_practice,hugin
https://github.com/galib360/Machine_Learning_practice,machine-learning-algorithms
https://github.com/galib360/Machine_Learning_practice,scikit-learn
https://github.com/galib360/Machine_Learning_practice,tensorflow
https://github.com/galib360/Media_Retrieval_SBIR,bing-api
https://github.com/galib360/Media_Retrieval_SBIR,deep-neural-networks
https://github.com/galib360/Media_Retrieval_SBIR,image-retrieval
https://github.com/galib360/Media_Retrieval_SBIR,keras-tensorflow
https://github.com/galib360/Media_Retrieval_SBIR,pythonapi
https://github.com/galib360/Media_Retrieval_SBIR,sbir
https://github.com/galib360/Media_Retrieval_SBIR,tensorflow
https://github.com/galib360/VolVis,java
https://github.com/galib360/VolVis,medical-imaging
https://github.com/galib360/VolVis,visualization
https://github.com/galib360/VolVis,volume-rendering
https://github.com/gbeckers/Darr,array
https://github.com/gbeckers/Darr,bsd-3-clause
https://github.com/gbeckers/Darr,data-science
https://github.com/gbeckers/Darr,data-sharing
https://github.com/gbeckers/Darr,data-storage
https://github.com/gbeckers/Darr,interoperability
https://github.com/gbeckers/Darr,numeric
https://github.com/gbeckers/Darr,python
https://github.com/gbeckers/Darr,ragged-array
https://github.com/gbeckers/Darr,science
https://github.com/gbeckers/jadeR,blind-source-separation
https://github.com/gbeckers/jadeR,independent-component-analysis
https://github.com/georkap/hand_track_classification,3d-convnet
https://github.com/georkap/hand_track_classification,classification
https://github.com/georkap/hand_track_classification,lstm
https://github.com/georkap/hand_track_classification,resnet
https://github.com/Gionimo/InteractiveNarrator,at
https://github.com/Gionimo/InteractiveNarrator,university
https://github.com/Gionimo/InteractiveNarrator,utrecht
https://github.com/growthcharts/bdsreader,basisdataset-jgz
https://github.com/growthcharts/bdsreader,james-server
https://github.com/growthcharts/bdsreader,json
https://github.com/growthcharts/brokenstick,b-spline
https://github.com/growthcharts/brokenstick,growth-curves
https://github.com/growthcharts/brokenstick,linear-mixed-models
https://github.com/growthcharts/brokenstick,longitudinal-data
https://github.com/growthcharts/centile,box-cox
https://github.com/growthcharts/centile,centile
https://github.com/growthcharts/centile,james-server
https://github.com/growthcharts/centile,rif
https://github.com/growthcharts/chartbox,anthropometry
https://github.com/growthcharts/chartbox,dutch
https://github.com/growthcharts/chartbox,growth-charts
https://github.com/growthcharts/chartbox,growth-curves
https://github.com/growthcharts/chartbox,growth-standards
https://github.com/growthcharts/chartbox,james-server
https://github.com/growthcharts/chartcatalog,anthropometry
https://github.com/growthcharts/chartcatalog,growth-charts
https://github.com/growthcharts/chartcatalog,growth-curves
https://github.com/growthcharts/chartcatalog,james-server
https://github.com/growthcharts/chartplotter,dutch
https://github.com/growthcharts/chartplotter,growth-charts
https://github.com/growthcharts/chartplotter,growth-curves
https://github.com/growthcharts/chartplotter,james-server
https://github.com/growthcharts/curvematching,james-server
https://github.com/growthcharts/growthscreener,growth-charts
https://github.com/growthcharts/growthscreener,growth-curves
https://github.com/growthcharts/growthscreener,growth-standards
https://github.com/growthcharts/growthscreener,james-server
https://github.com/growthcharts/growthscreener,referral
https://github.com/growthcharts/james,bds
https://github.com/growthcharts/james,dutch
https://github.com/growthcharts/james,growth-curves
https://github.com/growthcharts/james,james-server
https://github.com/growthcharts/james,restful-api
https://github.com/growthcharts/jamesclient,anthropometry
https://github.com/growthcharts/jamesclient,growth-charts
https://github.com/growthcharts/jamesclient,growth-curves
https://github.com/growthcharts/jamesclient,james-server
https://github.com/growthcharts/jamesclient,restful-api
https://github.com/growthcharts/jamesdemo,anthropometry
https://github.com/growthcharts/jamesdemo,growth-charts
https://github.com/growthcharts/jamesdemo,growth-curves
https://github.com/growthcharts/jamesdemo,james-server
https://github.com/growthcharts/jamesdemo,shiny
https://github.com/growthcharts/nlreferences,growth-curves
https://github.com/growthcharts/nlreferences,netherlands
https://github.com/growthcharts/nlreferences,rif-format
https://github.com/haddocking/pdb-tools,bioinformatics
https://github.com/haddocking/pdb-tools,pdb
https://github.com/haddocking/pdb-tools,protein
https://github.com/haddocking/pdb-tools,python
https://github.com/haddocking/pdb-tools,rcsb
https://github.com/haddocking/pdb-tools,structural-bioinformatics
https://github.com/haddocking/pdb-tools,structural-biology
https://github.com/haddocking/powerfit,cryo-em
https://github.com/haddocking/powerfit,gpu
https://github.com/haddocking/powerfit,python
https://github.com/hugoquene/KMS-NL,dutch
https://github.com/hugoquene/KMS-NL,kwantitatieve-methoden
https://github.com/hugoquene/KMS-NL,nederlandstalig
https://github.com/hugoquene/KMS-NL,quantitative-methods
https://github.com/hugoquene/KMS-NL,statistics
https://github.com/hugoquene/KMS-NL,statistics-course
https://github.com/hugoquene/KMS-NL,statistics-learning
https://github.com/hugoquene/KMS-NL,statistiek
https://github.com/hugoquene/KMS-NL,utrecht-university
https://github.com/hugoquene/QMS-EN,quantitative-methods
https://github.com/hugoquene/QMS-EN,statistics
https://github.com/hugoquene/QMS-EN,statistics-course
https://github.com/hugoquene/QMS-EN,statistics-learning
https://github.com/hugoquene/QMS-EN,textbook
https://github.com/hugoquene/QMS-EN,utrecht-university
https://github.com/iv4xr-project/aplib,agentdsl
https://github.com/iv4xr-project/aplib,agents
https://github.com/iv4xr-project/aplib,bdiagency
https://github.com/iv4xr-project/aplib,multiagent
https://github.com/J535D165/cbsodata,census-api
https://github.com/J535D165/cbsodata,census-data
https://github.com/J535D165/cbsodata,data
https://github.com/J535D165/cbsodata,national-statistics
https://github.com/J535D165/cbsodata,netherlands
https://github.com/J535D165/cbsodata,open-data
https://github.com/J535D165/cbsodata,python-library
https://github.com/J535D165/CoronaWatchNL,coronavirus
https://github.com/J535D165/CoronaWatchNL,coronavirus-globaloutbreak
https://github.com/J535D165/CoronaWatchNL,coronavirus-real-time
https://github.com/J535D165/CoronaWatchNL,coronavirus-tracking
https://github.com/J535D165/CoronaWatchNL,covid-19
https://github.com/J535D165/CoronaWatchNL,covid19-data
https://github.com/J535D165/CoronaWatchNL,covid19-dataset
https://github.com/J535D165/CoronaWatchNL,dataset
https://github.com/J535D165/CoronaWatchNL,json-api
https://github.com/J535D165/CoronaWatchNL,netherlands
https://github.com/J535D165/CoronaWatchNL,rivm
https://github.com/J535D165/CoronaWatchNL,utrecht-university
https://github.com/J535D165/data-matching-software,data-matching
https://github.com/J535D165/data-matching-software,deduplication
https://github.com/J535D165/data-matching-software,entity-resolution
https://github.com/J535D165/data-matching-software,fuzzy-matching
https://github.com/J535D165/data-matching-software,record-linkage
https://github.com/J535D165/data-matching-software,software
https://github.com/J535D165/FEBRL-fork-v0.4.2,deduplication
https://github.com/J535D165/FEBRL-fork-v0.4.2,entity-resolution
https://github.com/J535D165/FEBRL-fork-v0.4.2,matching
https://github.com/J535D165/FEBRL-fork-v0.4.2,python-library
https://github.com/J535D165/FEBRL-fork-v0.4.2,record-linkage
https://github.com/J535D165/PublicSectorNL,awesome-list
https://github.com/J535D165/PublicSectorNL,dataset
https://github.com/J535D165/PublicSectorNL,government
https://github.com/J535D165/PublicSectorNL,netherlands
https://github.com/J535D165/PublicSectorNL,open-data
https://github.com/J535D165/PublicSectorNL,open-government
https://github.com/J535D165/PublicSectorNL,open-science
https://github.com/J535D165/PublicSectorNL,open-source
https://github.com/J535D165/PublicSectorNL,open-state
https://github.com/J535D165/PublicSectorNL,public-sector
https://github.com/J535D165/PublicSectorNL,universities
https://github.com/J535D165/recordlinkage,data-matching
https://github.com/J535D165/recordlinkage,dedupe
https://github.com/J535D165/recordlinkage,deduplication
https://github.com/J535D165/recordlinkage,entity-resolution
https://github.com/J535D165/recordlinkage,machine-learning
https://github.com/J535D165/recordlinkage,privacy
https://github.com/J535D165/recordlinkage,python
https://github.com/J535D165/recordlinkage,python-library
https://github.com/J535D165/recordlinkage,record-linkage
https://github.com/J535D165/recordlinkage,similarity
https://github.com/J535D165/recordlinkage,string-distance
https://github.com/J535D165/recordlinkage-annotator,annotation-tool
https://github.com/J535D165/recordlinkage-annotator,data-matching
https://github.com/J535D165/recordlinkage-annotator,deduplication
https://github.com/J535D165/recordlinkage-annotator,entity-resolution
https://github.com/J535D165/recordlinkage-annotator,labeling-tool
https://github.com/J535D165/recordlinkage-annotator,machine-learning
https://github.com/J535D165/recordlinkage-annotator,record-linkage
https://github.com/japhir/2020-02_paleontology,emacs
https://github.com/japhir/2020-02_paleontology,ess
https://github.com/japhir/2020-02_paleontology,org-mode
https://github.com/japhir/2020-02_paleontology,palaeontology
https://github.com/japhir/2020-02_paleontology,paleontology
https://github.com/japhir/2020-02_paleontology,r
https://github.com/japhir/2020-02_paleontology,tidyverse
https://github.com/japhir/ArchConfigs,arch
https://github.com/japhir/ArchConfigs,arch-linux
https://github.com/japhir/ArchConfigs,dotfiles
https://github.com/japhir/ArchConfigs,emacs-configuration
https://github.com/japhir/ArchConfigs,mbsync
https://github.com/japhir/ArchConfigs,mu4e
https://github.com/japhir/ArchConfigs,sway
https://github.com/japhir/ArchConfigs,swaywm
https://github.com/japhir/ArchConfigs,waybar
https://github.com/japhir/corepics,core
https://github.com/japhir/corepics,data-science
https://github.com/japhir/corepics,drill
https://github.com/japhir/corepics,geology
https://github.com/japhir/corepics,ggplot2
https://github.com/japhir/corepics,iodp
https://github.com/japhir/corepics,magick
https://github.com/japhir/corepics,palaeoclimate
https://github.com/japhir/corepics,palaeontology
https://github.com/japhir/corepics,paleoclimate
https://github.com/japhir/corepics,paleontology
https://github.com/japhir/corepics,photo
https://github.com/japhir/corepics,plotting
https://github.com/japhir/corepics,r
https://github.com/japhir/DnDRaces,dice
https://github.com/japhir/DnDRaces,dplyr
https://github.com/japhir/DnDRaces,emacs
https://github.com/japhir/DnDRaces,ggplot2
https://github.com/japhir/DnDRaces,org-mode
https://github.com/japhir/DnDRaces,purrr
https://github.com/japhir/DnDRaces,r
https://github.com/japhir/DnDRaces,simulation
https://github.com/japhir/GeologicTimeScale,geology
https://github.com/japhir/GeologicTimeScale,ggplot2
https://github.com/japhir/GeologicTimeScale,r
https://github.com/japhir/GeologicTimeScale,time
https://github.com/japhir/GeologicTimeScale,timescale
https://github.com/japhir/rpackagesetup,emacs
https://github.com/japhir/rpackagesetup,org-babel
https://github.com/japhir/rpackagesetup,org-mode
https://github.com/japhir/rpackagesetup,package
https://github.com/japhir/rpackagesetup,r
https://github.com/japhir/stratPlot,age
https://github.com/japhir/stratPlot,data-frame
https://github.com/japhir/stratPlot,depth
https://github.com/japhir/stratPlot,drilling
https://github.com/japhir/stratPlot,geology
https://github.com/japhir/stratPlot,oceanography
https://github.com/japhir/stratPlot,palynology
https://github.com/japhir/stratPlot,plotting
https://github.com/japhir/stratPlot,r
https://github.com/japhir/stratPlot,stratigraphy
https://github.com/jbikker/lighthouse2,cuda
https://github.com/jbikker/lighthouse2,cuda-opengl
https://github.com/jbikker/lighthouse2,denoising
https://github.com/jbikker/lighthouse2,game-engine
https://github.com/jbikker/lighthouse2,gamedev
https://github.com/jbikker/lighthouse2,glfw
https://github.com/jbikker/lighthouse2,gltf
https://github.com/jbikker/lighthouse2,gltf-viewer
https://github.com/jbikker/lighthouse2,gpu
https://github.com/jbikker/lighthouse2,opengl
https://github.com/jbikker/lighthouse2,optix
https://github.com/jbikker/lighthouse2,path-tracing
https://github.com/jbikker/lighthouse2,raytracer
https://github.com/jbikker/lighthouse2,real-time
https://github.com/jbikker/lighthouse2,render
https://github.com/jbikker/lighthouse2,rendering
https://github.com/jbikker/lighthouse2,rendering-engine
https://github.com/jbikker/lighthouse2,rendersystem
https://github.com/jbikker/lighthouse2,rtx
https://github.com/jbikker/lighthouse2,svgf
https://github.com/jelletreep/patch-dispersal,dispsersal
https://github.com/jelletreep/patch-dispersal,ecological-models
https://github.com/jelletreep/patch-dispersal,ecology
https://github.com/jelletreep/patch-dispersal,simulation
https://github.com/jelletreep/patch-dispersal,utrecht-university
https://github.com/JeroenDMulder/RI-CLPM,lavaan
https://github.com/JeroenDMulder/RI-CLPM,longitudinal-data
https://github.com/JeroenDMulder/RI-CLPM,mplus
https://github.com/JeroenDMulder/RI-CLPM,panel-data
https://github.com/JeroenDMulder/RI-CLPM,ri-clpm
https://github.com/jhnienhuis/SubsidenceDelft3D,delft3d
https://github.com/jhnienhuis/SubsidenceDelft3D,delta
https://github.com/jhnienhuis/SubsidenceDelft3D,geomorphology
https://github.com/jhnienhuis/SubsidenceDelft3D,matlab
https://github.com/jhnienhuis/SubsidenceDelft3D,river
https://github.com/jkorb/cv,cv
https://github.com/jkorb/KI1V13001-Inleiding-Logica,artifical-intelligence
https://github.com/jkorb/KI1V13001-Inleiding-Logica,course-materials
https://github.com/jkorb/KI1V13001-Inleiding-Logica,education
https://github.com/jkorb/KI1V13001-Inleiding-Logica,latex
https://github.com/jkorb/KI1V13001-Inleiding-Logica,logic
https://github.com/jkorb/KI1V13001-Inleiding-Logica,utrecht-university
https://github.com/jkorb/KI1V14005-Tutoraat-KI-Basis,university-project
https://github.com/jkorb/KI1V14005-Tutoraat-KI-Basis,utrecht-university
https://github.com/jkorb/mypubs,bibliography
https://github.com/joaomcteixeira/dropped_TaurenMD,molecular-dynamics
https://github.com/joaomcteixeira/dropped_TaurenMD,molecular-dynamics-simulation
https://github.com/joaomcteixeira/dropped_TaurenMD,python
https://github.com/joaomcteixeira/dropped_TaurenMD,structural-biology
https://github.com/joaomcteixeira/HyperSimpleDocstring2Md,docstring
https://github.com/joaomcteixeira/HyperSimpleDocstring2Md,docstring-documentation
https://github.com/joaomcteixeira/HyperSimpleDocstring2Md,docstring-markdown
https://github.com/joaomcteixeira/HyperSimpleDocstring2Md,documentation
https://github.com/joaomcteixeira/HyperSimpleDocstring2Md,documentation-generator
https://github.com/joaomcteixeira/HyperSimpleDocstring2Md,markdown
https://github.com/joaomcteixeira/HyperSimpleDocstring2Md,pydoc
https://github.com/joaomcteixeira/HyperSimpleDocstring2Md,python
https://github.com/joaomcteixeira/HyperSimpleDocstring2Md,python3
https://github.com/joaomcteixeira/python-project-skeleton,ci
https://github.com/joaomcteixeira/python-project-skeleton,continuous-integration
https://github.com/joaomcteixeira/python-project-skeleton,project-skeleton
https://github.com/joaomcteixeira/python-project-skeleton,project-structure
https://github.com/joaomcteixeira/python-project-skeleton,python
https://github.com/joaomcteixeira/python-project-skeleton,python-library
https://github.com/joaomcteixeira/python-project-skeleton,python3
https://github.com/joaomcteixeira/python-project-skeleton,readthedocs
https://github.com/joaomcteixeira/Tree-of-Life,installer
https://github.com/joaomcteixeira/Tree-of-Life,multiplatform
https://github.com/joaomcteixeira/Tree-of-Life,python
https://github.com/joaomcteixeira/Tree-of-Life,scientific-software
https://github.com/joaomcteixeira/Tree-of-Life,stand-alone
https://github.com/joaomcteixeira/Tree-of-Life,user-oriented
https://github.com/Jollyfant/bottle-response-api,amplitude
https://github.com/Jollyfant/bottle-response-api,api
https://github.com/Jollyfant/bottle-response-api,bottle
https://github.com/Jollyfant/bottle-response-api,frequency
https://github.com/Jollyfant/bottle-response-api,http
https://github.com/Jollyfant/bottle-response-api,instrument
https://github.com/Jollyfant/bottle-response-api,phase
https://github.com/Jollyfant/bottle-response-api,response
https://github.com/Jollyfant/EIDA-Federator-II,data
https://github.com/Jollyfant/EIDA-Federator-II,dataselect
https://github.com/Jollyfant/EIDA-Federator-II,eida
https://github.com/Jollyfant/EIDA-Federator-II,federation
https://github.com/Jollyfant/EIDA-Federator-II,federator
https://github.com/Jollyfant/EIDA-Federator-II,seismology
https://github.com/Jollyfant/EIDA-Federator-II,station
https://github.com/Jollyfant/EIDA-Federator-II,streaming
https://github.com/Jollyfant/EIDA_MANAGER,eida
https://github.com/Jollyfant/EIDA_MANAGER,fair
https://github.com/Jollyfant/EIDA_MANAGER,management
https://github.com/Jollyfant/EIDA_MANAGER,metadata
https://github.com/Jollyfant/EIDA_MANAGER,network
https://github.com/Jollyfant/EIDA_MANAGER,seismic
https://github.com/Jollyfant/EIDA_MANAGER,stationxml
https://github.com/Jollyfant/EPOS-TURTLE,epos
https://github.com/Jollyfant/EPOS-TURTLE,ics
https://github.com/Jollyfant/EPOS-TURTLE,library
https://github.com/Jollyfant/EPOS-TURTLE,mapping
https://github.com/Jollyfant/EPOS-TURTLE,python
https://github.com/Jollyfant/EPOS-TURTLE,tcs
https://github.com/Jollyfant/Hades,earth
https://github.com/Jollyfant/Hades,knmi
https://github.com/Jollyfant/Hades,mantle
https://github.com/Jollyfant/Hades,mitp08
https://github.com/Jollyfant/Hades,seismic-tomography
https://github.com/Jollyfant/Hades,tomography
https://github.com/Jollyfant/Hades,utrecht-university
https://github.com/Jollyfant/Hades,uup07
https://github.com/Jollyfant/node-seedlink-data-proxy,html5
https://github.com/Jollyfant/node-seedlink-data-proxy,mseed
https://github.com/Jollyfant/node-seedlink-data-proxy,nodejs
https://github.com/Jollyfant/node-seedlink-data-proxy,realtime
https://github.com/Jollyfant/node-seedlink-data-proxy,seedlink
https://github.com/Jollyfant/node-seedlink-data-proxy,seismology
https://github.com/Jollyfant/node-seedlink-data-proxy,waveform
https://github.com/Jollyfant/nodejs-doi-webservice,doi
https://github.com/Jollyfant/nodejs-doi-webservice,eida
https://github.com/Jollyfant/nodejs-doi-webservice,network
https://github.com/Jollyfant/nodejs-doi-webservice,nodejs
https://github.com/Jollyfant/nodejs-doi-webservice,seismology
https://github.com/Jollyfant/nodejs-doi-webservice,webservice
https://github.com/Jollyfant/NodeJS-Federator,dataselect
https://github.com/Jollyfant/NodeJS-Federator,eida
https://github.com/Jollyfant/NodeJS-Federator,fdsn
https://github.com/Jollyfant/NodeJS-Federator,federator
https://github.com/Jollyfant/NodeJS-Federator,nodejs
https://github.com/Jollyfant/NodeJS-Federator,routing
https://github.com/Jollyfant/NodeJS-Federator,station
https://github.com/Jollyfant/NodeJS-Federator,wfcatalog
https://github.com/Jollyfant/NodeJS-RRSM,eida
https://github.com/Jollyfant/NodeJS-RRSM,emsc
https://github.com/Jollyfant/NodeJS-RRSM,nodejs
https://github.com/Jollyfant/NodeJS-RRSM,quakeml
https://github.com/Jollyfant/NodeJS-RRSM,rrsm
https://github.com/Jollyfant/NodeJS-RRSM,webservice
https://github.com/Jollyfant/nodejs-seedlink-latencies-proxy,latency
https://github.com/Jollyfant/nodejs-seedlink-latencies-proxy,nodejs
https://github.com/Jollyfant/nodejs-seedlink-latencies-proxy,seedlink
https://github.com/Jollyfant/nodejs-seedlink-latencies-proxy,seismology
https://github.com/Jollyfant/nodejs-seedlink-latencies-proxy,stations
https://github.com/Jollyfant/PMAG2,2
https://github.com/Jollyfant/PMAG2,analysis
https://github.com/Jollyfant/PMAG2,fisher
https://github.com/Jollyfant/PMAG2,interpretation
https://github.com/Jollyfant/PMAG2,paleomagnetism
https://github.com/Jollyfant/PMAG2,statistics
https://github.com/Jollyfant/PMAG2,zijderveld
https://github.com/konstantinosKokos/aethel,categorial-grammar
https://github.com/konstantinosKokos/aethel,dataset
https://github.com/konstantinosKokos/aethel,dutch
https://github.com/konstantinosKokos/aethel,lambda-calculus
https://github.com/konstantinosKokos/aethel,lassy
https://github.com/konstantinosKokos/aethel,linear-logic
https://github.com/konstantinosKokos/aethel,natural-deduction
https://github.com/konstantinosKokos/aethel,proof-net
https://github.com/konstantinosKokos/aethel,sequent-calculus
https://github.com/konstantinosKokos/aethel,type-logical-grammar
https://github.com/konstantinosKokos/lambda-layer-pytorch,attention
https://github.com/konstantinosKokos/lambda-layer-pytorch,lambda-layer
https://github.com/konstantinosKokos/lambda-layer-pytorch,lambda-networks
https://github.com/konstantinosKokos/lassy-tlg-extraction,categorial-grammar
https://github.com/konstantinosKokos/lassy-tlg-extraction,corpus-processing
https://github.com/konstantinosKokos/lassy-tlg-extraction,dutch
https://github.com/konstantinosKokos/lassy-tlg-extraction,lambda-calculus
https://github.com/konstantinosKokos/lassy-tlg-extraction,lassy
https://github.com/konstantinosKokos/lassy-tlg-extraction,linear-logic
https://github.com/konstantinosKokos/lassy-tlg-extraction,type-logical-grammar
https://github.com/konstantinosKokos/Lassy-TLG-Supertagging,seq2seq
https://github.com/konstantinosKokos/Lassy-TLG-Supertagging,sequence-labeling
https://github.com/konstantinosKokos/Lassy-TLG-Supertagging,tagging
https://github.com/konstantinosKokos/neural-proof-nets,lassy
https://github.com/konstantinosKokos/neural-proof-nets,linear-logic
https://github.com/konstantinosKokos/neural-proof-nets,nlp
https://github.com/konstantinosKokos/neural-proof-nets,parser
https://github.com/konstantinosKokos/neural-proof-nets,proof-net
https://github.com/konstantinosKokos/neural-proof-nets,prover
https://github.com/konstantinosKokos/neural-proof-nets,sinkhorn
https://github.com/konstantinosKokos/neural-proof-nets,type-logical
https://github.com/konstantinosKokos/Transformers,pytorch
https://github.com/konstantinosKokos/Transformers,seq2seq
https://github.com/konstantinosKokos/Transformers,transformer
https://github.com/lauralwd/Azolla_genus_metagenome,azolla
https://github.com/lauralwd/Azolla_genus_metagenome,bioconda
https://github.com/lauralwd/Azolla_genus_metagenome,bioinformatics
https://github.com/lauralwd/Azolla_genus_metagenome,bioinformatics-pipeline
https://github.com/lauralwd/Azolla_genus_metagenome,biological-data-analysis
https://github.com/lauralwd/Azolla_genus_metagenome,conda
https://github.com/lauralwd/Azolla_genus_metagenome,endophytes
https://github.com/lauralwd/Azolla_genus_metagenome,fair-data
https://github.com/lauralwd/Azolla_genus_metagenome,metagenome-assembly
https://github.com/lauralwd/Azolla_genus_metagenome,metagenomes
https://github.com/lauralwd/Azolla_genus_metagenome,metagenomic-pipeline
https://github.com/lauralwd/Azolla_genus_metagenome,metagenomics
https://github.com/lauralwd/Azolla_genus_metagenome,plant
https://github.com/lauralwd/Azolla_genus_metagenome,snakemake
https://github.com/lauralwd/Azolla_genus_metagenome,symbiont
https://github.com/lauralwd/Azolla_genus_metagenome,symbiosis
https://github.com/lauralwd/azolla_MYBs,biology
https://github.com/lauralwd/azolla_MYBs,open-data
https://github.com/lauralwd/azolla_MYBs,open-notebook
https://github.com/lauralwd/azolla_MYBs,open-science
https://github.com/lauralwd/azolla_MYBs,phylogeny
https://github.com/lauralwd/azolla_MYBs,plant-genetic-resources
https://github.com/lauralwd/azolla_MYBs,plant-genomics
https://github.com/lauralwd/azolla_MYBs,protein-evolution
https://github.com/lauralwd/azolla_MYBs,science-research
https://github.com/lauralwd/azolla_MYBs,transcription-factors
https://github.com/lauralwd/LAR_phylogeny_gungor-et-al-2020,biology
https://github.com/lauralwd/LAR_phylogeny_gungor-et-al-2020,open-data
https://github.com/lauralwd/LAR_phylogeny_gungor-et-al-2020,open-notebook
https://github.com/lauralwd/LAR_phylogeny_gungor-et-al-2020,open-science
https://github.com/lauralwd/LAR_phylogeny_gungor-et-al-2020,orthologues
https://github.com/lauralwd/LAR_phylogeny_gungor-et-al-2020,phylogeny
https://github.com/lauralwd/LAR_phylogeny_gungor-et-al-2020,plant-genetic-resources
https://github.com/lauralwd/LAR_phylogeny_gungor-et-al-2020,plant-genomics
https://github.com/lauralwd/LAR_phylogeny_gungor-et-al-2020,protein-evolution
https://github.com/lauralwd/LAR_phylogeny_gungor-et-al-2020,science-research
https://github.com/MarcelRobeer/ContrastiveExplanation,contrastive-explanations
https://github.com/MarcelRobeer/ContrastiveExplanation,explainable-ai
https://github.com/MarcelRobeer/ContrastiveExplanation,foil
https://github.com/MarcelRobeer/ContrastiveExplanation,interpretability
https://github.com/MarcelRobeer/ContrastiveExplanation,machine-learning
https://github.com/MarcelRobeer/ContrastiveExplanation,model-agnostic
https://github.com/MarcelRobeer/VisualNarrator,conceptual-models
https://github.com/MarcelRobeer/VisualNarrator,prolog
https://github.com/MarcelRobeer/VisualNarrator,requirements-engineering
https://github.com/MarcelRobeer/VisualNarrator,requirements-quality-analysis
https://github.com/MarcelRobeer/VisualNarrator,user-story
https://github.com/nanoepics/CETgraph,microscopy
https://github.com/nanoepics/CETgraph,nano
https://github.com/nanoepics/CETgraph,particles
https://github.com/nanoepics/CETgraph,tracking
https://github.com/OceanParcels/parcels,lagrangian-ocean-modelling
https://github.com/OceanParcels/parcels,ocean-circulation-models
https://github.com/OceanParcels/parcels,particles
https://github.com/outfrenk/Dutch_GIC,gic
https://github.com/outfrenk/Dutch_GIC,netherlands
https://github.com/outfrenk/Dutch_GIC,powergrid
https://github.com/patrickfinke/mecs,architectural-patterns
https://github.com/patrickfinke/mecs,ecs
https://github.com/patrickfinke/mecs,ecs-architecture
https://github.com/patrickfinke/mecs,ecs-framework
https://github.com/patrickfinke/mecs,entity-component-system
https://github.com/patrickfinke/mecs,game-development
https://github.com/patrickfinke/mecs,game-programming
https://github.com/patrickfinke/mecs,gamedev
https://github.com/pcraster/paper_2019_physical_data_model,agent-based
https://github.com/pcraster/paper_2019_physical_data_model,data-model
https://github.com/pcraster/paper_2019_physical_data_model,field-based
https://github.com/pcraster/paper_2019_physical_data_model,hdf5
https://github.com/pcraster/paper_2019_physical_data_model,modeling
https://github.com/pcraster/paper_2019_physical_data_model,paper
https://github.com/pcraster/paper_2019_physical_data_model,research
https://github.com/pcraster/paper_2019_physical_data_model,simulation
https://github.com/pcraster/pcraster,cpp
https://github.com/pcraster/pcraster,earth-science
https://github.com/pcraster/pcraster,hydrology
https://github.com/pcraster/pcraster,modflow
https://github.com/pcraster/pcraster,python
https://github.com/pcraster/pcraster,simulation
https://github.com/pcraster/pcraster,spatio-temporal-modeling
https://github.com/pcraster/rasterformat,fileformat
https://github.com/pcraster/rasterformat,pcraster
https://github.com/pcraster/rasterformat,raster
https://github.com/SanliFaez/labphew,automation
https://github.com/SanliFaez/labphew,experiment-design
https://github.com/SanliFaez/labphew,instrumentation
https://github.com/SanliFaez/labphew,laboratory-automation
https://github.com/SanliFaez/labphew,python
https://github.com/SanliFaez/MoreIsDifferent,condensed-matter-physics
https://github.com/SanliFaez/MoreIsDifferent,educational-materials
https://github.com/SanliFaez/MoreIsDifferent,solid-state-physics
https://github.com/sarbabi/AnalyzeHighSchoolData,basemap
https://github.com/sarbabi/AnalyzeHighSchoolData,matplotlib
https://github.com/sarbabi/AnalyzeHighSchoolData,numpy
https://github.com/sarbabi/AnalyzeHighSchoolData,pandas
https://github.com/sarbabi/AnalyzeHighSchoolData,pyplot
https://github.com/sarbabi/AnalyzeHighSchoolData,python
https://github.com/sarbabi/BitBot,binance
https://github.com/sarbabi/BitBot,binance-api
https://github.com/sarbabi/BitBot,bitcoin
https://github.com/sarbabi/BitBot,cryptocurrency
https://github.com/sarbabi/BitBot,telegram-bot-python
https://github.com/sarbabi/BitBot,trader-bot
https://github.com/sarbabi/BitBot,trading-bot
https://github.com/sarbabi/SolveIt,crowdsourcing
https://github.com/sarbabi/SolveIt,d3js
https://github.com/sarbabi/SolveIt,game-development
https://github.com/sarbabi/WebSSM,scala
https://github.com/sarbabi/WebSSM,scalismo
https://github.com/sarbabi/WebSSM,statistical-shape-models
https://github.com/sarbabi/WebSSM,visualization
https://github.com/sarbabi/WebSSM,vtkjs
https://github.com/sodascience/awesome-citizen-science-nl,awesome-list
https://github.com/sodascience/awesome-citizen-science-nl,citizen-science
https://github.com/sodascience/awesome-citizen-science-nl,netherlands
https://github.com/sodascience/awesome-citizen-science-nl,odissei
https://github.com/sodascience/awesome-citizen-science-nl,science-research
https://github.com/sodascience/awesome-citizen-science-nl,utrecht-university
https://github.com/sodascience/osmenrich,geospatial
https://github.com/sodascience/osmenrich,geospatial-data
https://github.com/sodascience/osmenrich,odissei
https://github.com/sodascience/osmenrich,osm
https://github.com/sodascience/osmenrich,sf
https://github.com/sodascience/osmenrich,utrecht-university
https://github.com/sodascience/osmenrich_docker,docker
https://github.com/sodascience/osmenrich_docker,osrm
https://github.com/sodascience/osmenrich_docker,overpass-api
https://github.com/sodascience/osmenrich_docker,soda-science-team
https://github.com/sodascience/osmenrich_docker,utrecht-university
https://github.com/sodascience/presentation-osmenrich-sig,data-science
https://github.com/sodascience/presentation-osmenrich-sig,geospatial
https://github.com/sodascience/presentation-osmenrich-sig,software
https://github.com/stefanoschmidt1995/cppinterp,interpolation
https://github.com/stefanoschmidt1995/cppinterp,linear-interpolation
https://github.com/stefanoschmidt1995/cppinterp,python
https://github.com/stefanoschmidt1995/MLGW,datanalysis
https://github.com/stefanoschmidt1995/MLGW,gravitational-waves
https://github.com/stefanoschmidt1995/MLGW,machine-learning
https://github.com/stefanoschmidt1995/ML_ODE,cosmology
https://github.com/stefanoschmidt1995/ML_ODE,machine-learning
https://github.com/stefanoschmidt1995/ML_ODE,neural-network
https://github.com/stefanoschmidt1995/ML_ODE,ode
https://github.com/stefvanbuuren/190409_utrecht,fcs
https://github.com/stefvanbuuren/190409_utrecht,imputation
https://github.com/stefvanbuuren/190409_utrecht,mice
https://github.com/stefvanbuuren/190409_utrecht,multilevel
https://github.com/stefvanbuuren/AGD,anthropometry
https://github.com/stefvanbuuren/AGD,cdc
https://github.com/stefvanbuuren/AGD,dutch
https://github.com/stefvanbuuren/AGD,growth
https://github.com/stefvanbuuren/AGD,growth-charts
https://github.com/stefvanbuuren/AGD,lms
https://github.com/stefvanbuuren/AGD,who
https://github.com/stefvanbuuren/AGD,z-score
https://github.com/stefvanbuuren/bdsschema,bds
https://github.com/stefvanbuuren/bdsschema,james-server
https://github.com/stefvanbuuren/fimd,bookdown
https://github.com/stefvanbuuren/fimdbook,bookdown
https://github.com/stefvanbuuren/fimdbook,mice
https://github.com/stefvanbuuren/fimdbook,missing-data
https://github.com/stefvanbuuren/fimdbook,multiple-imputation
https://github.com/stefvanbuuren/minihealth,anthropometry
https://github.com/stefvanbuuren/minihealth,growth-curves
https://github.com/stefvanbuuren/minihealth,growth-standards
https://github.com/stefvanbuuren/minihealth,james-server
https://github.com/UiL-OTS-labs/babylab-admin,codeigniter
https://github.com/UiL-OTS-labs/babylab-admin,php
https://github.com/UiL-OTS-labs/django-shared-core,django
https://github.com/UiL-OTS-labs/django-shared-core,python
https://github.com/UiL-OTS-labs/ethics,django
https://github.com/UtrechtRiversEstuaries/riverbifurcation1D,bifurcation
https://github.com/UtrechtRiversEstuaries/riverbifurcation1D,earth-surf
https://github.com/UtrechtRiversEstuaries/riverbifurcation1D,river-bifurcations
https://github.com/UtrechtUniversity/awesome-utrecht-university,awesome-list
https://github.com/UtrechtUniversity/awesome-utrecht-university,documentation
https://github.com/UtrechtUniversity/awesome-utrecht-university,open-data
https://github.com/UtrechtUniversity/awesome-utrecht-university,open-science
https://github.com/UtrechtUniversity/awesome-utrecht-university,research
https://github.com/UtrechtUniversity/awesome-utrecht-university,university
https://github.com/UtrechtUniversity/awesome-utrecht-university,utrecht-university
https://github.com/UtrechtUniversity/best-practices,documentation
https://github.com/UtrechtUniversity/best-practices,git
https://github.com/UtrechtUniversity/best-practices,research
https://github.com/UtrechtUniversity/best-practices,utrecht-university
https://github.com/UtrechtUniversity/dataprivacyhandbook,gdpr
https://github.com/UtrechtUniversity/dataprivacyhandbook,open-science
https://github.com/UtrechtUniversity/dataprivacyhandbook,privacy
https://github.com/UtrechtUniversity/dataprivacyhandbook,rdm
https://github.com/UtrechtUniversity/dataprivacyhandbook,research
https://github.com/UtrechtUniversity/dataprivacyhandbook,research-data-management
https://github.com/UtrechtUniversity/dataprivacyproject,data
https://github.com/UtrechtUniversity/dataprivacyproject,gdpr
https://github.com/UtrechtUniversity/dataprivacyproject,open-science
https://github.com/UtrechtUniversity/dataprivacyproject,privacy
https://github.com/UtrechtUniversity/dataprivacyproject,rdm
https://github.com/UtrechtUniversity/dataprivacyproject,research
https://github.com/UtrechtUniversity/dataprivacyproject,research-data-management
https://github.com/UtrechtUniversity/davrods,davrods
https://github.com/UtrechtUniversity/davrods,irods
https://github.com/UtrechtUniversity/davrods,webdav
https://github.com/UtrechtUniversity/davrods,yoda
https://github.com/UtrechtUniversity/dokuwiki-ansible,ansible
https://github.com/UtrechtUniversity/dokuwiki-ansible,dokuwiki
https://github.com/UtrechtUniversity/epos-msl,ansible
https://github.com/UtrechtUniversity/epos-msl,apache2
https://github.com/UtrechtUniversity/epos-msl,ckan
https://github.com/UtrechtUniversity/epos-msl,epos
https://github.com/UtrechtUniversity/epos-msl,postgresql
https://github.com/UtrechtUniversity/epos-msl,redis
https://github.com/UtrechtUniversity/epos-msl,solr
https://github.com/UtrechtUniversity/epos-msl-theme,ckan
https://github.com/UtrechtUniversity/epos-msl-theme,epos
https://github.com/UtrechtUniversity/epos-msl-theme,theme
https://github.com/UtrechtUniversity/getOldTweets-Airflow,airflow
https://github.com/UtrechtUniversity/getOldTweets-Airflow,getoldtweets
https://github.com/UtrechtUniversity/getOldTweets-Airflow,historical-data
https://github.com/UtrechtUniversity/getOldTweets-Airflow,tweepy
https://github.com/UtrechtUniversity/getOldTweets-Airflow,twitter
https://github.com/UtrechtUniversity/getOldTweets-Airflow,twitter-search
https://github.com/UtrechtUniversity/getOldTweets-Airflow,utrecht-university
https://github.com/UtrechtUniversity/getting-started,documentation
https://github.com/UtrechtUniversity/getting-started,getting-started
https://github.com/UtrechtUniversity/getting-started,github
https://github.com/UtrechtUniversity/getting-started,utrecht-university
https://github.com/UtrechtUniversity/icat-database-checker,irods
https://github.com/UtrechtUniversity/ii,irods
https://github.com/UtrechtUniversity/ii,irods-client
https://github.com/UtrechtUniversity/ilab-catalog,ansible
https://github.com/UtrechtUniversity/ilab-catalog,apache2
https://github.com/UtrechtUniversity/ilab-catalog,ckan
https://github.com/UtrechtUniversity/ilab-catalog,postgresql
https://github.com/UtrechtUniversity/ilab-catalog,redis
https://github.com/UtrechtUniversity/ilab-catalog,solr
https://github.com/UtrechtUniversity/ilab-catalog-theme,ckan
https://github.com/UtrechtUniversity/ilab-catalog-theme,theme
https://github.com/UtrechtUniversity/irods-consistency-check,checksum
https://github.com/UtrechtUniversity/irods-consistency-check,irods
https://github.com/UtrechtUniversity/irods-offline-install,irods
https://github.com/UtrechtUniversity/irods-ruleset-research,irods
https://github.com/UtrechtUniversity/irods-ruleset-research,yoda
https://github.com/UtrechtUniversity/irods-ruleset-uu,irods
https://github.com/UtrechtUniversity/irods-ruleset-uu,python
https://github.com/UtrechtUniversity/irods-ruleset-uu,yoda
https://github.com/UtrechtUniversity/irods-sudo-microservices,irods
https://github.com/UtrechtUniversity/irods-sudo-microservices,microservices
https://github.com/UtrechtUniversity/irods-sudo-microservices,policies
https://github.com/UtrechtUniversity/irods-sudo-microservices,yoda
https://github.com/UtrechtUniversity/irods-uu-microservices,irods
https://github.com/UtrechtUniversity/irods-uu-microservices,yoda
https://github.com/UtrechtUniversity/iswitch,icommands
https://github.com/UtrechtUniversity/iswitch,irods
https://github.com/UtrechtUniversity/microbiome,cli
https://github.com/UtrechtUniversity/microbiome,typer
https://github.com/UtrechtUniversity/microbiome,utrecht-university
https://github.com/UtrechtUniversity/Qualtrics-Peer-Reports,assessment
https://github.com/UtrechtUniversity/Qualtrics-Peer-Reports,nominations
https://github.com/UtrechtUniversity/Qualtrics-Peer-Reports,peer
https://github.com/UtrechtUniversity/Qualtrics-Peer-Reports,peers
https://github.com/UtrechtUniversity/Qualtrics-Peer-Reports,qualtrics
https://github.com/UtrechtUniversity/R-data-cafe,meetup
https://github.com/UtrechtUniversity/R-data-cafe,programming
https://github.com/UtrechtUniversity/R-data-cafe,r-code
https://github.com/UtrechtUniversity/R-data-cafe,utrecht-university
https://github.com/UtrechtUniversity/remindo-api,api-wrapper
https://github.com/UtrechtUniversity/remindo-api,digital-test
https://github.com/UtrechtUniversity/remindo-api,remindo
https://github.com/UtrechtUniversity/remindo-api,utrecht-university
https://github.com/UtrechtUniversity/researchcloud-items,ansible-role
https://github.com/UtrechtUniversity/researchcloud-items,research-cloud
https://github.com/UtrechtUniversity/SCCA,correspondence-analysis
https://github.com/UtrechtUniversity/SCCA,spectral-clustering
https://github.com/UtrechtUniversity/SCCA,utrecht-university
https://github.com/UtrechtUniversity/uu-jekyll-theme,jekyll
https://github.com/UtrechtUniversity/uucls,latex
https://github.com/UtrechtUniversity/uucls,latex-class
https://github.com/UtrechtUniversity/uucls,utrecht-university
https://github.com/UtrechtUniversity/uupeeps,utrecht-university
https://github.com/UtrechtUniversity/vagrant-irods,irods
https://github.com/UtrechtUniversity/vagrant-irods,vagrant
https://github.com/UtrechtUniversity/yoda,ansible
https://github.com/UtrechtUniversity/yoda,automated-deployment
https://github.com/UtrechtUniversity/yoda,data
https://github.com/UtrechtUniversity/yoda,irods
https://github.com/UtrechtUniversity/yoda,research
https://github.com/UtrechtUniversity/yoda,yoda
https://github.com/UtrechtUniversity/yoda-clienttools,yoda
https://github.com/UtrechtUniversity/yoda-external-user-service,php
https://github.com/UtrechtUniversity/yoda-external-user-service,yoda
https://github.com/UtrechtUniversity/yoda-portal,flask
https://github.com/UtrechtUniversity/yoda-portal,irods
https://github.com/UtrechtUniversity/yoda-portal,python
https://github.com/UtrechtUniversity/yoda-portal,yoda
https://github.com/UtrechtUniversity/yoda-portal-datarequest,codeigniter
https://github.com/UtrechtUniversity/yoda-portal-datarequest,php
https://github.com/UtrechtUniversity/yoda-portal-datarequest,yoda
https://github.com/UtrechtUniversity/yoda-portal-group-manager,codeigniter
https://github.com/UtrechtUniversity/yoda-portal-group-manager,php
https://github.com/UtrechtUniversity/yoda-portal-group-manager,yoda
https://github.com/UtrechtUniversity/yoda-portal-intake,codeigniter
https://github.com/UtrechtUniversity/yoda-portal-intake,php
https://github.com/UtrechtUniversity/yoda-portal-intake,yoda
https://github.com/UtrechtUniversity/yoda-portal-research,codeigniter
https://github.com/UtrechtUniversity/yoda-portal-research,php
https://github.com/UtrechtUniversity/yoda-portal-research,yoda
https://github.com/UtrechtUniversity/yoda-portal-statistics,codeigniter
https://github.com/UtrechtUniversity/yoda-portal-statistics,php
https://github.com/UtrechtUniversity/yoda-portal-statistics,yoda
https://github.com/UtrechtUniversity/yoda-portal-vault,codeigniter
https://github.com/UtrechtUniversity/yoda-portal-vault,php
https://github.com/UtrechtUniversity/yoda-portal-vault,yoda
https://github.com/UtrechtUniversity/yoda-zabbix,yoda
https://github.com/UtrechtUniversity/yoda-zabbix,zabbix
https://github.com/UtrechtUniversity/yoda-zabbix,zabbix-agentd
https://github.com/UUDigitalHumanitieslab/cfh-lectures,wordpress-child-theme
https://github.com/UUDigitalHumanitieslab/perfectextractor,extraction
https://github.com/UUDigitalHumanitieslab/perfectextractor,parallel-corpus
https://github.com/UUDigitalHumanitieslab/perfectextractor,xpath
https://github.com/UUDigitalHumanitieslab/texcavator,django
https://github.com/UUDigitalHumanitieslab/texcavator,dojo
https://github.com/UUDigitalHumanitieslab/texcavator,elasticsearch
https://github.com/UUDigitalHumanitieslab/texcavator,python
https://github.com/UUDigitalHumanitieslab/theaterdramaturgiebank,php
https://github.com/UUDigitalHumanitieslab/theaterdramaturgiebank,wordpress-child-theme
https://github.com/UUDigitalHumanitieslab/timealign,annotation
https://github.com/UUDigitalHumanitieslab/timealign,django-application
https://github.com/UUDigitalHumanitieslab/timealign,parallel-corpus
https://github.com/UUDigitalHumanitieslab/timealign,visualization
https://github.com/vankesteren/blog,blog
https://github.com/vankesteren/blog,r
https://github.com/vankesteren/blog,statistics
https://github.com/vankesteren/blog,website
https://github.com/vankesteren/streetcompare,gis
https://github.com/vankesteren/streetcompare,mapping
https://github.com/vankesteren/streetcompare,rstats
https://github.com/vankesteren/streetcompare,spatial
https://github.com/vankesteren/tensorsem,computation-graph
https://github.com/vankesteren/tensorsem,lavaan
https://github.com/vankesteren/tensorsem,sem
https://github.com/vankesteren/tensorsem,torch
https://github.com/vitality-data-center/environmental_factors,environment-variables
https://github.com/vmenger/deduce,deidentification
https://github.com/vmenger/deduce,dutch
https://github.com/vmenger/deduce,dutch-clinical-nlp
https://github.com/vmenger/deduce,information-extraction
https://github.com/vmenger/deduce,nlp
https://github.com/vmenger/deduce,python
https://github.com/vmenger/deduce,python-library
https://github.com/vmenger/deduce,text-mining
https://github.com/vmenger/deduce,text-processing
https://github.com/vmenger/psynlp,dutch-clinical-nlp
https://github.com/vmenger/violence-risk-assessment,dutch-clinical-nlp
